Pantheon,Name,Title,Function,Territory,Sex,Character,Interests,Symbolism,Color,Values,Status,Mother,Father,Lover,Children,Name-Greek,Name-Greek
caddo,aba bayu (evening star),god,sky goddess and bringer of night,caddo nation,female,sky deity,"evening star, night, comfort",celestial symbols,black,"night, comfort",,,,,,,
choctaw,ababinili,spirit,ghost,choctaw nation,other,spirit,spirituality,ghost,,ghost,,,,,,,
sami,aba-jievju,spirit,water spirit,sami lands,other,mysterious and fluid,"water, lakes",water symbol,blue,"fluidity, mystery",,,,,spirits of water,,
gnostic,abatur,spirit,higher spiritual being,gnostic,other,spiritual being,"guidance, influence","light, spiritual energy",white,"spiritual guidance, wisdom",,,,,,,
arab,abraham,human,"patriarch, prophet","mesopotamia, canaan",other,"wise, faithful","monotheism, covenant",covenant with god,,"faith, obedience",married,amathlai,terach,sarah,"ishmael, isaac",,
sumerian,abzu,god,primordial freshwater ocean deity,mesopotamia,other,watery abyss,"freshwater, primordial chaos","water, sea life",blue,"primordial waters, life, chaos",,,,,various primordial beings,,
aymara,achkokiri,god,goddess of water and sea,lake titicaca,female,aquatic goddess,"water, sea, life","waves, water elements",blue,"life, water",,,,,,,
sumerian,adad,god,storm god,sumer,male,god,"storms, rain",lightning,,storm god,,,,,,,
inuit,adlivun,god,underworld goddess,arctic regions,female,mysterious and enigmatic,"underworld, spirits",cave entrance,"black, purple","mystery, spirit communication",,,,,spirits of the underworld,,
berber,admayo,god,god of trade and commerce,markets,male,shrewd and businesslike,"trade, commerce",scales,green,"prosperity, fair trade, wealth",,,,,various trade and prosperity deities,,
ligurian,aeglé,god,nymph of the ligurian sea,ligurian sea,female,graceful and oceanic,ligurian sea,sea waves,blue,"seas, oceans, grace",,oceanus,tethys,,,,
scottish/irish,aengus,god,god of love and youth,ireland,male,romantic and youthful,"love, youth","swans, harp","white, gold","love, youth",,the dagda,boann,,,,
sicilian,aetna,god,goddess of mount etna,sicily,female,fiery and volcanic,"mount etna, volcanic activity","volcano, fire",red,"transformation, power",,,,,,,
tuareg,agadez,anthropomorphism,sacred city and spiritual center,desert,other,holy and sacred,"spiritual pilgrimage, trade",mosque,varied,"spiritual center, pilgrimage",,,,,,,
sao,aganju,god,"god of volcanoes, fire, and transformation",earth,male,fiery and transformative,"volcanoes, fire, transformation",volcano,red and orange,"transformation, creative destruction",,orunmila,olokun,,various volcanic and transformative deities,,
berber,agharas,god,god of craftsmanship and artisans,workshops,male,skilled and creative,"craftsmanship, artisans",hammer,brown,"skill, creativity, craftsmanship",,,,,various craft and artisan deities,,
cherokee,aguguq (raven mocker),spirit,malevolent spirit and stealer of souls,cherokee nation,other,malevolent spirit,"death, soul stealing","raven, death symbols",black,"caution, fear of death",,,,,,,
inuit,aguguqutsi,god,sun god,inuit regions,male,deity,sun,sun,,sun god,,,,,,,
vodou,agwe,god,god of the sea and navigation,"haiti, new orleans",male,"sea god, protector of sailors","sea, navigation, wealth","ship, anchor, blue cloth","blue, white","sea, navigation, prosperity",married,bondye,erzulie freda,la sirene,"many, including ghede",,
maya,ah puch,god,god of death,mesoamerica,male,death-bringer and macabre,"death, underworld","skull, crossbones",black,"death, underworld",,,,,,,
sami,ahkio,spirit,spirit of the wilderness,sami lands,other,elusive and wild,"wilderness, untamed","trees, animals","green, brown","wilderness, freedom",,,,,spirits of the wilderness,,
finnish,ahti,god,god of water,finland,male,god,"water, fishing","fish, waves",blue,god of water,,ahtola,,,,,
persian,ahura mazda,god,"supreme god, creator of the universe",persia,male,wise and benevolent,"creation, wisdom, truth",winged sun disk,gold,"wisdom, truth, creation",,,,,amesha spentas,,
zoroastrian,ahura mazda,god,supreme god,-,male,deity,"truth, order",-,-,"truth, order",-,-,-,-,various deities,,
scottish/irish,aillen,anthropomorphism,fire-breathing fae who attacks tara,tara (ireland),other,destructive and cunning,"fire, destruction","fire, flames","red, black","fire, destruction",,,,,,,
scottish/irish,aine,god,"goddess of love, summer, and sovereignty",ireland,female,radiant and sovereign,"love, summer","sun, horse","gold, green","love, summer",,egobail,,,,,
sardinian,aiora,god,goddess of winds,sardinia,female,gentle and unpredictable,"winds, change",wind,blue,"change, adaptability",,,,,,,
scottish/irish,airmid,god,goddess of healing and herbcraft,ireland,female,healing and herbalism,"healing, herbcraft","herbs, healing tools",green,"healing, herbcraft",,dian cecht,,,,,
yoruba,aja,spirit,orisha,yoruba region,other,orisha,"forest, animals",antelope,green,"nature, life",,,,,,,
yoruba,ajalamo,spirit,spirit,yoruba region,other,spirit,thunderstorms,thunderbolt,,power,,,,,,,
siberian,ajysyt,god,goddess of birth and rebirth,siberia,female,compassionate and renewing,"birth, renewal","lotus, crescent moon",silver,"rebirth, compassion",,,,,"many, including yar umai",,
siberian,ak ana,god,"white mother, goddess of fertility",siberia,female,maternal and protective,"fertility, motherhood",white swan,white,"fertility, maternity",,num-torum,num-torum,,"many, including yar umai",,
berber,akal,god,goddess of sustenance and nourishment,agriculture,female,nurturing and abundant,"agriculture, nourishment",sheaf of wheat,green,"abundance, sustenance, fertility",,,,,various agricultural deities,,
egyptian,akhenaten,human,pharaoh,egypt,other,historical,monotheism,sun disk,gold,monotheism,married,tiye,amenhotep iii,nefertiti,akhenaten jr.,,
inuit,akna,god,goddess of fertility and motherhood,arctic regions,female,maternal and protective,"fertility, motherhood",child in arms,"white, blue","motherhood, nurturing",,,,,"many, including child spirits",,
sara,akuna,spirit,"hawk spirit, messenger of the spirits",sara homeland,other,swift and observant,"communication, vision",hawk,brown,"communication, foresight",,,,,,,
inuit,akycha,spirit,spirit of thunder and lightning,arctic regions,other,powerful and electrifying,"thunder, lightning",thunderbolt,"blue, white","power, illumination",,,,,,,
igbo,ala,god,goddess of the earth,earth,female,nurturing and protective,"earth, fertility","sheaf of wheat, plough","green, brown","fertility, abundance",,,,,,,
arab,allah,god,supreme deity,cosmic,other,creator of the universe,"creation, sustenance, judgment, mercy",divine light,gold,"compassion, justice",,,,,,,
arab,al-lat,god,goddess of fertility,arabian peninsula,female,motherly and fertile,"fertility, motherhood, protection",sphere,red,"fertility, nurturing",,,,,,,
arab,al-qaum,god,god of mountains and hills,arabian peninsula,male,strong and steadfast,"mountains, hills, strength",mountain peaks,brown,"strength, stability",,,,,,,
arab,al-uzza,god,goddess of love and beauty,arabian peninsula,female,protective and beautiful,"love, beauty, protection",stylized weapon,white,"love, beauty, courage",,,,,,,
igbo,amadioha,god,god of thunder and lightning,sky,male,thunderous and fierce,"thunder, lightning","double-headed axe, thunderbolt","red, white","power, justice",,,,,,,
berber,amanikabar,god,god of time and destiny,universe,male,wise and farsighted,"time, destiny",hourglass,silver,"fate, destiny, cyclical time",,,,,various cosmic beings,,
inuit,amarok,god,god of wolves and the hunt,arctic regions,male,cunning and agile,"wolves, hunting",wolf,"grey, brown","hunting skills, cooperation",,,,,"many, including wolf spirits",,
japanese,amaterasu,god,"sun goddess, ruler of the heavens",japan,female,radiant and benevolent,"sunlight, leadership","sun disk, mirror",gold,"light, leadership",,izanagi,izanami,,"many, including hoderi",,
shinto,amaterasu,god,"sun goddess, associated with light and fertility",japan,female,deity,"sun, light, fertility","sun disk, mirror",red,"light, fertility",-,izanagi,izanagi,-,"many, including hoderi",,
shinto,ame-no-minakanushi,god,primordial deity in japanese mythology,japan,other,cosmic origin,"origin, unity, divine essence",,,"cosmic unity, divine essence, creation",,,,,various deities,,
tuareg,amghar,spirit,spiritual leader and wise elder,desert,other,wise and guiding,spiritual leadership,turban,blue and white,"wisdom, guidance",,,,,,,
arab,amir,god,god of leadership,arabian peninsula,male,wise and authoritative,"leadership, wisdom",crown,gold,"leadership, wisdom",,,,,,,
berber,amun,god,supreme god and creator of the universe,universe,male,wise and omnipotent,"creation, order",solar disk,gold,"creation, order, divine justice",,,,,various cosmic beings,,
tuareg,amunet,god,fertility goddess,desert,female,fertile and nurturing,"fertility, femininity",female figurine,green and brown,"fertility, femininity, nurturing",,,,,,,
sumerian,an,god,"sky father, supreme deity",sumer,other,"creator, wise","creation, wisdom","horned crown, heaven",sky blue,"creation, wisdom, justice",,antum,,,"enlil, enki, inanna",,
armenian,anahit,god,goddess of wisdom,armenian regions,female,goddess,"wisdom, war","dove, sword",red,"wisdom, war",,,,,,,
persian,anahita,god,"goddess of water, fertility, and wisdom",persia,female,nurturing and wise,"water, fertility, wisdom","water, dove",silver,"fertility, wisdom, love",,daevas,ahura mazda,,,,
zoroastrian,anahita,god,goddess of water,-,female,deity,"water, fertility, healing",-,-,"water, fertility, healing",-,-,-,-,various deities,,
caribbean,anansi,spirit,trickster and spider spirit,various caribbean isles,other,"trickster, storyteller","stories, trickery, wisdom","spider, web",black,"wisdom, cunning",,,,,,,
akan ,anansi,god,"trickster god, associated with wisdom and storytelling",west africa,male,deity,"wisdom, storytelling",spider,-,"wisdom, cleverness",-,-,-,-,various deities,,
phoenician,anat,god,goddess of war and hunting,sky,female,warrior and hunter,"war, hunting","spear, bow","red, brown","war, hunting",,,,,"many, including baal",,
canaanite,anat,god,goddess of war,-,female,deity,"war, hunting, fertility",spear,-,"war, hunting, fertility",-,"el, asherah",-,baal,various deities,,
ugaritic,anath,god,goddess of war,ugaritic regions,female,goddess,"war, love","spear, shield",red,"war, love",,,,,,,
persian,angra mainyu,god,"god of darkness, evil, and destruction",persia,male,destructive and chaotic,"darkness, destruction",serpent,black,"chaos, destruction",,,,,,,
scottish/irish,angus og,god,"god of love and youth, son of the dagda",ireland,male,youthful and romantic,"love, youth","harp, birds","white, gold","love, youth",,the dagda,boann,,,,
inuit,anguta,god,god of death,inuit regions,male,god,"death, underworld",bone,,"death, underworld",,,,,,,
tupinambá,anhã,god,moon goddess and protector of the hunt,tupinambá region,female,lunar deity,"moon, night, hunting","crescent moon, hunting symbols",silver,"hunting skills, night protection",,,,,,,
tupinambá,anhangá,spirit,evil spirit and bringer of nightmares,tupinambá region,other,malevolent spirit,"nightmares, fear, malevolence","dark, ominous symbols","black, red","fear, caution",,,,,,,
inuit,aningan,god,moon god,inuit regions,male,god,moon,moon,white,moon,,,,,,,
breton,ankou,spirit,death spirit,brittany,other,death spirit,"death, guiding souls","scythe, skeletal icons",black,guiding souls,,,,,,,
sumerian,anshar,god,sky,sumer,other,god,sky,,,sky,,,,,,,
assyrian,antum,god,goddess of creation,assyria,female,goddess of creation,"creation, motherhood",spindle,earth tone,"creation, motherhood",,lahmu,lahamu,,"many, including enlil",,
assyrian,anu,god,god of the sky,assyria,male,sky god,"sky, heaven, divine authority",celestial bull,sky blue,divine authority,,lahmu,lahamu,,"many, including enlil",,
mesopotamian,anu,god,god of the sky,mesopotamia,male,sky father,"sky, kingship",horned crown,sky blue,"kingship, divine order",,,,,"enlil, enki, ninhursag, ninurta, nanna",,
sumerian,anu,god,king of the gods,sky,male,deity,sky,-,-,associated with the sky,-,anshar,kishar,-,various deities,,
egyptian,anubis,god,god of mummification,duat (underworld),male,judge of the dead,"magic and healing,","spear, harp","gold, black","magic, healing",married,hathor,ra,"the dagda, boann,","many, including bodb derg, aengus",,
polynesian,ao,god,personification of daylight,sky,other,radiant and illuminating,"daylight, clarity",sun disc,yellow,"enlightenment, clarity",,,,,various daylight-related beings,,
guaraní,ao ao,god,serpent deity of waters and aquatic life,guaraní region,other,serpent spirit,"waters, aquatic life, guardian",serpent symbols,blue,"river protection, aquatic harmony",,,,,,,
inuit,apanuugak,god,god of the moon,arctic regions,male,mysterious and illuminating,moon,crescent moon,silver,"mystery, illumination",,,,,"many, including moon spirits",,
greek,aphrodite,god,"love, beauty",mount olympus,other,"alluring, romantic","love, beauty",scallop shell,pink,"love, beauty",married,,,"hephaestus, ares","eros, phobos, deimos, harmonia",,
greek,apollo,god,god of music and prophecy,olympus,male,musical and prophetic,music and prophecy,"lyre, laurel wreath","gold, silver, green","art, music, prophecy",married,leto,zeus,"daphne, kyrene","orpheus, aristaeus",,
roman,apollo,god,god of the sun and arts,rome,male,radiant and artistic,"sun, arts",lyre,gold,"sun, arts",married,jupiter,latona,daphne,"asclepius, orpheus",,
shawnee,apush,spirit,old man,shawnee nation,male,spirit,wisdom,old man,,wisdom,,,,,,,
germanic,arafel,spirit,spirit of the air,germanic,other,spirit of the air,"air, atmosphere",,,"air, atmosphere",,,,,,,
hindu,ardhanarishvara,god,"composite deity, half male and half female",india,other,androgynous deity,"unity, balance, dual nature","half-male, half-female",varied,"balance, unity, dual nature",,shiva,shakti,,various deities,,
persian,ardvahista,god,goddess of justice and righteousness,persia,female,just and righteous,"justice, righteousness",scales,blue,"justice, righteousness",,,,,,,
zoroastrian,aredvi sura anahita,god,variation of anahita,-,other,deity,"fertility, water, wisdom",-,-,"fertility, water, wisdom",-,-,-,-,various deities,,
greek,ares,god,"war, violence",mount olympus,other,"aggressive, impulsive","war, violence",spear,red,"courage, strength",married,,hera,aphrodite,"eros, phobos, deimos, harmonia",,
inuit,arnakuagsak,god,goddess of the sun and daylight,arctic regions,female,bright and radiant,"sun, daylight",sun disk,yellow,"light, warmth",,,,,"many, including daylight spirits",,
greek,artemis,god,"goddess of the hunt, goddess of wilderness, hunting and childbirth",olympus,female,"independent and fierce,","hunting and wilderness,","bow, quiver, deer, moon","silver, gold, white,","independence, nature,",married,leto,zeus,"orion, adonis","many, including eileithyia,",,
achuar,arutam,spirit,protective spirit and ancestral guide,amazon rainforest,other,protective spirit,"protection, ancestral guidance",various symbols,various,"protection, ancestral connection",,,,,,,
sumerian,asalluhi,god,healing,sumer,other,god,healing,,,healing,,,,,,,
akan,asase yaa,god,goddess of the earth,earth,female,nurturing and abundant,"earth, fertility","sheaf of wheat, plough","green, brown","fertility, abundance",,,,,,,
greek,asclepius,god,god of medicine and healing,epidaurus,male,compassionate and skilled,"healing, medicine",rod of asclepius,white,"healing, medicine, wellness",married,apollo,coronis,epione,"hygeia, panacea",,
persian,asha,god,goddess of truth and righteousness,persian,female,truth goddess,"truth, righteousness",,white,"truth, righteousness",,anahita,ahura mazda,,,,
zoroastrian,asha vahishta,anthropomorphism,personification of truth and order,-,other,deity,"truth, order",-,-,"truth, order",-,-,-,-,various deities,,
canaanite,asherah,god,mother goddess,-,female,deity,"fertility, life",tree of life,-,fertility and life,-,-,-,-,various deities,,
berber,ashiye,god,goddess of poetry and eloquence,poetry,female,poetic and articulate,"poetry, eloquence",quill,purple,"artistic expression, inspiration",,,,,various poetic and artistic deities,,
assyrian,ashur,god,"chief god, national deity",assyria,male,supreme ruler,"empire, warfare, protection",winged sun disk,"blue, gold","empire, protection",,lahmu,lahamu,,various deities,,
assyrian,ashur-nasir-pal ii,human,king of assyria,assyria,other,warrior king,"expansion, military conquests","winged disc, royal insignia","blue, gold","military success, leadership",,sammuramat,tukulti-ninurta i,,shalmaneser iii,,
phoenician,astarte,god,goddess of love and war,sky,female,passionate and warlike,"love, war","star, dove","red, white","passion, war",,"el, asherah",,,"many, including eshmun",,
canaanite,astarte,god,goddess of love,-,female,deity,"love, sexuality, war",star,-,"love, sexuality, war",-,"el, asherah",-,-,various deities,,
armenian,astghik,god,goddess of love,armenian regions,female,goddess,"love, beauty","star, flower",,"love, beauty",,,,,,,
spanish,ataecina,god,goddess of the underworld,hispania,female,mysterious and deathly,"underworld, death","torch, black dog","black, grey","underworld, death",,,,,,,
persian,atar,god,god of fire,persian,male,fire god,"fire, purification","fire, altar",red,"purification, sacred fire",,anahita,ahura mazda,,,,
zoroastrian,atar (atarash),god,god of fire,-,male,deity,"fire, purification, sacred rituals",fire,-,"fire, purification, sacred rituals",-,-,-,-,various deities,,
arab,atarsamain,god,god of the morning star,pre-islamic arabia,male,morning star and guide,"morning star, guidance",morning star symbol,yellow,"guidance, illumination",,,,,,,
egyptian,aten,god,solar disk deity,egypt,other,deity,sun,solar disk,gold,"light, life",,nut,geb,,"shu, tefnut",,
greek,athena,god,goddess of wisdom,mount olympus,female,wise and strategic,wisdom and warfare,"owl, olive tree","olive green, gray","wisdom, strategy",,metis,zeus,,,,
canaanite,athirat (ashratum),god,mother goddess,-,female,deity,consort of el,-,-,consort of el,-,-,el,-,various deities,,
roman,aurora,god,goddess of dawn,italy,female,radiant and renewing,"dawn, renewal",sunrise,pink and gold,"renewal, new beginnings",,,,,,,
buddhist,avalokiteshvara,god,bodhisattva of compassion and mercy,,other,compassionate and merciful,"compassion, mercy","lotus flower, jewel",white,"compassion, mercy",,,,,,,
arab,awal,god,god of time,south arabia,male,timekeeper and wise,"time, wisdom",hourglass,blue,"time, wisdom",,,,,,,
turkish,ay ata,god,moon god,turkish regions,male,mysterious and tranquil,"moon, night","moon, night",silver,mystery,married,,,gök tanrı,gün ana,,
vodou,ayida wedo,god,rainbow serpent loa,"haiti, new orleans",other,rainbow serpent,"rainbows, fertility","rainbow, white cloth",white,"fertility, blessings",married,bondye,damballah wedo,damballah wedo,,,
algonquin,azeban,spirit,trickster,algonquin regions,other,spirit,trickery,raccoon,,trickery,,,,,,,
arab,aziz,god,god of strength and honor,south arabia,male,mighty and honorable,"strength, honor",sword,red,"strength, honor",,,,,,,
jewish,azrael,spirit,angel of death,heaven,other,guide of souls,"death, comfort, transition",black robes,black,"comfort, transition",,,,,,,
vietnamese,bà chúa xứ,god,local tutelary deity,specific locations,other,protective and local,"local area, protection","altar, offerings",varies,local protection,,,,,,,
phoenician,baal,god,god of storms and fertility,sky,male,stormy and fertile,"storms, fertility","thunderbolt, bull","blue, brown","power, fertility",,,,,"many, including anat",,
canaanite,baal,god,storm god,-,male,deity,"storm, rain, fertility",thunderbolt,-,rain and fertility,-,"el, asherah",-,anat,various deities,,
spanish,baal hammon,god,god of fertility and weather,carthage,male,fertile and stormy,"fertility, weather","bull, thunderbolt","red, gold","fertility, weather",,elissa (dido),el (cronus),,,,
canaanite,ba'alat gebal,god,goddess of byblos,byblos,female,deity,protection,-,-,protection,-,-,-,-,-,,
yoruba,babalu,god,god of healing,yoruba lands,male,"healer, merciful","healing, mercy",medicinal herbs,yellow,"healing, mercy",,yemoja,olorun,,,,
yoruba,babalu aye,god,god of health,yoruba region,male,god,"health, disease",crutches,yellow,health,,yemoja,orunmila,,,,
egyptian,babi,god,"baboon deity, associated with virility",egypt,other,baboon deity,"virility, fertility, strength",baboon,brown,"virility, fertility, strength",,,,,various offspring,,
roman,bacchus,god,god of wine and revelry,rome,male,joyful and festive,"wine, revelry",grape cluster,purple,"wine, celebration",married,jupiter,semele,ariadne,,,
muisca,bachué,god,earth goddess and mother of humanity,altiplano cundiboyacense,female,maternal earth deity,"fertility, humanity","fertile earth, cornucopia","green, brown","fertility, maternity",,,bochica,,humans,,
korean,baekho,anthropomorphism,"white tiger, guardian of the west",west,other,powerful and courageous,"protection, courage",tiger stripes,white,"protection, courage",,,,,,,
chinese,bai ze,anthropomorphism,"mythical creature, guide to strange beings",earth,other,knowledgeable and informative,"strange beings, mythology",lion-like creature,yellow,"knowledge, mythology",,,,,,,
aboriginal,baiame,god,"sky father, creator of humanity","sky, earth",male,wise and creator,"creation, guidance","sun, sky",blue,"creation, guidance, wisdom",married,,,birrahlee,"daramulum, daramulum's wife",,
aboriginal,baiame's daughters,spirit,"various daughters of baiame, associated with celestial bodies",sky,other,varied,varied,celestial bodies,various,varied,,,baiame,,various celestial beings,,
aboriginal,baiame's sons,spirit,"various sons of baiame, associated with stars",sky,other,varied,varied,stars,various,varied,,,baiame,,various celestial beings,,
aboriginal,baiame's wives,spirit,"various wives of baiame, associated with celestial bodies",sky,other,varied,varied,celestial bodies,various,varied,,,baiame,,various celestial beings,,
aboriginal,baiya,anthropomorphism,moon and protector of women,sky,other,protective and nurturing,women's well-being,moon,white,"protection, fertility",,,,,"various, including human women",,
norse,baldr,god,god of light and purity,asgard,male,pure and radiant,"light, purity","sun, white flowers","white, gold","light, purity",married,frigg,odin,nanna,forseti,,
scottish/irish,balor,god,fomorian king with a destructive eye,ireland,other,monstrous and destructive,"destruction, evil eye","evil eye, club",not specified,"destruction, evil eye",married,,,cethlenn,"ethlinn, bres, cian",,
spanish,bandua,god,god of war and trade,gallaecia,male,warlike and commercial,"war, trade","spear, merchandise","red, gold","war, trade",,,,,,,
egyptian,banebdjedet,god,"ram god, associated with fertility",egypt,male,ram deity,"fertility, potency, virility","ram, fertility tools",varied,"fertility, virility, potency",,hathor,,,harpocrates (son),,
caribbean,baron samedi,god,loa of the dead,haiti,other,lord of the dead,"death, ancestors, spirits","top hat, crossed bones",black,"death, ancestral connection",married,maman brigitte,baron (possible),maman brigitte,ghede (possible),,
indonesian,barong,spirit,"protector spirit, symbol of goodness",bali,other,benevolent and powerful,"goodness, protection","lion head, sacred mask",white,"goodness, protection",,,,,,,
egyptian,bastet,god,goddess of home and protection,egypt,female,protective and graceful,"home, protection",lioness,green,"home, protection, joy",,isis,ra,,,,
indonesian,batara guru,god,"supreme god, ruler of the universe","sky, universe",male,wise and supreme,"creation, rulership","crown, universe",multicolored,"wisdom, order",,,,,,,
sami,beaivi,god,sun goddess,sami lands,female,bright and warm,"sun, light",sun disk,"yellow, red","light, warmth",,,,,"many, including daylight spirits",,
albanian,begu,spirit,spirit,albanian regions,other,spirit,"ancestry, guardian",ancestor symbols,,"ancestry, guardian",,,,,,,
sumerian,bel,god,lord,sumer,other,god,lord,,,lord,,,,,,,
spanish,belenus,god,sun god,celtiberia,male,radiant and life-giving,"sun, life","sun, wheel","gold, yellow","sun, life",,,,,,,
sumerian,belet-ili,god,fertility,sumer,other,goddess,fertility,,,fertility,,,,,,,
slavic,belobog,god,god of light,slavic regions,male,god,"light, goodness","sun, light",white,goodness,,,,,,,
shinto,benzaiten,god,"goddess of wisdom, art, and literature",,female,wise and artistic,"wisdom, art, literature","biwa (lute), serpent","white, red","wisdom, artistic expression",,,,,"many, including ugajin",,
indonesian,bhatara kala,god,god of time and transformation,cosmic realm,male,transformative and eternal,"time, change","clock, time symbols",black,"transformation, eternal",,,,,,,
akan,bia,god,god of war and aggression,,male,aggressive and fearless,"war, aggression","sword, shield","red, black","strength, courage",,,,,,,
sami,bieggolmai,god,god of the hunt,sami lands,male,skilled and resourceful,hunting,"reindeer, bow and arrow","brown, green","hunting skills, nature",,,,,"many, including animal spirits",,
mongolian,black old man,god,god of earth and agriculture,earth,male,nurturing and fertile,"earth, agriculture","black soil, plough",black,"fertility, agriculture",,gazar eej,,,,,
muisca,bochica,god,creator god and giver of wisdom,altiplano cundiboyacense,male,wise creator,"wisdom, agriculture, justice","beard, staff, wise appearance","white, gold","wisdom, justice",,,,,,,
muisca,bochica's companions,god,deities,muisca confederation,other,deities,"nature, guardianship",nature symbols,,"nature, guardianship",,,,,,,
kayapo,bodo,god,sky god,kayapo territories,male,god,"sky, weather","sky, clouds",blue,"sky, weather",,,,,,,
amazonian tribes,boiúna,god,serpent deity of rivers and waters,amazon rainforest,other,serpent spirit,"rivers, waters, guardian","serpent, water symbols",green,"river protection, natural balance",,,,,,,
albanian,bolla,god,serpent or dragon-like,albania,other,protective and vengeful,"water, rain, agriculture","serpent, water",blue,"fertility, protection",,,,,,,
bontok,bolongon,spirit,guardian spirit,bontok region,other,spirit,"nature, guardian",guardian symbols,,"nature, guardian",,,,,,,
vodou,bondye,god,"supreme deity, creator of the universe","haiti, new orleans",other,"supreme creator, distant","creation, divine providence",,white,divine providence,,,,,loa (vodou spirits),,
ligurian,bormanus,god,god of hot springs,liguria,male,healing and soothing,hot springs,hot spring,blue,"healing, purification",,,,,,,
ligurian,bormus,god,god of the north wind,liguria,male,brisk and refreshing,north wind,wind symbol,white,"refreshing breeze, air movement",,,,,,,
turkish,bozkırın yeli,god,wind of the steppe,turkish regions,other,gentle and free-spirited,"wind, breeze","wind, breeze",green,"freedom, nature",,,,,,,
norse,bragi,god,god of poetry and music,asgard,male,artistic and wise,"poetry, music",harp,yellow,"art, wisdom",,gunnlod,,,,,
hindu,brahma,god,creator god,cosmic realm,male,creative and nurturing,"creation and inspiration,","ankh, djed pillar,","gold, black","creativity, nurturing",married,saraswati,brahma,"saraswati, lakshmi","many, including manu, daksha",,
celtic,brigid,god,goddess of poetry healing and smithcraft,"magical realm, europe",female,poetic and nurturing,nature and fertility,"antlers, torc, flame, anvil","gold, green","nature, fertility, poetry, healing, creativity",married,boann,dagda,danu,"many, including the tuatha dé danann",,
scottish/irish,brigit,god,"goddess of poetry, healing, and smithcraft",ireland,female,creative and nurturing,"poetry, healing, smithcraft","flame, anvil","green, red","poetry, healing, smithcraft",,danu,the dagda,,"ruadan, bres, ogma",,
buddhist,buddha,god,enlightened teacher,earth,other,wise teacher,"enlightenment, compassion","bodhi tree, dharma wheel",gold,"wisdom, compassion",,queen maya,king suddhodana,,rahula,,
aboriginal,bunjil,anthropomorphism,"eaglehawk creator being, associated with sky",sky,other,wise and protective,"sky, protection","eaglehawk, sky",various,"wisdom, protection",,,,,various sky-related beings,,
mongolian,burkhan garal,god,god of mountains and the hunt,mountains,male,strong and hunter,"mountains, hunting","mountain peaks, bow",brown,"strength, hunting",,earth,sky,,,,
scottish/irish,cailleach,god,goddess of winter and sovereignty,ireland,female,winter and sovereignty,"winter, land","staff, winter gear","blue, grey","winter, sovereignty",,,,,,,
vietnamese,cao lỗ,god,god of the hearth and domestic fire,hearth,male,nurturing and protective,"hearth, domestic fire",ancestral symbols,red,"home, protection",,,,,,,
ligurian,cebenna,god,goddess of mountains,liguria,female,mighty and protective,mountains,mountain peaks,brown,"mountains, protection",,,,,,,
toltec,centeotl,god,god of maize,mesoamerica,male,maize god,"maize, agriculture",maize symbols,yellow,"maize, agriculture",,,,,,,
roman,ceres,god,goddess of agriculture,rome,female,nurturing and abundant,"agriculture, harvest",sheaf of wheat,green,"agriculture, harvest",,saturn,ops,,proserpina,,
celtic,cernunnos,god,horned god,magical realm,male,wild and free,wilderness and animals,"bull horn, star","gold, brown","wilderness, animals",married,"danu,",cernunnos,anu,"enlil, ninurta",,
maya,chaac,god,god of rain,mesoamerica,male,rain-bringer and fierce,"rain, agriculture","serpent, water lily",blue,"rain, agriculture",,,,,,,
toltec,chalchiuhtlicue,god,goddess of water,mesoamerica,female,goddess of streams,"water, streams, aquatic life","jade skirt, water symbols",blue,"water, streams",,coatlicue,mixcoatl,,"tlaloc, huitzilopochtli",,
aztec,chalchiuhtlicue,god,goddess of water and rivers,aztec,female,water goddess,"water, fertility","jade, fish",blue,"water, fertility",,coatlicue,mixcoatl,,"tlaloc, huitzilopochtli",,
chinese,chang'e,god,moon goddess,moon,female,graceful and lonely,"moon, elegance","moon, rabbit",silver,"grace, loneliness",,,,,,,
navajo,changing woman,god,goddess of fertility and life,navajo nation,female,fertility goddess,"fertility, life, changing seasons","corn, matrilineal symbols","yellow, green","fertility, life",,,,,twins (monster slayer and born-for-water),,
yoruba,chango,god,"god of thunder, dance, and fire",yoruba lands,male,"dynamic, energetic","thunder, dance","double-headed axe, fire","red, white","energy, passion",married,yemoja,olorun,oshun,"oya, ogun",,
greek,chaos,god,primordial deity representing the void,greece,other,formless essence,"void, formlessness, primordial chaos",formless abyss,black,"formlessness, origin, unbounded potential",,,,,various primordial beings,,
greek,charon,god,ferryman of the underworld,greek underworld,male,deity,"transporter of souls, psychopomp","boat, oar",,transporter of souls,,,,,,,
korean,cheonjiwang,god,king of the heavens,sky,other,majestic and wise,"rulership, order",heavenly throne,blue,"rulership, order",,,,,,,
slavic,chernobog,god,god of darkness,slavic regions,male,god,"darkness, evil",black,black,darkness,,,,,,,
chinese,chi you,god,god of war and victory,earth,male,courageous and skilled in battle,"war, victory","halberd, metal armor",red,"courage, victory",,,,,,,
muisca,chibchacum,god,creator god,muisca confederation,male,god,"creation, agriculture","mountains, fields",,"creation, agriculture",,,,,,,
ainu,chikap kamuy,god,land god,ainu regions,male,god,"land, nature","land, trees",,"land, nature",,,,,,,
muisca,chiminigagua,god,creator of the universe,altiplano cundiboyacense,other,cosmic creator,"universe, stars, creation",celestial symbols,cosmic,"cosmic harmony, creation",,,,,,,
korean,chungryeol,anthropomorphism,"azure dragon, guardian of the east",east,other,majestic and benevolent,"protection, fortune",dragon scales,blue,"protection, fortune",,,,,,,
ainu,cikap-kamuy,god,god of owls and the land,ainu,male,deity,"oversee the behavior of humans and kamuy, deity of material success","great owl, dipper bird","gold, silver",god of owls and the land,,,,,,,
scottish/irish,cliodhna,god,queen of the banshees and goddess of love,ireland,female,mysterious and loving,"love, death","banshee, waves","red, white","love, death",,the dagda,,,,,
aztec,coatlicue,god,mother of gods,mesoamerica,male,mother of gods,"creation, destruction, fertility","serpent skirt, skulls",brown,"creation, destruction, fertility",married,,mixcoatl (father),mixcoatl,huitzilopochtli,,
zapotec,cocijo,god,god of rain,mesoamerica,male,rain-bringer and lightning,"rain, agriculture, lightning",lightning bolt,blue,"rain, lightning",,,,,,,
native american,coyote,spirit,"trickster figure, shape-shifter",various,other,"trickster, shapeshifter","trickery, adaptability",shapeshifting abilities,varied,"trickery, adaptability, change",,sky spirit,earth spirit,,various creatures,,
scottish/irish,cu chulainn,human,heroic warrior and hound of ulster,ireland,other,fierce and loyal,"heroism, loyalty","spear, hound","red, gold","heroism, loyalty",married,deichtine,lugh,emer,,,
etruscan,culsu,god,"goddess of the underworld, chthonic deity",etruria,female,enigmatic and powerful,"underworld, death",scepter,black,"underworld, mystery, power",,,,,,,
berber,dadas,god,goddess of dance and celebration,festivals,female,joyful and energetic,"dance, celebration",tambourine,multi-color,"joy, celebration, communal spirit",,,,,various festive and dance deities,,
berber,dadda,god,god of mountains and rugged terrain,mountains,male,stoic and majestic,"mountains, rugged terrain",mountain peak,brown,"strength, endurance, stability",,,,,various mountain and terrain deities,,
zoroastrian,daena (dīn),spirit,divine vision or conscience,-,other,deity,"divine vision, afterlife judgment",-,-,afterlife judgment,-,-,-,-,various deities,,
scottish/irish,dagda,god,"all-father, god of life and death",tara (ireland),male,fatherly and wise,"life, death","cauldron, club","green, brown","life, death",married,danu,elatha,boann,"aengus, brigit, and others",,
phoenician,dagon,god,god of fertility and agriculture,earth,male,fertile and abundant,"fertility, agriculture","grain, plough","green, brown","fertility, abundance",,,,,"many, including baal",,
canaanite,dagon,god,god of agriculture,-,male,deity,"agriculture, grain, fertility",fish,-,"agriculture, fertility",-,-,-,-,various deities,,
shinto,daikokuten,god,"god of agriculture, commerce, and prosperity",japan,male,wealthy and generous,"agriculture, prosperity","hammer, bag of rice","red, black","prosperity, generosity",,,,,"many, including daikokuten",,
fijian,dakuwaqa,god,shark god,oceans,male,powerful and fearsome,"sharks, ocean, protection","shark, fish motifs",blue,"protection, fearlessness",,,,,"many, including sea creatures",,
vodou,damballah wedo,god,"serpent loa, guardian of waters","haiti, new orleans",other,serpent deity,"water, rain, fertility","serpent, white cloth","white, blue","fertility, rain, transformation",married,bondye,ayida wedo,ayida wedo,,,
sumerian,damkina,god,mother,sumer,other,goddess,mother,,,mother,,,,,,,
korean,dangun,human,"legendary founder of gojoseon, korea's first kingdom",korea,other,founder and wise,"foundation, leadership","tiger, bear","red, white","leadership, foundation",,hwanin (sky god),hwanung (sky god),,,,
celtic,danu,god,mother goddess,magical realm,female,"motherly,",poetry and arts,brigids cross,"green, brown","poetry, arts",married,danu,dagda,"the dagda, boann","many, including cernunnos, brigid,",,
aboriginal,daramulum,spirit,"morning star, son of baiame","sky, earth",other,youthful and radiant,"light, vitality",morning star,yellow,"vitality, hope",,,baiame,,,,
aboriginal,daramulum's wife,spirit,"companion of daramulum, associated with pleiades",sky,other,companion and protective,celestial connection,stars,various,"celestial connection, protection",married,,,daramulum,,,
slavic,dazhbog,god,god of sun and light,sky,male,radiant and warm,"sun, light","sun disk, radiant symbols","gold, yellow","radiance, warmth",,slavic,slavic,,"many, including myesyats",,
fijian,degei,god,supreme creator and sky god,"sky, vunidilo",male,wise and powerful,"creation, sky, serpents","serpents, sky motifs",blue,"creation, wisdom",,,,,"many, including spirits of creation",,
greek,demeter,god,goddess of agriculture and harvest,mount olympus,female,nurturing and fertile,"agriculture, harvest",sheaf of wheat,green,"agriculture, fertility, harvest",,cronus,rhea,,persephone,,
turkish,deniz ana,god,sea goddess,turkish regions,female,fluid and ever-changing,"sea, water","sea, water",blue,fluidity,,,,,,,
canaanite,derceto (atargatis),god,goddess of fertility,-,female,deity,"fertility, water, marine life",fish,-,"fertility, water, marine life",-,-,-,-,-,,
indonesian,dewi sri,god,rice and fertility goddess,"earth, agriculture",female,nurturing and abundant,"rice, fertility","rice, grain",green,"fertility, abundance",,,,,,,
yazidi,dezalik,spirit,yazidi cosmic principle,yazidi,other,cosmic principle,"cosmic harmony, existence",cosmic symbols,,"cosmic harmony, existence",,,,,,,
balkan,dhampir,anthropomorphism,hybrid,balkan regions,other,folklore,"survival, mystery",vampire slayer,varies,"survival, mystery",,,,,,,
arab,dhat-badan,god,goddess of the luminous body,pre-islamic arabia,female,radiant and illuminating,"light, radiance, illumination",luminous disk,white,"enlightenment, guidance",,,,,,,
balkan,dhia,god,water nymph,balkan regions,female,nymph,"water, nature",water elements,blue,"water, nature",,,,,,,
chinese,di jun,god,god of earth and agriculture,earth,male,fertile and benevolent,"agriculture, fertility","plough, ox",brown,"fertility, agriculture",,,,,,,
roman,diana,god,goddess of the hunt and moon,rome,female,independent and huntress,"hunting, moon",bow and arrow,silver,"hunting, independence",married,jupiter,latona,endymion,,,
maradona,diego maradona,human,football legend,argentina,other,"skillful, charismatic","football, victory","football, number 10",blue,"excellence, victory",married,dalma,diego,claudia,"dalma, gianinna",,
baltic,dievas,god,supreme god in baltic mythology,cosmic,male,wise and all-powerful,"creation, cosmic order","solar wheel, oak tree","gold, white","wisdom, creation",,,,,"many, including nature spirits",,
greek,dionysus,god,"god of wine, pleasure, and theater",mount olympus,male,joyful and liberating,"wine, pleasure, theater","grapevine, thyrsus",purple,"celebration, ecstasy, artistic expression",married,zeus,semele,ariadne,,,
navajo,diyin diné,spirit,holy people and spiritual forces,navajo nation,other,divine beings,"nature, harmony with the sacred","nature symbols, sacred icons",various,"harmony with the sacred, nature",,,,,,,
navajo,diyin dine'é,human,holy people,navajo nation,other,"immune to danger, destruction, and death","spirituality, people with supernatural powers","sacred mountains, corn",,holy people,,,,,,,
gnostic,dmuth,god,gnostic deity,gnostic,other,gnostic deity,spiritual influence,,,spiritual influence,,,,,,,
korean,dokkaebi,anthropomorphism,"goblin, supernatural being","earth, forest",other,mischievous and supernatural,"pranks, supernatural powers","horns, club",green,"mischievousness, supernatural power",,,,,,,
slavic,domovoi,spirit,household spirit and protector,hearth,other,protective and mischief,"home, family, mischief","small, bearded figure",brown,"home, family, mischief",,,,,,,
chinese,donghua dijun,god,"emperor of the east, keeper of the register of life",heaven,other,wise and keeper of life records,"life, judgment","register, dragon",blue,"wisdom, record-keeping",,,,,,,
caribbean,douen,spirit,child spirits in the forest,trinidad and tobago,other,child spirits,"forests, children, mischief",childlike figures,white,"childlike innocence, mischief",,,,,,,
albanian,drangue,god,dragon-like beings,albania,other,powerful and mysterious,"sky, fire, protection",dragon scales,red,"power, guardianship",,,,,,,
karajá,dugó,god,god of the waters and aquatic life,karajá region,male,aquatic deity,"rivers, waters, aquatic life",water symbols,blue,"aquatic life, river protection",,,,,,,
sumerian,dumuzid,god,god of shepherds and vegetation,sumer,male,"shepherd, fertile","shepherding, fertility","ram, vegetation",green,"fertility, abundance",married,ninhursag,enki,inanna,,,
sumerian,dumuzid (tammuz),god,"god of shepherds, fertility",-,male,deity,"shepherds, fertility",-,-,fertility,-,ningishzida,enki,inanna,various deities,,
hindu,durga,god,warrior goddess,various,female,fierce protector,"strength, courage, victory","lion, spear, trishula",red,"strength, courage, protection",married,aditi,,shiva,"skanda, ganesha",,
caribbean,duvali,spirit,spirit of carnival and celebration,trinidad and tobago,other,carnival spirit,"festivity, celebration, joy","carnival masks, instruments",various,"celebration, joy, cultural expression",,,,,,,
assyrian,ea,god,god of wisdom and fresh water,assyria,male,god of wisdom,"wisdom, fresh water, magic","serpent, goat-fish",blue,"wisdom, magic",,lahmu,lahamu,,"marduk, dumuzi",,
tlingit,eagle,spirit,sky spirit and symbol of prestige,tlingit nation,other,sky spirit,"sky, prestige, leadership",eagle symbols,"brown, white","leadership, prestige",,,,,,,
shinto,ebisu,god,god of fishing and prosperity,japan,male,jovial and prosperous,"fishing, prosperity","fishing rod, sea bream",red,"prosperity, good fortune",,izanagi,izanami,,"many, including daikokuten",,
spanish,egeria,god,nymph of springs and water,iberian peninsula,female,nurturing and watery,"springs, water","water basin, aqueduct","blue, green","springs, water",married,,,numa pompilius,,,
greek,eileithyia,god,goddess of childbirth,mount olympus,female,compassionate and supportive,childbirth,birthing stool,white,"childbirth, motherhood",,hera,zeus,,,,
norse,eir,god,goddess of healing,asgard,female,compassionate and healing,healing,healing tools,"green, white","healing, compassion",,not mentioned,not mentioned,,,,
maya,ek chuah,god,god of merchants,mesoamerica,male,prosperous and commercial,"merchants, cocoa","merchant tools, cocoa bean","red, brown","merchants, prosperity",,,,,,,
phoenician,el,god,supreme deity,sky,other,supreme deity,"creation, life","sun, moon, bull","gold, silver","creation, life, fertility",,,,,various deities,,
spanish,elbora,god,goddess of the duero river,celtiberia,female,flowing and nurturing,"river, nurturing","river, cornucopia","blue, green","river, nurturing",,,,,,,
yoruba,eleggua,god,god of crossroads and choices,yoruba lands,male,"trickster, gatekeeper",crossroads,"keys, dog","red, black","choices, opportunities",,yemoja,olorun,,,,
sumerian,ellil,god,wind,sumer,other,god,wind,,,wind,,,,,,,
jewish,elohim,god,god (plural form),heaven,male,creator and judge,"creation, judgment, wisdom",heavenly cloud,blue,"wisdom, authority",,,,,,,
scottish/irish,emer,human,wife of cu chulainn,ireland,other,wise and loyal,"wisdom, loyalty",not specified,"green, gold","wisdom, loyalty",married,forgall monach,,cu chulainn,"connla, ciaran, and others",,
sumerian,enbilulu,god,god of canals and ditches,sumer,male,"canal god, water","canals, water",irrigation tools,"blue, green","irrigation, water management",,ninhursag,enki,,,,
spanish,endovelicus,god,protector god of the city of segóbriga,segóbriga (spain),male,guardian and protective,"city, protection","city walls, spear","brown, silver","city, protection",,,,,,,
maasai,engai narok,god,sun god,maasai regions,male,god,"sun, heat","sun, heat",yellow,"sun, heat",,,,,,,
maasai,enkai,god,creator god,maasai regions,male,god,creation,"mountain, sky",blue,creation,,,,,,,
maasai,enkai naaye,god,god of cattle,maasai regions,male,god,"cattle, wealth","cattle, horns",brown,"cattle, wealth",,,,,,,
maasai,enkai nanyokie,god,rain goddess,maasai regions,female,goddess,"rain, fertility","rain, fertility",blue,"rain, fertility",,,,,,,
sumerian,enki,god,"god of water, wisdom, and magic",sumer,male,"wise, cunning","wisdom, magic","goat, streams, magic",black,"wisdom, creativity, magic",,nammu,an,,"marduk, ninsar, ninkurra",,
sumerian,enkimdu,god,farmer,sumer,other,god,agriculture,,,farmer,,,,,,,
mesopotamian,enlil,god,god of air and storms,sky,male,stormy and wise,storms and weather,"horned crown, storm symbol","stormy colors,","storms, weather",married,ninlil,enlil,ninlil,ninurta,,
assyrian,enlil,god,"chief deity, god of air and storms",assyria,male,supreme deity,"air, storms, creation","horned crown, storm",blue,"leadership, order, creation",married,an,anu,antum,"many, including ninurta",,
sumerian,enlil,god,"god of wind, storms, agriculture",sumer,male,"storm god, commanding","storms, command","horned crown, storms",blue,"command, leadership, justice",married,nammu,an,ninlil,"ninurta, nanna, inanna, utu",,
capitalist,entrepreneur,human,patron of business and innovation,global,other,innovative leader,"business, innovation, profit","gear, currency",green,"innovation, profit, entrepreneurship",,,,,enterprises,,
hopi,eototo,god,flute player,hopi mesas,other,deity,music,flute,,flute player,,,,,,,
spanish,epona,god,goddess of horses and fertility,celtiberia,female,protective and equestrian,"horses, fertility","horse, cornucopia","white, gold","horses, fertility",,,,,,,
mesopotamian,ereshkigal,god,queen of the underworld,sumerian regions,other,goddess,underworld,"casket, owl",black,underworld,,nammu,anu,,,,
sumerian,ereshkigal,god,goddess of the underworld,-,female,deity,underworld,-,-,underworld,-,anu,enlil,nergal,various deities,,
sao,erin,god,goddess of love and beauty,cosmos,female,loving and beautiful,"love, beauty",rose,pink,"love, beauty, emotional well-being",,olokun,oshun,,various love and beauty deities,,
sao,erinje,god,"deities associated with warfare, bravery, and protection",earth,other,brave and protective,"warfare, bravery, protection",battleaxe,varied,"bravery, protection, martial prowess",,ogun,oya,,various war and protection deities,,
sao,erinle,god,god of healing and medicinal plants,forests,male,healing and nurturing,"medicinal plants, health",medicinal plants,green,"healing, health, medicinal knowledge",,osun,ogun,,various healing and medicinal deities,,
chinese,erlang shen,god,deity of war and magic,"heaven, earth",other,skilled warrior and magician,"war, magic","wolf, third eye",blue,"bravery, magical arts",,yang jian (father),mother,,,,
siberian,erlik,god,"god of the underworld, death, and misfortune",siberia,male,cunning and malevolent,"death, misfortune","snake, skull",black,"transformation, challenges",,,,,"many, including evil spirits",,
mongolian,erlik,god,god of the underworld,mongolian regions,male,god,underworld,skull,black,underworld,,,,,,,
mongolian,erlik khan,god,god of death and the underworld,underworld,male,mischievous and malevolent,"death, underworld","serpent, skull",black,"death, transformation",,,tengri,,,,
vodou,erzulie freda,god,goddess of love and beauty,"haiti, new orleans",female,"goddess of love, beauty","love, beauty, luxury","hearts, flowers, jewelry","pink, blue","love, beauty, luxury",married,bondye,,ogou,"many, including ghede",,
cheyenne,esevonevetse'e,spirit,spirit,cheyenne nation,other,spirit,nature,,,spirit,,,,,,,
phoenician,eshmun,god,god of healing and fertility,earth,male,healing and fertile,"healing, fertility","rod of asclepius, pomegranate","green, gold","healing, fertility",,,,,,,
yoruba,eshu,god,god of communication,yoruba lands,male,"trickster, messenger",crossroads,"palm frond, double-bladed knife","red, black","communication, choices",,yemoja,olorun,,,,
navajo,estsanatlehi,god,changing woman,navajo nation,female,deity,"creation, fertility","corn, earth",,fertility,,,,,,,
sao,esu,god,"god of trickery, communication, and crossroads",crossroads,male,trickster and communicative,"trickery, communication",crossroads,black,"communication, trickery, balance",,olodumare,,,various trickster and communication deities,,
maasai,esuaki,god,moon goddess,maasai regions,female,goddess,moon,"moon, night",silver,moon,,,,,,,
vodou,ezili dantor,god,"mother of children, protector of women","haiti, new orleans",other,"protective mother, warrior","motherhood, women's rights","black madonna, sword","red, blue","motherhood, feminism",married,bondye,,baron samedi,"many, including ghede",,
tahitian,fa'ahotu,god,goddess of fire and volcanoes,volcanoes,female,passionate and destructive,"fire, volcanoes","lava, flames",red,"transformation, destruction",,,,,various volcanic beings,,
tahitian,fa'ahu,god,god of wild and uncultivated food,wilderness,male,wild and untamed,wild foods,wild plants,various,appreciation of wilderness,,,,,various wilderness beings,,
scottish/irish,fand,spirit,fairy queen and lover of manannan mac lir,ireland,male,enchanting and capricious,"love, enchantment","sea, pearls","blue, silver","love, enchantment",married,,,manannan mac lir,,,
tahitian,fatu-ti'i,god,god of fertility and procreation,fertility,male,fertile and generative,"fertility, procreation",fertility symbols,various,"fertility, generative power",,,,,various fertility beings,,
roman,fauna,god,goddess of fertility and women,italy,female,fertile and protective,"fertility, women",horn of plenty,green,"fertility, protection",,,,,,,
roman,faunus,god,god of nature and forests,italy,male,wild and nature-loving,"nature, forests",panpipes,green,"nature, wilderness",,,,,,,
scottish/irish,fionn mac cumhaill,human,heroic leader and warrior,ireland,other,heroic and wise,"heroism, wisdom","spear, hound","green, red","heroism, wisdom",married,cumhaill,,sadb,"oisin, oscar, and others",,
norse,forseti,god,god of justice and mediation,asgard,male,just and peaceful,"justice, mediation","throne, law tablet","white, gold","justice, peace",,baldr,,,,,
roman,fortuna,god,goddess of luck and fortune,rome,female,fickle and fortune-bringing,"luck, fortune",cornucopia,yellow,"luck, fortune, chance",,jupiter,,,various deities,,
zoroastrian,fravashi,spirit,guardian spirits of individuals,-,other,deity,protection,wings,-,protection,-,-,-,-,various deities,,
norse ,freya,god,"goddess of love, beauty, and fertility",northern europe,female,deity,"love, beauty, fertility","cats, falcon",gold,"love, beauty, fertility",-,njord,-,various deities,various deities,,
norse,freyja,god,goddess of love and fertility,asgard,female,loving and passionate,love and fertility,"falcon, amber","amber, gold","love, fertility",married,nerthus,njord,"odin, óðr","many, including hnoss, gersemi,",,
norse,freyr,god,god of prosperity and fertility,asgard,male,generous and prosperous,"prosperity, fertility","boar, ship","green, gold","prosperity, fertility",married,njord,,skadi,,,
norse,frigg,god,goddess of marriage and motherhood,asgard,female,caring and maternal,"marriage, motherhood","distaff, spinning wheel","blue, white","marriage, motherhood",,fjorgyn,odin,,"baldr, höðr, víðarr",,
chinese,fu xi,god,creator of humanity,earth,male,wise and creative,"creation, wisdom","serpent, scales",multicolored,"wisdom, creation",,,,,,,
etruscan,fufluns,god,god of wine and vegetation,etruria,male,joyful and abundant,"wine, vegetation",grapes,green,"joy, abundance",,uni,tinia,,,,
shinto,fujin,god,god of wind,japan,male,dynamic and swift,"wind, air","bag of wind, wind fan",blue,"swiftness, change",,,,,"many, including raijin",,
baltic,gabija,god,goddess of the hearth and home,earth,female,nurturing and protective,"hearth, home","fire, hearth","red, brown","home, protection",,baltic,baltic,,,,
jewish,gabriel,spirit,archangel of revelation,heaven,other,messenger and herald,"communication, revelation, guidance","trumpet, wings",white,"communication, truth",,,,,,,
korean,gae bulg,anthropomorphism,magical spear of the hero cu chulainn,earth,other,powerful and legendary,"combat, heroism",magical spear,,"heroism, combat",,,,,,,
navajo,gahn,spirit,spirit,navajo nation,other,spirit,nature,,,spirit,,,,,,,
hellenic,gaia,god,earth goddess,greek,female,earth goddess,"earth, fertility","earth, fruits",green,"fertility, connection",,,,,"uranus, pontus, erebus, nyx",,
navajo,ga'nah,spirit,spirit,navajo nation,other,spirit,nature,,,spirit,,,,,,,
hindu,ganesha,god,"god of wisdom and new beginnings, remover of obstacles, prosperity, wisdom",cosmic realm,male,intelligent and playful,"wisdom, success","elephant, modak",yellow,"wisdom, success",,parvati,shiva,,,,
french,gargouille,anthropomorphism,dragon-like creature,paris,other,monstrous creature,protecting paris,gargoyle symbols,stone,protection,,,,,,,
berber,gatan,god,god of the sun and light,sun,male,radiant and life-giving,"sun, light",solar disk,gold,"light, vitality, divine energy",,,,,various solar and light deities,,
buddhist,gautama buddha,human,"founder of buddhism, buddha",,other,enlightened and compassionate,"enlightenment, compassion","bodhi tree, dharma wheel",saffron,"enlightenment, compassion",,queen maya,king suddhodana,,rahula,,
san,gauwa,god,god of light and enlightenment,,male,radiant and wise,"light, enlightenment","sun disk, radiant symbols",yellow,"wisdom, enlightenment",,,,,,,
mongolian,gazar eej,god,god of fire and hearth,earth,male,protective and nurturing,"fire, hearth","fire, anvil",red,"hearth, protection",,earth,sky,,,,
egyptian,geb,god,earth god,egypt,male,god,"earth, agriculture","goose, green",green,stability,,nut,shu,,"osiris, isis, seth",,
sicilian,gelas,god,river god,sicily,male,fluid and ever-flowing,"rivers, water","river, water",blue,"fluidity, life flow",,,,,,,
vodou,ghede,god,spirits of the dead,"haiti, new orleans",other,ancestral spirits,"death, ancestral worship","skull, cross, veve","black, purple",ancestral connection,,bondye,maman brigitte,,"many, including baron samedi",,
algonquin,gitche manitou,spirit,great spirit,algonquin regions,other,deity,creation,"sky, earth",,creation,,,,,,,
ligurian,glanica,god,goddess of healing springs,liguria,female,healing and purifying,healing springs,spring,green,"healing, purification",,,,,,,
algonquin,glooscap,human,creator hero and protector of the people,mi'kmaq and abenaki nations,other,heroic creator,"creation, protection of the people","animal companions, heroic symbols",various,"heroism, protection of the people",,sky woman,,,various (including malsum),,
wabanaki,gluskap's grandmother,spirit,grandmother spirit and guardian of wisdom,wabanaki confederacy,other,grandmother spirit,"wisdom, guidance, nurturing","wisdom symbols, maternal icons",various,"wisdom, nurturing",,,,,,,
christian,god the father,god,creator and sustainer,heaven,other,divine father,"creation, providence",heavenly symbols,white,"love, justice, mercy",,,,,,,
turkish,gök tanrı,god,sky god,turkish regions,male,powerful and protective,"sky, weather","sky, weather",blue,"power, freedom",,ay ata,gün ana,,,,
nez perce,gondolik,spirit,spirit,nez perce region,other,spirit,nature,,,spirit,,,,,,,
chinese,gong gong,god,god of water and chaos,water,male,chaotic and powerful,"water, chaos","serpent, water symbol",blue,"chaos, water",,,,,,,
pueblo,goo,spirit,spirit,pueblo regions,other,spirit,"nature, guardian",guardian symbols,,"nature, guardian",,,,,,,
chibchan,goranchacha,god,goddess of rain,chibchan regions,female,goddess,"rain, agriculture","rain, corn",,"rain, agriculture",,,,,,,
caribbean,gran bois,god,forest spirit and guardian,haiti,other,protector of forests,"forests, wildlife, nature","tree, animal spirits",green,"nature, protection",,,,,,,
san,great healer,god,healing and protection,,other,healer,"healing, protection","herbs, healing tools","green, brown","healing, protection",,,,,,,
buddhist,green tara,god,bodhisattva of compassion,buddhist traditions,other,deity,compassion,"lotus, green tara",green,compassion,,,,,,,
caribbean,guabancex,god,goddess of storms and destruction,taino mythology,female,stormbringer,"storms, destruction, chaos","hurricanes, lightning","grey, blue","chaos, destruction",,,,,,,
chinese,guan yin,god,goddess of mercy,"heaven, earth",female,compassionate and merciful,"compassion, mercy",lotus flower,white,"compassion, mercy",,,,,,,
chinese,guan yu,god,god of war,heaven,male,warrior and wisdom,war and wisdom,"green dragon, guan dao","red, green","war, wisdom",married,"wangmu,","jade emperor,",xi wangmu,"many, including guanyin",,
chinese,guanyin,god,goddess of mercy and compassion,potalaka,female,compassionate and caring,"mercy, compassion","willow branch, vase",white,"mercy, compassion",,,,,,,
berber,guenja,god,god of war and protection,war,male,fierce and protective,"war, protection",sword,red,"courage, protection, victory",,,,,various war and protection deities,,
sumerian,gugalanna,god,bull of heaven,-,other,deity,destruction,bull,-,destruction,-,-,-,-,various deities,,
sara,gula,spirit,spirit associated with fertility and growth,sara homeland,other,nurturing and fertile,"fertility, agriculture",fertility,green,"fertility, abundance",,,,,,,
turkish,gün ana,god,sun goddess,turkish regions,female,warm and nurturing,"sun, light","sun, light",yellow,"light, warmth",married,,,gök tanrı,ay ata,,
indonesian,gunung agung,spirit,sacred mountain spirit,"bali, indonesia",other,majestic and sacred,sacred mountains,"mountain, clouds",white,"sacredness, majesty",,,,,,,
sami,guovssahasaid,spirit,sisters of the winds,sami lands,other,swift and unseen,"winds, air",wind symbols,"white, grey","swift movement, unseen presence",,,,,"many, including wind spirits",,
buddhist,guru rinpoche,god,buddhist master,buddhist traditions,other,deity,spiritual guidance,"lotus, vajra",,spiritual guidance,,,,,,,
berber,gurzil,god,god of rain and agriculture,earth,male,nurturing and fertile,"rain, agriculture",rainclouds,blue,"fertility, abundance, agricultural",,,,,various agricultural deities,,
navajo,haashch'eeh'n,god,"black god is, first and foremost, a fire god",navajo nation,male,"old, slow and apparently helpless","chaos, destruction",monster,,"black god is, first and foremost, a fire god",,,,,,,
spanish,habis,god,god of agriculture and fertility,iberian peninsula,male,agrarian and fertile,"agriculture, fertility","plow, sheaf of wheat","green, gold","agriculture, fertility",,,,,,,
shinto,hachiman,god,god of war and divine protector of japan,sky,male,courageous and just,"war, justice","bow, arrows, sacred dove","red, white","war, justice",married,empress jingu,emperor ojin,"many, including emperor ingyo","many, including emperor nintoku",,
greek,hades,god,"underworld, death",underworld,other,"mysterious, stern","underworld, death",helmet,black,"death, wealth",married,cronus,rhea,persephone,"melinoe, zagreus",,
korean,haemosu,god,"sun god, bringer of light",sky,male,radiant and warm,"sunlight, life","sun disk, rays",yellow,"light, life",,,,,,,
iroquois,hahgwehdiyu,god,creator,iroquois nations,other,deity,creation,"sky, earth",,creation,,,,,,,
hittite,hannahanna,god,mother goddess,hittite regions,female,goddess,"motherhood, fertility","grain, womb",,"motherhood, fertility",,,,,,,
hindu,hanuman,god,"monkey god, devotee of rama","forests, temples",male,devoted and mighty,"devotion, strength","mace, mountain",orange,"devotion, strength",,"anjana, kesari",,,,,
persian,haoma,god,god of plants and healing,persia,male,healing and life-giving,"plants, healing",plant,green,"healing, life",,,,,,,
zoroastrian,haoma,anthropomorphism,divine plant,-,other,deity,"immortality, ritualistic drinks",plant,-,associated with immortality,-,-,-,-,various deities,,
egyptian,hapi,god,god of the nile and fertility,egypt,male,nurturing and abundant,"nile, fertility","water jars, lotus",green,"fertility, abundance",,,,,,,
caddo,hashtali (morning star),god,sky god and bringer of light,caddo nation,male,sky deity,"morning star, light, guidance",celestial symbols,"blue, yellow","light, guidance",,,,,,,
creek,hatakni,spirit,spirit,creek nation,other,spirit,nature,,,spirit,,,,,,,
egyptian,hathor,god,goddess of love and motherhood,egypt,female,joyful mother,"love, motherhood, music","cow, sistrum",gold,"love, joy, music",married,nut,ra,horus,"ihy, harsomptus",,
arab,haubas,god,god of thunder and rain,arabian peninsula,male,thunderous and fertile,"thunder, rain, fertility",thunderbolt,blue,"fertility, rain",,,,,,,
tahitian,hau-maka,god,god of the sea and fish,"oceans, seas",male,benevolent and protective,"sea, fish",fish,blue,harmony with nature,,,,,various sea beings,,
polynesian,haumea,god,fertility goddess and mother of gods,earth,female,fertile and nurturing,"fertility, abundance",earth,brown,"fertility, abundance",,,,,various fertility-related beings,,
maori,haumia,god,god of wild plants and uncultivated food,wilderness,male,wild and resourceful,"wild plants, sustenance","wild plants, food",green,"sustainability, foraging",,papatuanuku,ranginui,,"many, including wild plants spirits",,
hawaiian,hauola,god,goddess,hawaii,female,goddess,"health, healing",healing herbs,green,"health, healing",,,,,,,
iroquois,hawenneyu (holder of the heavens),god,sky god and guardian of natural order,iroquois confederacy,male,sky deity,"sky, natural order, balance",celestial symbols,blue,"harmony with nature, balance",,sky woman,,,,,
buddhist,hayagriva,god,wisdom king,buddhist traditions,other,deity,"wisdom, horse","horse, flame",red,"wisdom, horse",,,,,,,
yazidi,hayyi,god,"supreme god, creator of the universe",yazidi,male,supreme creator,"creation, universality","solar disk, cosmic serpent",blue,"universality, cosmic order",,,,,,,
greek,hecate,god,"goddess of magic, crossroads, and ghosts",mount olympus,female,triple goddess,"magic, crossroads, ghosts","torch, key, serpent",black,"magic, crossroads, protection",,perses,asteria,,,,
norse,heimdallr,god,"guardian of bifrost, watchman of the gods",asgard,male,vigilant and observant,"guarding, alertness","horn, gjallarhorn","white, gold","vigilance, alertness",,nine mothers,odin,,,,
norse,hel,god,queen of the underworld,helheim,other,stern and rulerly,"underworld, death","gloom, death",black,"death, rulership",,angrboda,loki,,"jormungandr, fenrir",,
hittite,hepat,god,goddess of love and fertility,earth,female,loving and fertile,"love, fertility","dove, myrtle tree","white, green","love, fertility",,,,,"many, including telipinu",,
greek,hephaestus,god,god of fire and blacksmiths,mount olympus,male,skilled and artistic,"fire, craftsmanship","anvil, hammer",orange,"craftsmanship, creativity, diligence",married,hera,zeus,aphrodite,"eileithyia, eunomia, euthenia",,
greek,hera,god,"queen of the gods, marriage, family",mount olympus,male,"protective, authoritative","marriage, family, childbirth","peacock feather, diadem",feather gold,"marriage, family",married,rhea,cronus,zeus,"ares, hephaestus, hebe, eileithyia",,
etruscan,hercle,god,god of physical strength and bravery,,male,strong and brave,"strength, bravery","club, lion skin","red, brown","strength, bravery",,uni,tinia,,"many, including leinth",,
greek,hermes,god,messenger of the gods and god of travel,mount olympus,male,clever and agile,"communication, travel, commerce","caduceus, winged sandals",yellow,"communication, wit, commerce",married,maia,zeus,aphrodite,"pan, abderus",,
greek,hestia,god,goddess of the hearth,mount olympus,female,warm and nurturing,"hearth, home",fireplace,red,"home, hearth, hospitality",,cronus,rhea,,,,
mandean,hibil ziwa,god,god of light and wisdom,mandaean,male,"light, wisdom","knowledge, enlightenment","light, wisdom",white,"knowledge, enlightenment",,"ptahil, ruha",,,,,
hawaiian,hi'iaka,god,"goddess of hula, dance, and forests","forests, dance",female,creative and nurturing,"hula, dance, forests",lehua flowers,red,"creativity, natural beauty",,pele,,,various forest beings,,
finnish,hiisi,spirit,"nature spirit, spirit of hill forests",finland,other,spirit,nature,"forest, grove",green,"nature spirit, spirit of hill forests",,,,,,,
tahitian,hina,god,goddess associated with the moon,"moon, night",female,lunar and wise,"moon, night, wisdom","moon, lunar symbols",silver,"wisdom, lunar cycles",,sky father,earth mother,,"many, including moon and night spirits",,
polynesian,hina,god,goddess associated with the moon,sky,female,radiant and nurturing,"moon, night",moon,silver,"lunar activities, fertility",,papatūānuku,rangi,,various lunar-related beings,,
polynesian,hina,god,goddess of the moon and fertility,sky,female,gentle and nurturing,"moon, fertility",moon,silver,"fertility, motherhood",,papatūānuku,rangi,,various fertility beings,,
polynesian,hina-kehua,god,ghost goddess associated with night,underworld,female,ghostly and elusive,"spirits, night","shadows, spirits",gray,commemoration of the dead,,,,,various spirit beings,,
tahitian,hina-uri,god,goddess of the underworld and death,underworld,female,mysterious and enigmatic,"underworld, death",shadows,black,understanding mortality,,,,,various underworld beings,,
polynesian,hine-moana,god,goddess of the sea,"ocean, seas",female,tranquil and protective,"sea, ocean fertility",ocean,blue,"sea, fertility",,,,,various sea creatures,,
polynesian,hine-nui-te-po,god,goddess of death and the underworld,underworld,female,enigmatic and powerful,"underworld, afterlife",darkness,black,acceptance of mortality,,,,,various underworld beings,,
zulu,hlakanyana,human,trickster,zulu regions,other,hero,trickery,mantis,,trickery,,,,,,,
vietnamese,hồ đôi,god,god of marriage and love,love and marriage,male,romantic and matchmaking,"love, marriage","red strings, love knot",red,"love, marriage",,,,,,,
norse,hoenir,god,god of silence and forethought,asgard,male,silent and forethinking,"silence, forethought",not specified,not specified,"silence, forethought",,not mentioned,odin,,,,
christian,holy spirit,god,divine comforter,everywhere,other,divine comforter,"guidance, inspiration","dove, flames",white,"wisdom, holiness",,,god the father,,,,
persian,homa,god,"divine bird, symbol of purity and prosperity",persia,other,pure and prosperous,"purity, prosperity",bird motif,white,"purity, prosperity",,,,,,,
sami,horagalles,god,god of thunder and lightning,sami lands,male,powerful and thunderous,"thunder, lightning",thunderbolt,"blue, white","power, protection",,,,,"many, including storm spirits",,
ainu,horkew kamuy,god,fire god,ainu regions,male,god,"fire, hearth","fire, flames",,"fire, hearth",,,,,,,
egyptian,horus,god,god of the sky,duat (underworld),male,guardian and sky ruler,judgment and resurrection,"eye of horus, jackal","gold, green,","judgment, resurrection,",married,isis,osiris,"hathor, bastet","many, including oenghus",,
chinese,hou tu,god,"earth mother, sustainer of life",earth,other,nurturing and life-giving,"earth, sustenance","grain, fertility",brown,"nurturing, sustenance",,,,,,,
chinese,hou yi,god,archer and hero,earth,other,skilled archer and protector,"archery, heroism",bow and arrow,green,"archery, heroic deeds",married,,,chang'e (wife),,,
laotian,houane san,god,god of rice,agriculture,male,provider and abundant,"rice, agriculture",rice plants,green,"agriculture, abundance",,,,,,,
aymara,huari,god,god of weather and rain,andean region,male,weather deity,"rain, weather changes","rain clouds, thunderbolt","blue, white","rain, agricultural abundance",,,,,,,
arab,hubal,god,god of the moon,mecca,male,lunar and fierce,"moon, power, divination",crescent moon idol,silver,"lunar power, divination",,,,,,,
aztec,huitzilopochtli,god,sun goddess,templo mayor (great temple),female,radiant and sun,sun and warmth,"quetzal feather headdress,","red, green","sun, warmth,",married,coatlicue,coatlicue,"many, including haniyasu-hime","many, including xipe totec, tecciztecatl",,
aztec,huitzilopochtli,god,sun and war god,mesoamerica,male,warrior and sun god,"war, sun, human sacrifice","hummingbird, serpent",blue,"war, sun, sacrifice",married,coatlicue (mother),mixcoatl (father),"many, including haniyasu-hime","many, including xipe totec, tecciztecatl",,
aztec ,huitzilopochtli,god,"god of war, sun, and the patron deity of the mexican",mesoamerica,male,deity,"war, sun, patron deity","hummingbird, serpent",blue,"war, sun",-,coatlicue,mixcoatl,-,various deities,,
mayan,hunab ku,god,supreme deity representing the source of all,mesoamerica,other,cosmic source,"cosmic source, unity",galactic core,multicolored,"unity, cosmic harmony, creative source",,,,,various aspects,,
maya,hunahpu and xbalanque,human,hero twins,mesoamerica,other,heroic and clever,"trickery, heroism","blowgun, jaguar","red, black","heroism, trickery",,xquic (mother),xpiyacoc (father),,,,
korean,hwanung,god,god of the heavens and creator of humanity,sky,male,benevolent and creative,"heaven, creation","clouds, crane","blue, white","creativity, benevolence",,,,,"many, including dangun",,
korean,hyeonmu,anthropomorphism,"black tortoise, guardian of the north",north,other,protective and strong,"protection, stability",tortoise shell,black,"protection, stability",,,,,,,
iroquois,iagentci,spirit,spirit,iroquois nations,other,spirit,"nature, spirit","forest, animals",,"nature, spirit",,,,,,,
xavante,iaupé,god,goddess of the sun and fertility,xavante territory,female,solar deity,"sun, fertility, life","sun disk, fertility symbols",yellow,"fertility, life",,,,,,,
sao,ibeji,god,"twin deities associated with duality, balance, and harmony",cosmos,other,harmonious and dualistic,"duality, balance, harmony",twin figures,blue and pink,"duality, balance, harmony",,olodumare,,,various twin-related deities,,
muisca,idacansás,god,"first priest of the sacred city of sugamuxi, ""luz grande del día""",muisca confederation,other,deity,"nature, earth,  great magical powers, make rain and hail and transmit diseases and warmth","earth, agriculture",,"nature, earth",,,,,,,
igbo,idemili,god,goddess of rivers and water bodies,water,female,serene and nurturing,"rivers, water bodies","river, fish","blue, green","serenity, abundance",,,,,,,
norse,idun,god,goddess of youth and apples,asgard,female,eternal and nurturing,"youth, apples","apples, basket","green, gold","youth, vitality",,not mentioned,not mentioned,,,,
berber,ifri,god,goddess of caves and underworld,underworld,female,mysterious and protective,"caves, underworld",cave entrance,black,"mystery, protection of the dead",,,,,various underworld beings,,
inuit,igaluk,god,god of the moon and night,arctic regions,male,calm and reflective,"moon, night",full moon,silver,"reflection, tranquility",,,,,"many, including night spirits",,
inuit,igloolik,god,god of home and hearth,arctic regions,male,warm and protective,"home, hearth","igloo, fire","white, red","home, warmth",,,,,"many, including hearth spirits",,
zapotec,ihuimeh,god,earth goddess,zapotec regions,female,goddess,"earth, fertility","corn, flowers",green,"earth, fertility",,,,,,,
igbo,ikenga,god,god of achievement and success,,male,wise and achiever,"achievement, success","horn, anvil","red, white","success, achievement",,,,,,,
lakota,iktomi,spirit,trickster,lakota nation,other,spirit,"trickery, wisdom",spider,,"trickery, wisdom, humor",,,,,,,
hittite,illuyanka,god,serpent god,hittite regions,male,god,"chaos, serpents",serpent,,"chaos, serpents",,,,,,,
finnish,ilmarinen,human,blacksmith,finland,other,hero,blacksmithing,"anvil, hammer",black,craft,,ilmatar,,,,,
egyptian,imhotep,god,god of wisdom,egypt,male,deified,"wisdom, healing",step pyramid,,"wisdom, healing",,,,,,,
zulu,impundulu,anthropomorphism,lightning bird,zulu regions,other,mythical,"thunder, lightning","lightning, bird",,"thunder, lightning",,,,,,,
mesopotamian,inanna,god,goddess of love and war,sky,female,loving and fierce,love and war,"star, crescent moon","blue, white","love, war",married,ninlil,enlil,ki,"many, including change",,
sumerian,inanna,god,"goddess of love, fertility, and war",sumer,female,"passionate, powerful","love, fertility, war",star of inanna,red,"love, fertility, war",,ningal,nanna,,"dumuzid, shara",,
sumerian,inanna (ishtar),god,"goddess of love, fertility, war",-,female,deity,"love, fertility, war","star, lion",-,"love, fertility, war",-,nanna (sin),enlil,dumuzid,various deities,,
shinto,inari,god,goddess of rice and fertility,takamagahara (high plain of heaven),female,rice and fertility,"rice and fertility,",feathered serpent,"gold, red","rice, fertility",married,izanami,izanagi,amaterasu,"many, including quetzalcoatl, xolotl",,
shinto,inari okami,god,"god/goddess of rice, fertility, and prosperity",earth,female,nurturing and fertile,"rice, fertility, prosperity","fox, rice sheaves","red, white","fertility, prosperity",,,,,"many, including uke mochi",,
zulu,indlovukati,god,lioness goddess,zulu regions,female,goddess,"hunting, protection",lioness,,"hunting, protection",,,,,,,
tuareg,ineher,god,god of the sun and celestial forces,sky,male,radiant and powerful,"sun, celestial forces",sun disc,gold and red,"solar energy, celestial power",,,,,,,
inca,inti,god,sun god,andean region,male,solar deity,"sun, light, fertility, agriculture","sun disk, golden rays","gold, yellow","light, fertility",married,pachamama,viracocha,mama killa,pachacamac,,
ligurian,intuersia,god,goddess of intuition and wisdom,liguria,female,wise and intuitive,"intuition, wisdom",owl,gray,"intuition, wisdom",,,,,,,
xavante,iny,god,goddess of the sun and fertility,xavante territory,female,solar deity,"sun, fertility, life","sun disk, fertility symbols",yellow,"fertility, life",,,,,,,
zulu,inyamazane,spirit,nature spirit,zulu regions,other,spirit,"nature, mountains",mountains,,"nature, mountains",,,,,,,
lakota,inyan,spirit,rock spirit,lakota nation,other,spirit,"nature, strength",rock symbols,,"nature, strength",,,,,,,
polynesian,io,god,supreme being and creator,polynesia,other,divine creator,"creation, life, harmony",,,"creation, harmony, divine intervention",,,,,various creations,,
sardinian,iola,god,goddess of the dawn,sardinia,female,radiant and renewing,"dawn, new beginnings",sun,gold,"new beginnings, light",,,,,,,
berber,iqayen,god,goddess of the sky and celestial bodies,sky,female,celestial and enigmatic,"stars, planets, celestial events",star cluster,blue,"cosmic order, celestial beauty",,,,,various celestial beings,,
tuareg,irikuden,god,god of thunder and storms,desert,male,thunderous and powerful,"thunder, storms",thunderbolt,grey and black,"thunder, storm, power",,,,,,,
greek,iris,god,goddess of the rainbow,mount olympus,female,graceful and colorful,"rainbows, communication",rainbow,multicolored,"communication, messages, rainbows",,thaumas,electra,,,,
sao,irunmole,spirit,intermediate spirits between humans and olodumare,cosmos,male,divine and influential,"spiritual guidance, intermediaries",radiant light,gold,"spiritual connection, guidance",,olodumare,,,various intermediary spirits,,
berber,irzem,god,god of dreams and the subconscious,dreams,male,mysterious and dreamlike,"dreams, subconscious",crescent moon,indigo,"dreams, intuition, inner knowledge",,,,,various dream and subconscious deities,,
canaanite,ishara,god,goddess of love,-,female,deity,"love, oaths",-,-,love and oaths,-,-,-,-,-,,
assyrian,ishtar,god,goddess of love and war,assyria,female,powerful and capricious,"love, war, fertility",eight-pointed star,red,"love, fertility",married,lahmu,lahamu,tammuz,"many, including ninurta",,
mesopotamian,ishtar,god,goddess of love and war,mesopotamia,female,complex goddess,"love, war, fertility","eight-pointed star, lion",red,"love, fertility, power",married,sin,anu,tammuz,various deities,,
egyptian,isis,god,goddess of magic and motherhood,egyptian,female,"magic, motherhood","magic, fertility","ankh, throne",blue,"magic, fertility",married,nut,geb,osiris,"horus, anubis",,
maya,itzamná,god,supreme deity,mesoamerica,other,creator and wise,"creation, wisdom","celestial, serpent",white,"creation, wisdom",,,,,,,
tuareg,iwellemmedan,spirit,spirit of the desert and guardian,desert,other,guardian and protective,protection of the desert,dunes,varied,"desert protection, guidance",,,,,,,
maya,ixchel,god,goddess of the moon and fertility,yucatan peninsula,female,nurturing and fertile,"moon, fertility","moon, rabbit",white,"moon, fertility",,,itzamná,,,,
maya,ixkik,god,goddess of chocolate,mesoamerica,female,sweet and tempting,"chocolate, pleasure","cacao pod, sweets",brown,"chocolate, pleasure",,,,,,,
maya,ixpiyacoc,god,creator god,mesoamerica,male,creator and artisan,"creation, craftsmanship",artisan tools,,"creation, craftsmanship",,,,,,,
sao,iyami osoronga,god,powerful and mysterious female deities associated with primordial forces,cosmos,other,mysterious and enigmatic,"primordial forces, feminine power",cauldron,black and red,"feminine power, primordial energy",,olodumare,,,various primordial deities,,
muisca,iyú,god,deity ,muisca confederation,other,deity,"water, rivers",river symbols,,"water, rivers",,,,,,,
shinto,izanagi,god,"creator god, husband of izanami",yomi-no-kuni,male,wise and creative,"creation, wisdom","spear, magatama",white,"creation, wisdom",married,,,izanami no mikoto,"many, including amaterasu",,
shinto,izanami,god,"creator goddess, wife of izanagi",yomi-no-kuni,female,gentle and nurturing,"creation, nurturing","mirror, magatama",white,"creation, nurturing",married,,,izanagi no mikoto,"many, including amaterasu",,
sami,jabme-áhkká,god,goddess of the herd and reindeer,sami lands,female,caring and vigilant,"reindeer, herding",reindeer,brown,"herding, care",,,,,"many, including reindeer spirits",,
korean,jacheongbi,god,goddess of birth and fertility,earth,female,nurturing and fertile,"birth, fertility",pregnant belly,green,"fertility, motherhood",,,,,,,
chinese,jade emperor,god,supreme deity,heaven,other,supreme ruler,supreme ruler,"flaming wheel, bagua","red, blue","transition, duality",married,wangmu,jade emperor,"xi wangmu,","many, including guanyin",,
taoist,jade emperor,god,supreme deity in taoism,sky,other,wise and benevolent,supreme ruler of the heavens,jade emperor's robe,jade,"wisdom, benevolence",married,,,queen mother of the west,"many, including nezha",,
vietnamese,jade emperor,god,supreme deity and ruler of heaven,celestial realm,other,wise and just,"universal rule, justice","jade crown, imperial robes",jade green,"justice, order",,,,,,,
roman,janus,god,god of beginnings and endings,italy,male,dual-faced and wise,"transition, doorways",two faces,gold and silver,"transition, duality",,,,,,,
xavante,jarará,god,god of the hunt,xavante territory,male,hunter deity,"hunting, forest, animal spirits","bow, arrows, forest symbols","green, brown","hunting skills, harmony with nature",,,,,animals,,
croatian,jarilo,god,"god of spring, fertility, and youth",croatia,male,youthful and vital,"spring, fertility, youth",green shoots,light green,"renewal, fertility",,,,,,,
guaraní,jasy jatere,spirit,forest spirit and protector of the yvoty (fruit),guaraní region,other,forest guardian,"forests, fruits, protector of children",forest symbols,"green, brown","protection of children, harmony with nature",,nhanderuvuçu,,,,,
karajá,javú,god,god of the hunt,karajá region,male,hunter deity,"hunting, forest, animal spirits","bow, arrows, forest symbols","green, brown","hunting skills, harmony with nature",,,,,animals,,
christian,jesus,human,"savior, messiah",judea,other,"son of god, savior","love, forgiveness","cross, lamb",white,"love, salvation",,mary,joseph,,,,
christian,jesus christ,god,"son of god, savior",earth,male,"redeemer, teacher","salvation, compassion","cross, lamb of god",red,"love, forgiveness",,virgin mary,god the father,,,,
indonesian,jin fin ho,god,"monkey god, trickster deity",borneo,male,playful and clever,"trickery, mischief","monkey, bananas",brown,"playfulness, trickery",,,,,,,
jewish,jophiel,spirit,archangel of beauty and art,heaven,other,guardian of divine beauty,"art, beauty, creativity",golden scepter,lavender,"appreciation, creativity",,,,,,,
korean,jujak,anthropomorphism,"vermilion bird, guardian of the south",south,other,elegant and resplendent,"protection, prosperity",phoenix wings,red,"protection, prosperity",,,,,,,
aboriginal,julana,god,sun goddess and creator of fire,sky,female,radiant and creative,"sun, fire","sun, fire",yellow,"creativity, illumination",,,,,various fire-related beings,,
korean,jumong,human,"founding king of goguryeo, heroic archer",goguryeo,other,heroic and skilled archer,"leadership, archery",bow and arrow,"red, black","heroism, archery",married,lady yuhwa,hwanung (sky god),yes,multiple,,
roman,juno,god,queen of the gods,mount olympus,male,maternal and regal,family and marriage,"peacock feather, diadem",peacock colors,"marriage, family",married,ops,saturn,jupiter,"mars, vulcan, bellona",,
sami,juoksahkka,spirit,female water spirit,sami lands,other,graceful and enchanting,"water, lakes",water lily,"blue, green","enchantment, gracefulness",,,,,spirits of water,,
roman,jupiter,god,king of the gods,mount olympus,male,mighty ruler,ruling,thunderbolt,"sky blue, white, gold","leadership, justice",married,ops,saturn,"many, including hera","many, including ares",,
tupinambá,jurupari,spirit,spirit of initiation and male fertility,tupinambá region,other,fertility spirit,"male initiation, fertility",phallic symbols,various,"male fertility, initiation",,,,,,,
croatian,jutrobog,god,god of dawn and new beginnings,croatia,male,hopeful and inspirational,"dawn, new beginnings",rising sun,gold,"hope, new beginnings",,,,,,,
sara,kaba,anthropomorphism,sacred forest with spiritual significance,sara homeland,other,sacred and mystical,"spiritual retreat, connection",forest,varied,"spiritual connection, sanctuary",,,,,,,
hopi,kachina,spirit, spirits or personifications of things in the real world,hopi mesas,other,human-like relationships,"nature, ancestors",kachina masks,,harmony,,,,,,,
polynesian,kahōtia,god,goddess of hawks and falcons,sky,female,swift and observant,"hawks, falcons","hawks, falcons",various,"agility, keen observation",,,,,various bird-related beings,,
hindu,kali,god,goddess of destruction and time,cosmic realm,female,destructive force,"destruction, time, change","severed heads, sword",black,"transformation, liberation, power",married,parvati,shiva,shiva,,,
xavante,kamaiurá,spirit,ancestor spirits and protectors,xavante territory,other,ancestral spirits,"ancestral guidance, protection",ancestral symbols,various,"ancestral connection, protection",,,,,,,
hawaiian,kamapua'a,god,"god of agriculture and wild pigs,  a shapeshifter who can transform into various forms, including that of a handsome man or a wild boar. ",agriculture,male,caring and wild,"agriculture, wild pigs, fertility, and water",pigs,various,agricultural abundance,married,,,pele,various agricultural beings,,
hawaiian,kamohoalii,god,shark god and brother of pele,oceans,male,protective and agile,"sharks, protection","shark, ocean motifs",blue,"protection, agility",,haumea,kane milohai,,"many, including shark spirits",,
hawaiian,kamohoali'i,god,god of sharks and protection,"oceans, seas",male,protective and swift,"sharks, protection",shark images,various,"protection, swiftness",,,,,various sea beings,,
ainu,kamuy fuchi,god,hearth goddess,ainu regions,female,goddess,"hearth, home","fire, hearth",,"hearth, home",,,,,,,
ainu,kamuy hokai,god,hunting,ainu,other,deity,hunting,,,hunting,,,,,,,
ainu,kamuy kotan,god,god of the village,ainu regions,male,god,"village, protection",village symbols,,"village, protection",,,,,,,
ainu,kamuy mosir,god,god of land,ainu,male,deity,land,,,god of land,,,,,,,
ainu,kamuy yukar,anthropomorphism,ainu sagas,ainu,other,object,ainu mosir,,,ainu sagas,,,,,,,
ainu,kamuy-huci,god,"goddess of the hearth, guardian of the home, and also the judge of domestic affairs",ainu,female,deity,"land, people teacher, keeper of the gateway between the world of humans and the world of kamuy","mountains, hearth fire ",,"goddess of the hearth, guardian of the home, and also the judge of domestic affairs",,the fire-producing drill ,,,,,
polynesian,kanaloa,god,god of the sea and underworld,"oceans, underworld",male,mysterious and tranquil,"sea, underworld, tranquility","ocean, underworld symbols","blue, black","tranquility, ocean mysteries",,,,,"many, including sea and underworld spirits",,
hawaiian,kanaloa,god,god of the sea and ocean,"oceans, seas",male,benevolent and protective,"sea, ocean",fish hook,blue,harmony with nature,,,,,various sea beings,,
cherokee,kananesgi,human,lucky hunter,cherokee nation,other,hero,hunting,,,luck,,,,,,,
hawaiian,kane,god,supreme creator god,sky,male,wise and all-powerful,"creation, wisdom",wooden images,white,"wisdom, divine creation",,,,,various cosmic beings,,
kayapo,kanhok,god,earth goddess and protector of nature,kayapó territory,female,earth guardian,"nature, forests, guardian of the environment","trees, earth symbols","green, brown","nature conservation, harmony with earth",,,,,,,
hindu,kartikeya,god,"god of war, associated with courage and strength",india,male,deity,"war, courage, strength","peacock, spear",red,"courage, strength",-,parvati,shiva,-,various deities,,
canaanite,kaus,god,god of archery,-,male,deity,"archery, hunting",-,-,archery and hunting,-,-,-,-,-,,
tuareg,kel essuf,spirit,warrior spirits protecting the tuareg people,desert,other,courageous and defending,warrior ethos,sword,varied,"courage, defense of the tribe",,,,,,,
tuareg,kel tamasheq,human,collective term for tuareg people,desert,other,resilient and nomadic,nomadic lifestyle,camel,varied,"nomadism, resilience",,,,,,,
guaraní,kerana,god,goddess of the moon and fertility,guaraní region,female,lunar deity,"moon, fertility, night","crescent moon, fertility symbols",silver,"fertility, feminine energy",married,angatupyry,karai,tupã (possible),ao ao (possible),,
mongolian,khan-dei,god,god of war,mongolian regions,male,god,war,weapons,red,war,,,,,,,
zoroastrian,khashm,god,god of metals and minerals,-,male,deity,"metals, minerals",-,-,"metals, minerals",-,-,-,-,various deities,,
egyptian,kherty,god,god of silence,egypt,male,god,"silence, death",mummy,,"silence, death",,,,,,,
egyptian,khnum,god,god of creation,egyptian,male,creator god,"creation, pottery","ram, potter's wheel",blue,"creation, pottery",,hathor,,,"anuket, satis",,
egyptian,khonsu,god,god of the moon and time,egypt,male,timekeeper and compassionate,"moon, time",crescent moon,silver,"time, protection, healing",,,amun-ra,,,,
persian,khosrow,god,god of the sun and light,persia,male,radiant and illuminating,"sun, light",sun disk,yellow,"illumination, light",,,,,,,
zoroastrian,khwarshēd,god,goddess of the sun,-,female,deity,sun,sun,-,sun,-,-,-,-,various deities,,
sumerian,ki (ninhursag),god,earth goddess,-,female,deity,"fertility, childbirth",mountain,-,"fertility, childbirth",-,-,-,-,various deities,,
sumerian,ki (ninhursag),god,earth goddess,earth,female,deity,"fertility, childbirth",mountain,-,"fertility, childbirth",-,-,-,-,various deities,,
sara,kifalme,spirit,"lion spirit, symbol of courage",sara homeland,other,courageous and fearless,"courage, bravery",lion,golden,"courage, bravery",,,,,,,
sara,kifaru,spirit,"rhino spirit, protector of the land",sara homeland,other,sturdy and protective,"land conservation, protection",rhino,grey,"environmental protection, stability",,,,,,,
tlingit,killer whale,spirit,sea spirit and symbol of family,tlingit nation,other,sea spirit,"sea, family, harmony",killer whale symbols,"black, white","family, harmony",,,,,,,
sara,kirdi,human,collective term for sara people,sara homeland,other,resilient and diverse,cultural diversity,drum,varied,unity in diversity,,,,,,,
nez perce,kisaru'lute,anthropomorphism,monster,nez perce region,other,monster,"chaos, destruction",monster,,monster,,,,,,,
sumerian,kishar,god,earth,sumer,other,goddess,earth,,,earth,,,,,,,
hopi,kokopelli,god,fertility deity,hopi mesas,other,deity,"fertility, music",humpbacked flute player,,fertility,,,,,,,
wabanaki,koluscap (glooscap),human,heroic transformer and protector of humanity,wabanaki confederacy,male,heroic transformer,"creation, heroism, protection","heroic symbols, sacred icons",various,"heroism, protection of humanity",,sky woman,,,various (including animals and humans),,
nez perce,koolkoolau,anthropomorphism,monster,nez perce region,other,monster,"chaos, destruction",monster,,monster,,,,,,,
kayapo,kôt,god,god of the sun,kayapó territory,male,solar deity,"sun, light, life","sun disk, radiant symbols","yellow, red","life, light",,,,,,,
canaanite,kothar-wa-khasis,god,craftsman god,-,male,deity,"crafts, skill, wisdom",-,-,skill and wisdom,-,-,-,-,various deities,,
albanian,kreshnik,human,hero,albanian regions,other,hero,heroism,weapons,,heroism,,,,,,,
hindu,krishna,god,supreme personality of godhead,"vrindavan, dwarka",male,charming and divine,"love, playfulness","flute, peacock feather",blue,"divine love, devotion",married,"devaki, yashoda",vasudeva,radha,various consorts,,
hawaiian,ku,god,god of war,land,male,fierce and warrior-like,"war, conflict","weapons, war clubs",red,"courage, strength, discipline",,,,,various war-related beings,,
buddhist,kuan yin,god,"compassion, mercy, associated with healing",east asia,other,bodhisattva,"compassion, healing",willow branch,white,"compassion, mercy, healing",-,-,-,-,various beings,,
buddhist,kuan yin (guanyin),god,bodhisattva of compassion,cosmic,other,compassionate being,"compassion, mercy","willow branch, vase",white,"compassion, mercy",,,,,,,
chinese,kui xing,god,god of examinations,heaven,male,scholarly and examining,"examinations, scholarship","brush, writing tools",green,"scholarship, success",,,,,,,
karajá,kuiumekô,god,goddess of the moon,karajá region,female,lunar deity,"moon, night, fertility","crescent moon, night symbols",silver,"fertility, femininity",,,,,,,
nenets,kujatai,god,god of the hunt and animals,nenets region,male,skilled and protectorate,"hunting, animal welfare","bow, reindeer","brown, green","respect for nature, skill in hunting",,,,,"many, including animal spirits",,
maya,kukulkan,god,feathered serpent god,mesoamerica,male,serpent and divine,"wind, agriculture",feathered serpent,"green, blue","wind, agriculture",,,,,,,
hittite,kumarbi,god,"god of earth and fertility, god of sky",earth,male,fertile and powerful,"earth, fertility","sheaf of wheat, plough","brown, green","fertility, abundance",,,,,"many, including ullikummi",,
shinto,kunitokotachi,god,primordial deity of the origin of the land,japan,other,earthly origin,"earth, origin, land",earth and mountain,brown,"land, creation, stability",,,,,various deities,,
slavic,kupala,god,god of the summer solstice and fertility,earth,male,joyful and fertile,"summer, fertility, celebration","wreath, flowers","green, gold","fertility, celebration",,mokosh,svarog,,,,
guaraní,kurupi,god,fertility god and protector of wild nature,guaraní region,male,fertility deity,"fertility, wild nature, guardian of the forest","phallic symbols, forest icons","green, brown","fertility, protection of nature",,nhanderuvuçu,,,,,
chukchi,kutkh,god,deity,chukchi regions,other,deity,"nature, trickery","bird, sea",,"nature, trickery",,,,,,,
sara,kwekwe,spirit,"guinea fowl spirit, symbol of abundance",sara homeland,other,abundant and alert,"abundance, fertility",guinea fowl,brown,"fertility, alertness",,,,,,,
caribbean,la diablesse,spirit,temptress and folkloric figure,trinidad and tobago,other,seductress,"temptation, folklore, mischief","elegant dress, concealed face",red,"folklore, temptation",,,,,,,
caribbean,la sirene,god,mermaid goddess of the sea,haiti,female,beautiful seductress,"sea, beauty, seduction","mermaid, mirror","blue, silver","beauty, seduction",married,,,agwe (possible),loa (possible),,
spanish,laberis,god,god of the lusitanian sun,lusitania,male,radiant and solar,"sun, radiance","sun, fire","gold, red","sun, radiance",,,,,,,
slavic,lada,god,goddess,slavic regions,female,goddess,"love, beauty","grain, flowers",white,"love, beauty",,,,,,,
sumerian,lahamu,god,war,sumer,other,goddess,war,,,war,,,,,,,
sumerian,lahmu,god,war,sumer,other,god,war,,,war,,,,,,,
mesopotamian,lahmu and lahamu,god,primordial deities of creation,mesopotamia,other,cosmic parents,"creation, primordial beings",,,"creation, primordial existence",,,,,various primordial beings,,
baltic,laima,god,goddess of fate and fortune,,female,wise and fateful,"fate, fortune","spindle, thread","white, blue","wisdom, fate",,baltic,baltic,,"many, including kārlis",,
hawaiian,laka,god,goddess,hawaii,female,goddess,"hula, forest",hula implements,green,goddess,,,,,,,
hindu,lakshmi,god,goddess of wealth,cosmic realm,female,"wealthy and benevolent,",wealth and prosperity,"lotus, veena","blue, white","wealth, prosperity,",married,lakshmi,vishnu,"parvati, lakshmi,","many, including hathor, anubis",,
hindu,lakshmi,god,"goddess of wealth, fortune, and prosperity",india,female,deity,"wealth, fortune, prosperity","lotus, elephant",gold,"wealth, prosperity",,durga,vishnu,-,various deities,,
berber,lamashtu,god,demon goddess causing harm to mothers,underworld,female,malevolent and destructive,"harm, nightmares, infant mortality",lion's head,black,protection against evil,,,,,various malevolent spirits,,
etruscan,laran,god,god of war and thunder,etruria,male,fierce and thunderous,"war, thunder",thunderbolt,red,"courage, strength, victory",,uni,tinia,,maris,,
spanish,latobius,god,god of the lusitanian sky,lusitania,male,celestial and airy,"sky, celestial","sun disk, clouds","blue, white","sky, celestial",,,,,,,
dahomey,legba,god,god of communication,,male,communicative and wise,"communication, wisdom","key, crossroads","red, white","communication, wisdom",,,,,,,
chinese,lei gong,god,god of thunder and lightning,heaven,male,powerful and vigilant,"thunder, lightning","drum, mallet",blue,"power, vigilance",,,,,,,
sami,leibolmai,god,fertility god,sami lands,male,fertile and generous,"fertility, abundance",phallus,green,"fertility, generosity",,,,,"many, including plant spirits",,
hittite,lelwani,god,goddess of love and fertility,,female,loving and fertile,"love, fertility","dove, myrtle tree","white, green","love, fertility",,,,,"many, including telipinu",,
finnish,lemminkäinen,human,adventurer,finland,other,hero,"hunting, love",swan,red,bravery,married,kyllikki,lemminkäinen,kyllikki,tuuri,,
luba,libanza,spirit,ancestor spirit,luba kingdom,other,spirit,"ancestry, protector",ancestor symbols,,"ancestry, protector",,,,,,,
anarchist,liberty,spirit,symbol of anarchy and freedom,global,other,icon of freedom,"anarchy, freedom, equality","broken chains, torch",black,"anarchy, freedom, equality",,,,,anarchists,,
jewish,lilith,god,night demon or goddess,earth,female,seductive and rebellious,"night, feminine power, independence","owl, serpent",black,"freedom, independence",,,,,,,
scottish/irish,lir,god,god of the sea and father of manannan mac lir,ireland,male,serene and connected to the sea,"sea, fatherhood","waves, sea creatures","blue, silver","sea, fatherhood",,,,,manannan mac lir,,
sara,logone river,anthropomorphism,sacred river with spiritual significance,sara homeland,other,sacred and flowing,"spiritual cleansing, life",river,varied,"spiritual connection, life flow",,,,,,,
norse,loki,god,trickster god,asgard,male,"tricky and cunning,",trickery and mischief,"serpent, fire","red, orange","trickery, transformation,",married,laufey,laufey,"sif, jarnsaxa","many, including fenrir, jormungandr",,
vietnamese,long mạ,god,dragon king of the rain,rain clouds,other,benevolent and fertile,"rain, fertility","dragon, rain clouds",blue,"fertility, rain",,,,,,,
hawaiian,lono,god,"god of fertility, agriculture, and peace",agriculture,male,nurturing and peaceful,"agriculture, peace",fertility symbols,green,"fertility, peace, abundance",,,,,various agricultural beings,,
finnish,louhi,anthropomorphism,witch,pohjola,other,villain,"sorcery, control",north wind,black,power,,,,,,,
luba,lu,god,sun god,luba kingdom,male,god,"sun, light",sun disk,gold,"sun, light",,,,,,,
celtic,lugh,god,god of light and arts,magical realm,male,light and arts,death and judgment,"sword, cauldron","green, brown","death, judgment",married,anu,dagda,"the dagda, danu","many, including oenghus",,
celtic ,lugh,god,"god of light, associated with arts and crafts",europe,male,deity,"light, arts, crafts","spear, wheel",gold,"light, creativity, skills",-,ethniu,cian,-,various deities,,
fijian,lutunasobasoba,god,"god of the arts, culture, and creativity",culture,male,creative and artistic,"arts, culture, creativity",various arts,various,"artistic expression, creativity",,,,,various artistic beings,,
caribbean,lwa of the windward,god,collective spirits of the windward,caribbean islands,other,elemental spirits,"wind, weather, elemental forces","wind, clouds, elemental symbols",various,"elemental forces, nature connection",,,,,,,
hopi,maasaw,god,earth god and guardian of the underworld,hopi reservation,male,underworld deity,"underworld, death, keeper of the dead",underground symbols,"black, brown","connection with the underworld, respect for death",,,,,,,
egyptian,ma'at,god,goddess of truth and justice,egypt,female,just and balanced,"truth, justice",feather of ma'at,white,"truth, justice, balance",,,,,,,
scottish/irish,macha,god,goddess of war and sovereignty,ireland,female,warlike and regal,"war, sovereignty","horses, crow","red, black","war, sovereignty",,ernmas,,,,,
sami,maderakka,god,earth goddess,sami lands,female,nurturing and fertile,"earth, fertility","earth, grain","green, brown","fertility, nature",,,,,"many, including plant spirits",,
laotian,mae tuptim,god,goddess of fertility and rain,nature,female,fertile and nurturing,"fertility, rain","rain, fruits",green,"fertility, nourishment",,,,,,,
egyptian,mafdet,god,cat goddess,egypt,female,goddess,"justice, execution",cat,,justice,,,,,,,
buddhist,mahakala,god,protector deity,various,other,wrathful protector,"protection, dharma defense","skull cup, trishula",black,"protection, wisdom",,,,,,,
cheyenne,ma'heo'o,god,creator,cheyenne nation,other,deity,creation,thunderbird,,creator,,,,,,,
hawaiian,mahuiki,god,fire goddess,hawaii,female,goddess,fire,fire,red,fire,,,,,,,
albanian,mallkoj,spirit,guardian spirit,albanian regions,other,spirit,"guardian, blessings","eye, hand",,"guardian, blessings",,,,,,,
caribbean,mama glo,spirit,earth mother and fertility spirit,haiti,other,fertility goddess,"fertility, agriculture, nurturing","earth, plants, maternal figure","brown, green","fertility, nurturing",,,,,,,
quechua,mama killa,god,goddess of the moon,andean region,female,lunar deity,"moon, night, fertility","crescent moon, silver disk",silver,"fertility, femininity",,pachamama,inti,,,,
inca,mama ocllo,god,fertility,andes,other,goddess,fertility,,,fertility,,,,,,,
inca,mama quilla,god,creator god,koricancha (golden temple),male,earth and fertility,earth and fertility,"sun disk, llama","gold, red","earth, fertility",married,pachamama,viracocha,pachamama,"many, including manco capac, mama ocllo",,
vodou,maman brigitte,god,guardian of the cemetery,"haiti, new orleans",other,"guardian of graves, ghede queen","death, afterlife, ancestors","cross, rum, peppers","black, purple","death, afterlife",,bondye,baron samedi,,"many, including ghede",,
sumerian,mami,god,mother,sumer,other,goddess,mother,,,mother,,,,,,,
caribbean,mami wata,spirit,water spirit and mermaid goddess,"west africa, caribbean",female,"water spirit, seductress","water, prosperity, fertility","mermaid, serpent","blue, green","prosperity, fertility",,,,,,,
celtic,manannan mac lir,god,god of the sea and otherworld,isle of man,male,"mysterious and otherworldly, radiant and kind","sea, otherworld","waves, cloak","blue, silver","otherworld, sea",,,lir,,niamh,,
arab,manat,god,goddess of fate and time,arabian peninsula,female,wise and fateful,"fate, time, destiny",crescent moon,black,"destiny, time",,,,,,,
mandean,manda d hiia,spirit,knowledge and wisdom,mandaean,other,"knowledge, wisdom",enlightenment,"scroll, lamp",white,"knowledge, enlightenment",,"ptahil, ruha",,,,,
algonquin,manitou,spirit,spiritual force and essence of life,algonquian tribes,other,spiritual essence,"spiritual power, life force","nature symbols, sacred icons",various,"connection with the sacred, life force",,,,,,,
buddhist,manjushri,god,bodhisattva of wisdom,cosmic,other,wisdom incarnate,"wisdom, intelligence","sword, book",blue,"wisdom, intelligence",,,,,,,
mesopotamian,marduk,god,god of wisdom and water,sky,male,"wise and watery,",wisdom and water,"willow, moon,","white, yellow","wisdom, water",married,ki,an,xi wangmu,"many, including guanyin,",,
assyrian,marduk,god,chief god of babylon,babylonia,male,supreme deity of babylon,"babylon, creation, victory","dragon, spade","blue, gold","victory, justice",married,damkina,ea,sarpanitu,"nabu, nergal",,
babylonian,marduk,god,chief god of babylon,-,male,deity,"creation, fertility","dragon, marduk's spade",-,"creation, fertility",-,ea (enki),damkina,sarpanit,various deities,,
spanish,maris,god,god of the sea,iberian peninsula,male,powerful and mysterious,"sea, power","trident, sea waves","blue, silver","sea, power",,,,,,,
roman,mars,god,god of war,mount olympus,male,warrior,war and conflict,"spear, shield","red, gold","war, courage",married,juno,jupiter,venus,"cupid, harmonia",,
communist,marx,human,"philosopher, revolutionary",global,other,visionary leader,"socialism, class struggle",communist manifesto,red,"socialism, marxism, equality",married,henriette pressburg (mother),heinrich marx (father),jenny von westphalen,"jenny, laura, eleanor",,
slavic,marzanna,god,goddess,slavic,female,goddess,"death, winter",straw effigy,white,goddess,,,,,,,
hopi,masauwu,god,"guardian, god of the dead",hopi mesas,male,"he commands authority over the underworld, fire, and death","dead, underworld, fire",skeleton,,"guardian, god of the dead",,,,,,,
wabanaki,mateguas (water spirit),spirit,water spirit and guardian of aquatic realms,wabanaki confederacy,other,water spirit,"water, aquatic life, healing","water symbols, healing icons",blue,"connection with water, healing",,,,,,,
sami,máttaráhkká,god,goddess of the bear,sami lands,female,protective and courageous,"bears, protection",bear,brown,"protection, courage",,,,,"many, including bear spirits",,
vietnamese,mẫu thượng ngàn,god,mother goddess of the forest and mountains,forests,female,nurturing and protective,"forest, mountains","forest animals, mountains",green,"nature, protection",,,,,,,
polynesian,maui,god,"hero, demigod, and trickster",pacific islands,male,clever and mischievous,"trickery, transformation, heroism","fishhook, tattoos","brown, green","trickery, heroism",married,hina,makea,"numerous, including humans and creatures",,,
polynesian,māui,human,heroic figure and culture hero,"land, sky",other,clever and adventurous,cultural achievements,fish hook,various,"perseverance, cleverness",,papatūānuku,rangi,,various cultural beings,,
dahomey,mawu-lisa,god,"supreme deity, creator goddess",sky,female,supreme deity,"creation, life","sun, moon",gold,"creation, life",married,,,lisa,oba koso (shango),,
vietnamese,mazu,god,goddess of the sea and protector of sailors,seas,female,compassionate and protective,"sea, protection",nautical symbols,blue,"sea, protection",,,,,,,
fijian,mbete,god,god of wind and storms,wind,male,powerful and unpredictable,"wind, storms",wind symbols,various,"power of nature, unpredictability",,,,,various storm-related beings,,
sara,mbongo,spirit,"elephant spirit, symbol of strength",sara homeland,other,strong and majestic,"strength, leadership",elephant,grey,"strength, leadership",,,,,,,
yazidi,melek mirza,spirit,peacock angel,yazidi,other,divine protector,"protection, harmony","peacock, sword",blue,"protection, harmony",,,,,,,
yazidi,melek taus,god,"peacock angel, chief deity",yazidi,other,"wisdom, protection","peacock, cosmic order","peacock, sun disk",blue,"wisdom, protection",,,,,,,
phoenician,melqart,god,god of city,phoenician regions,male,god,"city, protector","lion, club",red,"city, protector",,,,,,,
french,melusine,god,water nymph and sorceress,french region,female,enchantress,"water, transformation",water symbols,blue,transformation,,,,,,,
chinese,meng po,god,lady of forgetfulness,underworld,other,gentle and forgetful,"forgetfulness, reincarnation",bowl of forgetfulness,gray,"forgetfulness, reincarnation",,,,,,,
xavante,mẽnhẽ,god,goddess of the moon,xavante territory,female,lunar deity,"moon, night, fertility","crescent moon, night symbols",silver,"fertility, femininity",,,,,,,
etruscan,menrva,god,"goddess of wisdom, arts, and war",sky,female,wise and skilled,"wisdom, arts, war","owl, helmet, spear","gold, blue","wisdom, arts, courage",,uni,tinia,,"many, including hercle",,
roman,mercury,god,messenger god,mount olympus,male,messenger,"communication,","caduceus,","multi-colored,","communication, wit",married,maia,"jupiter,","venus, maia","hermes, perseus",,
jewish,metatron,spirit,angelic scribe,heaven,other,messenger and recorder,"communication, recording, divine secrets","scrolls, wings",gold,"revelation, communication",,,,,,,
aztec,mictlantecuhtli,god,god of the dead,mesoamerica,male,lord of the underworld,"death, afterlife","skull face, skeleton body","black, white","death, afterlife",,coatlicue (mother),,,,,
toltec,mictlantecuhtli,god,god of the dead,mesoamerica,male,lord of the underworld,"death, afterlife","skull face, skeleton body","black, white","death, afterlife",,,,,,,
finnish,mielikki,god,forest queen,finland,other,goddess,forest,deer,green,forest queen,,,,,,,
armenian,mihr,god,god of the sun,armenian regions,male,god,"sun, light",solar disk,gold,"sun, light",,,,,,,
norse,mimir,spirit,wisdom keeper and guardian of the well of wisdom,asgard,other,wise and knowledgeable,"wisdom, knowledge","well, head","blue, grey","wisdom, knowledge",,not mentioned,not mentioned,,,,
roman,minerva,god,goddess of wisdom and war,rome,female,wise and strategist,"wisdom, war",owl,blue,"wisdom, war",,jupiter,metis,,,,
persian,mithra,god,god of sun and contracts,persian,male,sun god,"sun, contracts","sun, bull",red,"sun, contracts",,anahita,ahura mazda,,,,
zoroastrian,mithra,god,god of the sun,-,male,deity,"sun, light, contracts",-,-,"sun, light, contracts",-,-,-,-,various deities,,
slavic,mokosh,god,goddess of earth and fertility,earth,female,nurturing and abundant,"agriculture, fertility","sheaf of wheat, plough","green, brown","fertility, abundance",,mati syra zemlya,rod,,"many, including yarilo",,
croatian,morana,god,goddess of winter and death,croatia,female,enigmatic and stern,"winter, death",snowflake,dark blue,"transformation, cycles",,,,,,,
slavic,morana,god,goddess of winter,slavic regions,female,goddess,"winter, death, psychopomp","snowflakes, scythe",white,"winter, death",,,,,,,
slavic,morozko,god,frosty winter deity,winter,other,stern and frosty,"winter, frost, cold","frosty figure, ice staff","white, blue","winter, endurance",,mother (varies),father (varies),,,,
celtic,morrigan,god,goddess of war and fate,celtic lands,female,war goddess,"war, fate, sovereignty","crow, spear",red,"war, fate, sovereignty",married,ernmas,the dagda,the dagda,various deities,,
arab,moses,human,"prophet, lawgiver","egypt, sinai peninsula",other,"leader, lawgiver","exodus, ten commandments","burning bush, staff",,"justice, freedom",married,jochebed,amram,zipporah,"gershom, eliezer",,
ugaritic,mot,god,god of death,ugaritic regions,male,god,"death, underworld","death, scythe",black,"death, underworld",,,,,,,
canaanite,mot,god,god of death,-,male,deity,"death, underworld",-,-,death and the underworld,-,-,-,-,-,,
sara,moundang,spirit,ancestor spirits and protectors,sara homeland,other,protective and guiding,ancestral guidance,ancestral,varied,ancestral connection,,,,,,,
arab,muhammad,human,prophet,arabian peninsula,other,seal of the prophets,"monotheism, quran","crescent moon, quran",green,"compassion, submission",married,amina,abdullah,khadija,"fatimah, ali",,
sumerian,mummu,god,chaos,sumer,other,god,chaos,,,chaos,,,,,,,
egyptian,mut,god,mother goddess,egypt,female,goddess,"motherhood, royalty",vulture,blue,motherhood,,nut,geb,,"khonsu, astarte",,
spanish,nabia,god,goddess of waters and healing,lusitania,female,healing and nurturing,"waters, healing","water basin, healing herbs","blue, green","waters, healing",,,,,,,
assyrian,nabu,god,god of wisdom and writing,assyria,male,god of wisdom and knowledge,"wisdom, writing, scribes","tablet, reed pen",blue,"wisdom, knowledge",,sarpanitu,marduk,,,,
fijian,nakini,god,goddess of fire and volcanoes,volcanoes,female,passionate and destructive,"fire, volcanoes",flames,red,"transformation, destruction",,,,,various volcanic beings,,
hawaiian,namaka,god,goddess of the sea and sea creatures,"oceans, seas",female,fierce and protective,"sea, sea creatures",shells,blue,protection of the sea,,,,,various sea beings,,
sumerian,nammu,god,primeval sea,sumer,other,goddess,primeval sea,,,primeval sea,,,,,,,
ojibwe,nanabozho,human,trickster hero and teacher of wisdom,ojibwe nation,other,trickster hero,"trickery, wisdom, creator of life","trickster symbols, sacred icons",various,"wisdom, humor, creation",,sky woman,,,various (including animals and humans),,
armenian,nane,god,mother goddess,armenian regions,female,goddess,"motherhood, fertility","moon, stars",,"motherhood, fertility",,,,,,,
laotian,nang khotmok,god,goddess of the moon,moon,female,serene and mysterious,"moon, night","crescent moon, stars",silver,"serenity, mystery",,,,,,,
laotian,nang tani,spirit,spirit of the banana tree,nature,other,protective and graceful,"banana trees, nature",banana leaves,green,"protection, grace",,,,,,,
laotian,nang thorani,god,goddess of the earth,earth,female,nurturing and abundant,"earth, agriculture","earth, plants",brown,"fertility, abundance",,,,,,,
fijian,nangkato,god,goddess of healing and medicinal plants,nature,female,nurturing and healing,"healing, medicinal plants",plant symbols,green,"health, well-being",,,,,various healing beings,,
sumerian,nanna,god,god of the moon,sumer,male,"moon god, illuminating","moon, light",crescent moon,silver,"illumination, cycles",,ningal,enlil,,utu,,
sumerian,nanna (sin),god,god of the moon,-,male,deity,moon,crescent moon,-,moon,-,anu,enlil,ningal,various deities,,
inuit,nanook,god,god of bears and hunting,arctic regions,male,fierce and mighty,"bears, hunting",polar bear,white,"hunting skills, strength",,,,,"many, including bear spirits",,
celtic,nantosuelta,god,gaulish goddess of nature,celtic,female,nature goddess,"nature, healing","cornucopia, sickle",green,"nature, healing",,,,,sucellus,,
fijian,navuavu,god,god of navigation and seafaring,oceans,male,skilled and protective,"navigation, seafaring",boat symbols,blue,"safe travels, protection at sea",,,,,various sea beings,,
fijian,ndengi,god,god of the forest and wild animals,forests,male,protective and wild,"forests, wild animals",tree symbols,green,"nature, protection of wildlife",,,,,various forest beings,,
cambodian,neak ta,spirit,local guardian spirits,specific locations,other,protective and benevolent,"local area, protection","offerings, statues",varies,local protection,,,,,,,
cambodian,neak ta pring,god,god of the mountains,mountains,male,strong and protective,"mountains, protection","mountain peaks, sword",brown,"strength, protection",,,,,,,
cambodian,neang kongheng,god,goddess of music and dance,arts and culture,female,artistic and joyful,"music, dance",musical instruments,gold,"art, joy",,,,,,,
cambodian,neang neak,god,"water nymph, guardian of water and rivers","water, rivers",female,graceful and protective,"water, rivers, nature","water lily, flowing robes",blue,"water, nature",,,,,,,
cambodian,neang neak borei,god,goddess of lightning and thunder,skies,female,powerful and dynamic,"lightning, thunder","thunderbolt, clouds",blue,"power, protection",,,,,,,
cambodian,neang pov,god,goddess of rice and agriculture,fields,female,nurturing and abundant,"agriculture, fertility","rice, harvest tools",green,"agriculture, fertility",,,,,,,
cambodian,neang preah,god,goddess of love and compassion,love,female,compassionate and loving,"love, compassion","lotus flower, heart",pink,"love, compassion",,,,,,,
cambodian,neang sovatha,god,goddess of wisdom and knowledge,wisdom,female,wise and intelligent,"wisdom, knowledge","scrolls, owl",blue,"wisdom, learning",,,,,,,
egyptian,nehebkau,god,snake deity,egypt,other,deity,protection,two-headed snake,,protection,,,,,,,
egyptian,neith,god,war goddess,egypt,female,goddess,war,"bow, arrow",red,war,,,,,,,
greek,nemesis,god,goddess of retribution,mount olympus,female,just and unyielding,retribution,"scales, whip",indigo,"retribution, justice, balance",,nyx,erebus,,,,
egyptian,nephthys,god,funerary goddess,egypt,female,goddess,"mourning, death",funerary symbols,black,mourning,,nut,geb,,"anubis, astarte",,
roman,neptune,god,god of the sea and water,rome,male,mighty and oceanic,"sea, water",trident,deep blue,"ocean, water",married,saturn,ops,salacia,triton,,
assyrian,nergal,god,god of war and the underworld,assyria,male,god of war and death,"war, death, underworld","lion, weapon, flame","red, black","courage, death",married,enlil,ninlil,ereshkigal,namtar,,
sumerian,nergal,god,god of the underworld,sumer,male,"underworld god, death","underworld, death","lion, underworld gate","red, black","death, underworld",married,,enlil,ereshkigal,,,
germanic,nerthus,god,germanic earth goddess,germanic,female,earth goddess,"earth, fertility","wagon, boar",green,"earth, fertility",,,,,,,
taoist,nezha,god,deity of protection and courage,,other,courageous and loyal,"protection, courage","fire-tipped spear, magic sash","red, gold","protection, courage",,lady yin,li jing,,,,
chinese,nezha,god,god of protection and triumph,earth,male,courageous and fearless,"protection, triumph","fire wheels, spear",red,"courage, victory",,li jing (father),lady yin (mother),,,,
sara,ngaoundéré,anthropomorphism,sacred city and spiritual center,sara homeland,other,holy and sacred,"spiritual pilgrimage, trade",shrine,varied,"spiritual center, pilgrimage",,,,,,,
aboriginal,ngariman,god,"moon god, associated with cycles of the moon",sky,male,regulator of lunar cycles,"moon, time",moon,white,"time, cycles",,,,,various moon-related beings,,
sara,ngondo,spirit,rain spirit and bringer of life,sara homeland,other,life-giving and refreshing,"rain, agricultural abundance",raindrops,blue,"life, abundance",,,,,,,
guaraní,nhanderuvuçu,spirit,great spirit and creator of all things,guaraní region,other,supreme creator,"creation, life, natural order",celestial symbols,various,"harmony with nature, creation",,,,,,,
celtic,niamh,human,"otherworldly woman, lover of oisin",tir na nog,female,enchanting and eternal,"otherworld, eternal love","golden hair, swans","gold, white","otherworld, eternal love",married,,manannan mac lir,oisin,"oscar, plor na mban, and others",,
sumerian,nidaba,god,"goddess of writing, learning",-,female,deity,"writing, learning","grain, stylus",-,"writing, learning",-,enki,nisaba (nidaba),-,various deities,,
sumerian,nidaba,god,"goddess of writing, learning",-,female,deity,"writing, learning","grain, stylus",-,"writing, learning",-,enki,nisaba,-,various deities,,
cheyenne,nih'oke,spirit,spirit,cheyenne nation,other,spirit,nature,,,spirit,,,,,,,
greek,nike,god,goddess of victory,mount olympus,female,triumphant and competitive,victory,wings,white,"victory, success, competition",,pallas,,,,,
nez perce,nimi'ipuu,spirit,spirit,nez perce region,other,spirit,nature,,,spirit,,,,,,,
sumerian,ninazu,god,god of the underworld,sumer,male,"underworld god, healing","underworld, healing","serpent, healing rod","black, green","healing, underworld",,ninhursag,enki,,,,
sumerian,ningal,god,goddess of reeds and marshes,sumer,female,"reeds, marshes","nature, wetlands",reed bundle,green,"nature, wetlands",married,ninhursag,enki,nanna,,,
sumerian,ningishzida,god,"god of the underworld, vegetation",-,male,deity,"underworld, vegetation",serpent,-,"underworld, vegetation",-,-,-,-,various deities,,
sumerian,ninhursag,god,"mother goddess, lady of the mountains",sumer,female,"nurturing, healing","nature, healing",lush vegetation,green,"nurturing, healing",married,,"an, enki",enki,"enbilulu, ninazu, nisaba",,
sumerian,ninhursag,god,"mother goddess, associated with fertility",-,female,deity,"fertility, nature",-,-,"fertility, nature",-,"lahmu, lahamu","anu, anshar",enki,various deities,,
sumerian,ninisina,god,healing,sumer,other,goddess,healing,,,healing,,,,,,,
sumerian,ninkasi,god,goddess of beer and brewing,-,female,deity,"beer, brewing",-,-,"beer, brewing",-,enki,nisaba (nidaba),-,various deities,,
assyrian,ninlil,god,goddess of the air,assyria,female,air goddess,"air, wind, agriculture","grain, cloud",blue,"fertility, agriculture",married,ki,an,enlil,"many, including ninurta",,
sumerian,ninlil,god,goddess of the air,sumer,female,"air goddess, wind","air, wind","grain sheaf, wind","blue, white","air, wind, fertility",,,an,,"ninurta, nanna, enlil, inanna",,
sumerian,ninmah,god,creation,sumer,other,goddess,creation,,,creation,,,,,,,
sumerian,ninsar,god,vegetation,sumer,other,goddess,vegetation,,,vegetation,,,,,,,
sumerian,ninsikil,god,beer,sumer,other,goddess,beer,,,beer,,,,,,,
sumerian,ninsubur,god,messenger,sumer,other,goddess,messenger,,,messenger,,,,,,,
sumerian,ninti,god,rib,sumer,other,goddess,"healing, rib",,,rib,,,,,,,
sumerian,nintu,god,birth,sumer,other,goddess,birth,,,birth,,,,,,,
assyrian,ninurta,god,god of agriculture and war,assyria,male,warrior and farmer,"agriculture, war, healing","eagle, plow, bow and arrows","blue, green","agriculture, victory",married,ishtar,enlil,bau,"many, including ninurta-banda",,
sumerian,ninurta,god,god of agriculture and war,sumer,male,"warrior, farmer","agriculture, war","winged disc, plow",black,"agriculture, bravery, victory",,ninhursag,enlil,,various deities,,
sumerian,nisaba,god,goddess of grain and writing,sumer,female,"grain goddess, scribe","grain, writing","grain sheaf, writing",gold,"grain, writing, knowledge",,ninhursag,enki,,,,
norse,njord,god,god of the sea and seafaring,asgard,male,calm and seafaring,"sea, seafaring","ship, sea creatures","blue, gold","seafaring, prosperity",married,,not mentioned,skadi,freyr and freyja,,
icelandic,njörðr,god,god of the sea and seafaring,iceland,male,seafaring deity,"sea, seafaring, wealth","ships, sea",gold,"seafaring, wealth",,,,,"freyja, freyr",,
sara,nkasa,spirit,"crocodile spirit, guardian of rivers",sara homeland,other,patient and tenacious,"river protection, patience",crocodile,green,"river protection, patience",,,,,,,
sara,nkiro,spirit,"python spirit, symbol of transformation",sara homeland,other,wise and transformative,"wisdom, change",python,brown,"wisdom, adaptability",,,,,,,
ojibwe,nokomis,spirit,earth spirit,ojibwe regions,other,spirit,"earth, motherhood","earth, corn",,motherhood,,,,,,,
zulu,nomkhubulwane,god,"goddess of rain, agriculture, and fertility",earth,female,nurturing and abundant,"rain, agriculture, fertility","grain, raindrops","green, brown","fertility, abundance",,,,,,,
sardinian,noraia,god,goddess of the sea,sardinia,female,maritime and protective,"sea, protection",waves,blue,"maritime activities, protection",,,,,,,
norse,norns,spirit,fates who weave the threads of destiny,norns' well,other,enigmatic and inevitable,"destiny, fate","thread, well",grey,"destiny, inevitability",,not specified,not specified,,,,
cheyenne,notanevona,spirit,spirit,cheyenne nation,other,spirit,nature,,,spirit,,,,,,,
scottish/irish,nuada silverhand,god,king of the tuatha de danann,ireland,other,regal and skilled in combat,"leadership, combat","silver arm, sword",silver,"leadership, combat",,,,,,,
mixtec,ñuhuè,god,goddess of water,mesoamerica,female,water and aquatic life,"water, rivers",water symbols,blue,"water, life",,,,,,,
inuit,nuliajuk,god,sea goddess and mother of sea mammals,arctic regions,female,nurturing and protective,"sea, sea mammals","sea, whale","blue, white","sea life, motherhood",,,,,"many, including sea mammal spirits",,
nenets,num,god,"creator god, source of all life",nenets region,male,benevolent and creative,"creation, life","sun, reindeer",gold,"creativity, life",,,,,"many, including lesser deities",,
spanish,numantia,god,goddess of the city of numantia,numantia (spain),female,protective and resilient,"city, protection","city walls, shield","brown, gold","city, protection",,,,,,,
spanish,numinos,god,god of the sacred,iberian peninsula,male,sacred and divine,"sacred, divine",sacred symbols,"white, gold","sacred, divine",,,,,,,
nenets,num-koyan,god,goddess of fire,nenets region,female,transformative and cleansing,"fire, purification","flames, torch","red, orange","transformation, cleansing",,,,,"many, including hearth spirits",,
siberian,num-torum,god,"creator god, master of all spirits",siberia,male,wise and benevolent,"creation, spirituality","solar disc, eagle",gold,"wisdom, spirituality",,,,,"many, including ak ana",,
turkish,num-torum's sons,human,heroes,turkic regions,other,heroes,heroism,weapons,,heroism,,,,,,,
nenets,num-toyon,god,god of the sun and day,nenets region,male,radiant and warm-hearted,"sun, day","sun, deer antlers",gold,"light, warmth",,,,,"many, including lesser deities",,
nenets,num-urka,god,god of the earth and nature,nenets region,male,grounded and protective,"earth, nature","mountain, tree","brown, green","grounding, nature",,,,,"many, including nature spirits",,
egyptian,nun,god,primordial deity of the primordial waters,egypt,other,watery abyss,"primordial waters, chaos","water, infinite expanse",blue,"primordial waters, chaos, potential",,,,,various primordial beings,,
sardinian,nur,god,earth and fertility goddess,sardinia,female,fertile and life-giving,"earth, fertility",grain,brown,"fertility, abundance",,,,,,,
ainu,nusa kamuy,god,the community-founding kamuy,ainu,other,deity,he represents the dead and serves as a messenger to the other kamuy,,,the community-founding kamuy,,,,,,,
sumerian,nuska,god,fire,sumer,other,god,fire,,,fire,,,,,,,
sumerian,nusku,god,god of fire and light,-,male,deity,"fire, light","fire, lamp",-,"fire, light",-,anu,ki (ninhursag),-,various deities,,
egyptian,nut,god,sky goddess,egypt,female,goddess,"sky, stars","starry sky, cow",blue,infinity,,tefnut,shu,,"osiris, isis, seth",,
ainu,nutune kamuy,god,sea,ainu,other,deity,sea,,,sea,,,,,,,
chinese,nuwa,god,creator goddess,china,female,creator of humans,"creation, humanity, balance","serpent tail, palettes",multicolor,"creation, balance, harmony",married,,,fuxi,humanity,,
chinese,nüwa,god,"creator goddess, shaper of humanity",earth,female,creative and caring,"creation, humanity","serpent, clay figurines",multicolored,"creativity, caring",,,,,humanity,,
indonesian,nyai roro kidul,god,"queen of the southern sea, goddess of the underworld",indian ocean,female,mysterious and powerful,"sea, underworld","ocean, green color",green,"mystery, sea",,,,,,,
akan,nyame,god,"sky god, supreme god",sky,male,supreme deity,"creation, life","sun, moon",gold,"creation, life",,,,,onyankapon ,,
nenets,nyrylgyn,god,god of dreams and visions,nenets region,male,mysterious and inspirational,"dreams, visions","moon, star","silver, blue","imagination, inspiration",,,,,"many, including dream spirits",,
sao,oba,god,goddess of rivers and wealth,rivers,female,wealthy and benevolent,"rivers, wealth",river current,blue,"wealth, prosperity, river blessings",,yemoja,olokun,,various river and wealth deities,,
sao,obatala,god,"god of wisdom, purity, and creation",sky,male,wise and pure,"wisdom, purity, creation",ivory staff,white,"wisdom, purity, creative expression",,olodumare,,,various wisdom and creation deities,,
yoruba,obatala,god,god of wisdom and purity,yoruba lands,male,"wise, pure","wisdom, peace",white cloth,white,"wisdom, peace",,yemoja,olorun,,orunmila,,
yoruba,ochosi,god,god of hunting and justice,yoruba lands,male,"hunter, just","hunting, justice",bow and arrow,"blue, yellow","hunting, justice",married,yemoja,olorun,oshun,orunmila,,
yoruba,ochun,god,goddess of rivers and love,yoruba lands,female,"sweet, compassionate","rivers, love","rivers, mirror",yellow,"love, compassion",married,yemoja,olorun,shango,"oya, ogun",,
sao,ode,god,"god of hunting, wilderness, and abundance",forests,male,wild and abundant,"hunting, wilderness, abundance",bow and arrow,green,"hunting skills, abundance, nature",,olodumare,,,various hunting and wilderness deities,,
norse,odin,god,"allfather, god of wisdom and war",asgard,male,all-fatherly,wisdom and creation,"gungnir (spear), wolves","blue, silver","wisdom, creation",married,bestla,borr,"frigg, many others","many, including thor, loki",,
vodou,ogun,god,god of war and iron,"haiti, new orleans",male,"warrior, smith, protector","war, iron, labor","machete, sword, anvil","red, blue","warrior code, labor",married,bondye,,erzulie freda,"many, including ghede",,
sao,ogun,god,"god of iron, war, and labor",earth,male,courageous and industrious,"iron, war, labor",machete,iron gray,"strength, labor, protection",,olodumare,,,various iron and war deities,,
caribbean,ogun,spirit,warrior spirit,"haiti, cuba, trinidad",other,"warrior, blacksmith","war, iron, labor","machete, anvil","iron, black","strength, hard work",,,,,,,
yoruba,ogun,god,god of iron and war,yoruba lands,male,"warrior, smith","war, iron",iron tools,iron gray,"courage, strength",married,yemoja,olorun,oshun,shango,,
scottish/irish,oisin,human,"poet and warrior, son of fionn mac cumhaill",ireland,other,poetic and skilled in combat,"poetry, combat","harp, sword","green, blue","poetry, combat",married,sadb,fionn mac cumhaill,niamh,,,
powhatan,okeus,god,supreme being and source of all existence,powhatan confederacy,other,supreme being,"creation, existence, universal power",cosmic symbols,cosmic colors,"existence, universal power",,,,,,,
powhatan,okeusuwah (evening star),spirit,evening star spirit and guardian of night,powhatan confederacy,other,evening star spirit,"evening star, night, comfort",celestial symbols,black,"night, comfort",,,,,,,
ainu,okikurumi,god,creator god,ainu regions,male,god,creation,"mountains, sea",,creation,,,,,,,
yoruba,olabayi,god,sky god,yoruba regions,male,god,"sky, weather","sky, thunder",blue,"sky, weather",,,,,,,
nez perce,old man coyote,spirit,trickster,nez perce region,other,spirit,trickery,coyote,,humor,,,,,,,
sao,olodumare,god,"supreme deity, creator of the universe",cosmos,other,wise and transcendent,"creation, order",solar disk,gold,"creation, order, cosmic balance",,,,,all beings and aspects of existence,,
dahomey,olokun,god,goddess of the sea and wealth,sea,female,wealthy and mysterious,"sea, wealth","fish, pearls",blue,"wealth, mystery",,,,,,,
sao,olokun,god,goddess of the sea and wealth,oceans,female,enigmatic and wealthy,"sea, wealth",conch shell,blue,"wealth, abundance, oceanic mysteries",,olodumare,,,various sea and wealth deities,,
yoruba,olorun,god,supreme deity,yoruba cosmology,other,"creator, source","creation, order","sun, light",gold,"creation, cosmic order",,,,,,,
maasai,oltaiyoni,spirit,spirit of the mountain,maasai regions,other,spirit,"mountain, guardian",mountain symbols,,"mountain, guardian",,,,,,,
yanomami,omama,god,sky goddess and mother of humans,amazon rainforest,female,maternal sky deity,"sky, humans, fertility","sky, celestial symbols",blue,"fertility, life",,,,,humans,,
olmec,ometeotl,god,dual-deity (ome and teotl),mesoamerica,other,cosmic creator,"creation, dualism","dual faces, abstract symbols",,"creation, balance",,,,,,,
aztec,ometeotl,god,supreme deity embodying duality and unity,mesoamerica,other,cosmic duality,"duality, unity, creation",dual faces,,"duality, unity, balance, creation",,,,,various deities,,
iroquois,ondonti,spirit,spirit,iroquois nations,other,spirit,"nature, water","water, river",,"nature, water",,,,,,,
vietnamese,ông tao,god,"kitchen god, overseer of household",earth,male,observant and reporting,household affairs,"stove, whisk",red,household harmony,,,,,,,
mongolian,ongon,spirit,household spirits and ancestral guardians,earth,other,protective and ancestral,"household, ancestral spirits",ancestral symbols,varies,"ancestral worship, protection",,gazar eej,udgan eej,,,,
roman,ops,god,goddess of plenty,italy,female,abundant and nurturing,"abundance, harvest",sheaf of wheat,green,"abundance, harvest",,,,,,,
yoruba,ori,spirit,guardian spirit,yoruba region,other,spirit,"destiny, inner head",head symbol,,destiny,,,,,,,
tahitian,oro,god,god of war and fertility,"war, fertility",male,warlike and fertile,"war, fertility, music","war clubs, war symbols",red,"war, fertility, music",,sky father,earth mother,,"many, including war and fertility spirits",,
sao,orun,spirit,collective term for ancestral spirits and deceased individuals,cosmos,other,ancestral and ethereal,ancestral connections,ancestral spirits,varied,"ancestral guidance, remembrance",,olodumare,,,various ancestral spirits,,
sao,orunmila,god,"god of wisdom, divination, and knowledge",cosmos,male,wise and knowledgeable,"divination, wisdom",divination tools,green,"wisdom, knowledge, foresight",,olodumare,,,various divinatory and wisdom deities,,
yoruba,orunmila,god,god of wisdom and divination,yoruba lands,male,"wise, knowledgeable",divination,"opele chain, iroke",green,"wisdom, divination",,yemoja,olorun,,orunmila,,
sao,osanyin,god,"god of herbs, healing, and mystical knowledge",forests,male,wise and healing,"herbs, healing, mystical knowledge",bundle of herbs,green,"healing, herbal knowledge, mysticism",,olokun,orunmila,,various herb and healing deities,,
creek,oshito,spirit,sun spirit,creek nation,other,spirit,sun,sun,,sun spirit,,,,,,,
sao,oshosi,god,"god of hunting, justice, and divination",forests,male,just and skilled,"hunting, justice, divination",bow and arrow,green,"justice, divination, hunting skills",,olokun,obatala,,various hunting and justice deities,,
yoruba,oshumaré,god,rainbow deity,yoruba region,other,deity,rainbow,rainbow,,transformation,,,,,,,
sao,oshun,god,"goddess of love, fertility, and rivers",rivers,female,sensual and nurturing,"love, fertility, rivers",water jug,yellow,"sensuality, fertility, creativity",,olodumare,,,various love and river deities,,
yoruba,oshun,god,goddess of love and fertility,yoruba lands,female,"sweet, sensual","love, fertility","rivers, honey",yellow,"love, fertility",married,yemoja,olorun,shango,"oya, ogun",,
yoruba,oshun,god,"goddess of love, fertility, and rivers",west africa,female,deity,"love, fertility, rivers","rivers, fan",yellow,"love, fertility, wealth",-,oduduwa,obatala,-,various deities,,
egyptian,osiris,god,god of the afterlife,duat (underworld),male,"resurrected and ruler of the underworld,",death and afterlife,"crook and flail,","gold, yellow","afterlife, resurrection",married,isis,osiris,"isis, nephthys","many, including hapi, kebechsenef,",,
egyptian ,osiris,god,"god of the afterlife, associated with resurrection",egypt,male,deity,"afterlife, resurrection",crook and flail,green,"afterlife, resurrection",-,nut,geb,isis,"horus, anubis, set",,
sao,osun,god,"goddess of love, fertility, and rivers",rivers,female,loving and fertile,"love, fertility, rivers",heart,yellow,"love, fertility, emotional well-being",,olodumare,,,various love and river deities,,
iroquois,owayeonh,spirit,spirit,iroquois nations,other,spirit,"wind, air",wind,,"wind, air",,,,,,,
sao,oya,god,"goddess of wind, storms, and transformation",sky,female,powerful and transformative,"wind, storms, transformation",tornado,purple,"change, transformation, vitality",,olodumare,,,various wind and storm deities,,
yoruba,oya,god,goddess of wind and transformation,yoruba lands,female,"fierce, transformative","wind, change","winds, tornadoes",burgundy,"change, transformation",married,yemoja,olorun,shango,,,
inca,pachamama,god,sun god,koricancha (golden temple),male,creator and life,creation and life,"sun disk, corn cob","gold, black","creation, life",married,viracocha,viracocha,"mama quilla,","many, including xochiquetzal,",,
egyptian,pakhet,god,lioness goddess,egypt,female,goddess,"hunting, war",lioness,gold,"hunting, war",,,,,,,
buddhist,palden lhamo,god,guardian goddess,tibet,female,wrathful protector,"protection, terrifying aspect","mule, trampling demon",blue/black,"protection, justice",,,,,,,
tibetan,palden lhamo,god,guardian goddess,tibetan buddhism,female,deity,"protection, wrath","mule, blue lotus",blue,"protection, wrath",,,,,,,
sicilian,palici,god,twin gods of geysers and springs,sicily,male,protective and benevolent,"geysers, springs","springs, geysers",blue,"purification, protection",,,,,,,
greek,pan,god,god of the wild,greek,male,wild god,"nature, music","goat, pan pipes",brown,"nature, music",,,hermes,,,,
greek,panacea,god,goddess of healing,mount olympus,female,healing and soothing,"healing, medicine",bowl of medicine,green,"healing, health, wellness",,asclepius,epione,,,,
caribbean,papa bois,spirit,nature and forest spirit,trinidad and tobago,other,guardian of nature,"forests, wildlife, nature conservation","horns, cloak of leaves","green, brown","nature, conservation",,,,,,,
caribbean,papa legba,god,gatekeeper and loa of crossroads,"haiti, vodou",other,guardian of crossroads,"communication, opportunity, spirituality","old man, crossroads symbol","red, black","communication, opportunity",,bondye,maman brigitte,,"many, including ghede",,
polynesian,papatūānuku,god,"earth goddess, mother of all",earth,female,nurturing and protective,"earth, nature",earth,brown,"nature, motherhood",,,,,various nature-related beings,,
sumerian,papsukkal,god,messenger,sumer,other,god,messenger,,,messenger,,,,,,,
zoroastrian,parendi,spirit,spirit of victory,-,other,deity,victory,-,-,victory,-,-,-,-,various deities,,
hindu,parvati,god,goddess of power and love,mount kailash,female,gentle and fierce,"love, motherhood","trishula, lotus",red,"power, love",married,himavan,,shiva,"ganesha, kartikeya",,
powhatan,paukunawaw,spirit,sun spirit and guardian of day,powhatan confederacy,other,solar spirit,"sun, day, light","sun disk, radiant symbols","yellow, red","light, warmth",,,,,,,
nenets,peksegei,god,god of thunder and lightning,nenets region,male,powerful and thunderous,"thunder, lightning","thunderbolt, drum","blue, white","power, energy",,,,,"many, including storm spirits",,
hawaiian,pele,god,"goddess of fire, volcanoes, and creator","fire, volcanoes",female,"passionate and creative, destructive","fire, volcanoes, creation","fire, lava, hibiscus flower","red, yellow","transformation, creativity, passion",,haumea,kane milohai,kamapua'a,"many, including fire and lava spirits",,
baltic,perkūnas,god,god of thunder and the sky,sky,male,thunderous and protective,"thunder, protection, war","axe, thunderbolts","red, gold","protection, war",,saule,dievas,,"many, including giants and demons",,
greek,persephone,god,goddess of spring and the underworld,underworld,female,compassionate and resilient,"spring, afterlife",pomegranate,green,"renewal, transition, growth",married,demeter,zeus,hades,,,
slavic,perun,god,god of thunder and lightning,sky,male,thunderous and strong,"thunder, storms","axe, hammer","red, white","power, courage",,svarog,svarog,,"many, including veles",,
laotian,phi am,spirit,guardian spirit of places,specific locations,other,protective and localized,local protection,"offerings, statues",varies,local guardian,,,,,,,
laotian,phi kong koi,spirit,house spirit,houses,other,mischievous and protective,"homes, protection","ancestral altar, incense",white,"home, protection",,,,,,,
laotian,phi phrai,spirit,ghost spirit,spirit realm,other,vengeful and restless,"ghostly haunting, revenge",ghostly apparition,grey,"restless spirits, vengeance",,,,,,,
laotian,phi pop,spirit,spirit of the ancestors,ancestral spirits,other,respectful and ancestral,"ancestral worship, guidance","ancestral altar, offerings",white,ancestral connection,,,,,,,
laotian,phya khankhaak,god,god of the sky and weather,sky,male,powerful and commanding,"sky, weather","clouds, lightning",blue,"power, authority",,,,,,,
laotian,phya naga,god,"serpent deities, guardians of water","rivers, waters",other,protective and serpentine,"water, protection","serpent, water",blue,"protection, water",,,,,,,
mapuche,pillán,spirit,spirits of ancestors and natural forces,mapuche territory,other,ancestral spirits,"nature, elements, protection","wind, lightning, natural symbols",various,ancestral connection,,,,,,,
inuit,pinga,god,goddess of the hunt and fertility,arctic regions,female,nurturing and skillful,"hunting, fertility",bow and arrows,"green, brown","fertility, hunting success",,,,,"many, including animal spirits",,
ainu,pirka-us kamuy,god,marsh,ainu,other,deity,marsh,,,marsh,,,,,,,
zapotec,pitao cozobi,god,god of maize and rain,mesoamerica,male,maize god and rain god,"maize, rain, agriculture",maize symbols,green,"maize, rain, agriculture",,,,,,,
roman,pluto,god,god of the underworld,rome,male,mysterious and underworldly,"underworld, wealth",cerberus,black,"underworld, wealth",married,saturn,ops,proserpina,,,
polynesian,po,god,personification of darkness,underworld,other,enveloping and mysterious,"darkness, night",night sky,black,appreciation of night,,,,,various night-related beings,,
hawaiian,po,spirit,primordial darkness and chaos,hawaii,other,cosmic darkness,"darkness, chaos, primordial state",,,"darkness, chaos, origin",,,,,various cosmic forces,,
nenets,poley,god,goddess of the hearth and home,nenets region,female,domestic and protective,"hearth, home","hearth, cooking utensils","red, brown","hearth, home",,,,,"many, including household spirits",,
hawaiian,poliahu,god,snow goddess,hawaii,female,goddess,"snow, ice",snowflakes,white,snow goddess,,,,,,,
hawaiian,poli'ahu,god,goddess of snow and ice,mountains,female,graceful and pure,"snow, ice",snowflakes,white,"purity, beauty",,,,,various ice-related beings,,
greek,poseidon,god,god of the sea,olympus,male,powerful and unpredictable,sea and earthquakes,"trident, horse","blue, green","power, unpredictability",married,rhea,cronus,"amphitrite, many others,","many, including triton",,
cambodian,preah thaong and neang neak,god,legendary lovers,earth,other,romantic and courageous,"love, adventure","heart, sword",red,"love, courage",married,,,each other,children together,,
communist,proletariat,human,champions of the working class,global,other,working class heroes,"equality, social justice",hammer and sickle,red,"equality, workers' rights, solidarity",married,collective,collective,collective,collective,,
capitalist,prosperity,god,goddess of wealth and prosperity,global,female,wealth accumulator,"prosperity, commerce, success","coins, abundance",gold,"prosperity, wealth, success",,,,,"fortune, fortune",,
greek,proteus,god,"sea god, shape-shifter",greece,male,shapeshifter,"sea, change, wisdom",shape-shifting abilities,blue,"adaptability, wisdom, change",,poseidon,nereus,,,,
egyptian,ptah,god,creator god and craftsman,memphis,male,creative and skilled,"creation, craftsmanship","bull, djed pillar",navy blue,"creation, craftsmanship",,,,,,,
gnostic,ptahil,god,"demiurge, creator of the material world",gnostic,other,"demiurge, creator",material creation,,,"material creation, order",,,,,,,
lakota,ptehe wakinyan,spirit,thunderbird spirit,lakota nation,other,spirit,"thunder, lightning",thunderbird,,"thunder, lightning",,,,,,,
lakota,ptesan wi,spirit,white buffalo calf,lakota nation,other,spirit,prophecy,white buffalo calf,white,prophecy,,,,,,,
norman,puck,spirit,mischievous spirit,normandy,other,trickster spirit,"mischief, pranks",mischievous symbols,green,"mischief, humor",,,,,,,
hawaiian,pukalani,god,goddess,hawaii,female,goddess,"beauty, agriculture",flowers,,"beauty, agriculture",,,,,,,
algonquin,pukawiss,spirit,spirit,algonquin regions,other,spirit,"wind, dreams","wind, dreamcatcher",,"wind, dreams",,,,,,,
inuit,pukimnaq,god,sea ice god,arctic regions,male,solid and unyielding,sea ice,sea ice,"blue, white","stability, solidity",,,,,sea ice spirits,,
polynesian,punga,god,god of sharks and sea creatures,"ocean, seas",male,mysterious and predatory,"sharks, sea creatures","sharks, sea creatures",various,balance in nature,,,,,various sea creatures,,
sumerian,puzur-amurri,god,purification,sumer,other,god,purification,,,purification,,,,,,,
yazidi,qadis,spirit,angelic being,yazidi,other,angelic being,"holiness, purity",,white,"holiness, purity",,,,,,,
yazidi,qawalish,anthropomorphism,sacred being,yazidi,other,sacred being,"holiness, purity",,white,"holiness, purity",,,,,,,
arab,qaynan,god,god of carpentry and metalwork,arabian peninsula,male,skilled artisan and builder,"carpentry, metalwork, craftsmanship",hammer and anvil,brown,"craftsmanship, artistry",,,,,,,
sumerian,qingu,god,rebellion,sumer,other,god,rebellion,,,rebellion,,,,,,,
chinese,quan yin,god,goddess of compassion,heaven,female,compassionate and merciful,compassion and mercy,"willow branch, lotus","gold, white","compassion, mercy",married,emperor,jade emperor,"many, including golden cicada","many, including amatsu mikaboshi",,
canaanite,qudshu (qadesh),god,goddess of love,-,female,deity,"love, sacred sexuality",-,-,love and sacred sexuality,-,-,-,-,-,,
toltec,quetzalcoatl,god,feathered serpent god,mesoamerica,male,creator and wind god,"creation, wind, learning","feathered serpent, wind",white,"wisdom, creation",,,,,,,
aztec ,quetzalcoatl,god,feathered serpent god,mesoamerica,male,creator and wind god,"creation, wind",feathered serpent,blue,"creation, wind, wisdom",-,coatlicue,mixcoatl,-,various deities,,
roman,quirinus,god,god of war and protection,italy,male,protective and warlike,"war, protection",spear,red,"protection, war",,,,,,,
egyptian,ra,god,sun god,heliopolis,male,radiant and powerful,"sun and light,","sun disk, falcon","red, orange","sun, light",married,nut,ra,"isis, nephthys","horus, anubis",,
hindu,radha,god,goddess of love and devotion,vrindavan,female,devoted and compassionate,"love, devotion","lotus, veena",rose pink,unconditional love,married,"kirti, vrishabhan",,krishna,various consorts,,
sami,radien,god,supreme god and creator,sami lands,male,wise and benevolent,"creation, wisdom","sun, sky",yellow,"creation, wisdom",,,,,"many, including nature spirits",,
sami,radien-attje,god,"son of radien, guardian of nature and wilderness",sami lands,other,protector of nature,"nature, wilderness","trees, animals","green, brown","nature, wilderness",,radien,maderakka,,"many, including nature spirits",,
egyptian,ra-horakhty,god,sun god,egypt,male,god,"sun, kingship","sun disk, falcon",gold,kingship,,nut,geb,,"shu, tefnut",,
shinto,raijin,god,god of thunder and lightning,sky,male,powerful and destructive,"thunder, lightning","drum, drumsticks","red, black","power, destruction",,,,,"many, including fujin",,
aboriginal,rainbow serpent,anthropomorphism,"creator of landscapes, waterways, and life","land, waterways",other,creative and transformative,"creation, shaping the land","rainbow, serpent",various,"creation, transformation",married,,,"various, including daramulum",various land and water creatures,,
fijian,raiqeu,god,god of thunder and lightning,sky,male,powerful and destructive,"thunder, lightning",lightning bolt,various,"power, awe",,,,,various storm-related beings,,
norse,ran,god,"sea goddess, associated with the drowned",scandinavia,female,sea goddess,"sea, drowned souls",sea waves,blue,"sea, grief, compassion",married,,,aegir,various offspring,,
sami,rana-niejta,god,goddess of the sea and ocean,sami lands,female,vast and mysterious,"sea, ocean","waves, sea creatures","blue, green","vastness, mystery",,,,,"many, including sea spirits",,
indonesian,rangda,god,"demon queen, symbol of chaos",bali,other,chaotic and malevolent,"chaos, destruction","fangs, skull",black,"chaos, destruction",,,,,,,
polynesian,rangi,god,"sky god, father of all",sky,male,protective and overarching,"sky, cosmic balance",sky,blue,cosmic balance,,,,,various celestial beings,,
jewish,raphael,spirit,archangel of healing,heaven,other,healer and protector,"healing, guidance, travel",healing staff,green,"compassion, healing",,,,,,,
persian,rashnu,god,god of truth and justice,persia,male,fair and impartial,"truth, justice",scales,blue,"truth, justice",,,,,,,
zoroastrian,rashnu,god,judge of souls in the afterlife,-,other,deity,judgment in the afterlife,scales,-,judgment in the afterlife,-,-,-,-,various deities,,
norse,ratatoskr,spirit,squirrel messenger between yggdrasil and nidhogg,yggdrasil and nidhogg,other,talkative and mischievous,"messaging, mischief",squirrel,brown,"communication, mischief",,,,,,,
fijian,ratu sunusi,god,god of war and chief of the war gods,war,male,fierce and strategic,"war, leadership",war clubs,red,"courage, strategic thinking",,,,,various war-related beings,,
fijian,ratumaibulu,god,goddess of fertility and agriculture,agriculture,female,fertile and nurturing,"agriculture, fertility",fertility symbols,green,agricultural abundance,,,,,various agricultural beings,,
tlingit,raven,human,trickster hero and creator of the world,tlingit nation,other,trickster hero,"creation, trickery, transformation","raven, trickster symbols",black,"creativity, humor, transformation",,sky woman,,,various (including humans),,
atheist,reason,human,advocate of rational thinking,global,other,rational thinker,"science, logic, critical thinking","open book, telescope",blue,"reason, science, critical thinking",,,,,enlightenment,,
phoenician,resheph,god,god of plague,phoenician regions,male,god,"plague, war","plague, bow",,"plague, war",,,,,,,
canaanite,resheph,god,god of plague,-,male,deity,"plague, healing",bow and arrow,-,plague and healing,-,-,-,-,various deities,,
greek,rhea,god,"titaness, mother of the gods",greek,female,"titaness, mother","motherhood, fertility","lion, crown",green,"motherhood, fertility",married,uranus,gaia,cronus,"zeus, hera, poseidon, hades",,
slavic,rod,god,primordial deity of ancestry and kinship,eastern europe,other,ancestral essence,"ancestry, kinship, life",ancestral lineage,brown,"ancestry, kinship, family bonds",,,,,various ancestral spirits,,
maori,rongo,god,god of cultivated plants and peace,gardens,male,peaceful and agricultural,"cultivated plants, peace","cultivated plants, peace","green, brown","agriculture, peace",,papatuanuku,ranginui,,"many, including plants and peace spirits",,
polynesian,rongo,god,god of agriculture and peace,land,male,"peaceful, fertile  nurturing","agriculture, prosperity, plants","agricultural tools, cultivated crops",green,"peace, prosperity, agricultural abundance",,papatūānuku,rangi,,various plant-related beings,,
tahitian,rongo,god,god of peace and cultivated plants,agriculture,male,harmonious and nurturing,"agriculture, plants",cultivated crops,various,"peace, agricultural abundance",,,,,various agricultural beings,,
tahitian,ro'o,god,god of agriculture and fertility,agriculture,male,nurturing and fertile,"agriculture, fertility",fertile soil,green,agricultural abundance,,,,,various agricultural beings,,
polynesian,rūaumoko,god,god of earthquakes and volcanoes,underground,male,powerful and unpredictable,"earthquakes, volcanic activity","earth, fire",red,respect for natural forces,,papatūānuku,rangi,,various volcanic beings,,
arab,ruda,god,goddess of love and beauty,pre-islamic arabia,female,radiant and loving,"love, beauty, joy",flower,pink,"love, joy",,,,,,,
hindu,rudra,god,"praised as the ""mightiest of the mighty"", deity associated with storms and destructive forces, rudra is sometimes considered a fearsome and powerful aspect of lord shiva",natural elements and cosmic forces,other,"fierce, benevolent","while associated with destruction, rudra is also a healer and a purifier. destroyer and transformer: rudra is often recognized as the destructive and transformative aspect of the divine trinity in hinduism, alongside brahma (the creator) and vishnu (the preserver). as the destroyer, rudra facilitates the process of dissolution, making way for regeneration and new creation."," storms, such as lightning and the drum (damaru)","red, shades of blue",rudra is considered a form of lord shiva,married,-,brahma,"rudrani, parvati",birth of eleven rudras from rudra's face,,
hindu,rudrani,god,"parvati is the daughter of the mountain king himalaya and is considered the reincarnation of sati, the first wife of shiva. ",natural elements and cosmic forces,other,devotion and love,"rudrani, she represents the gentle and nurturing aspect of shiva.","lotus, trishula (trident), vahana (mount), third eye, moon crescent, nandi (bull), veena (musical instrument)","red, shades of blue",shakti and shiva unity: the union of rudra (shiva) and rudrani (parvati) symbolizes the unity of shakti (divine feminine energy) and shiva (divine masculine energy),married,parvati,shiva,"rudra, shiva","kartikeya, ganesha",,
gnostic,ruha,spirit,"holy spirit, divine feminine",gnostic,other,divine feminine,spiritual guidance,"dove, holy fire",white,"spiritual guidance, wisdom",,,,,,,
sami,ruto,spirit,male water spirit,sami lands,other,powerful and commanding,"water, lakes","waves, water",blue,"power, command",,,,,spirits of water,,
arab,safa,god,goddess of purity and serenity,mecca,female,pure and serene,"purity, serenity",lotus flower,white,"purity, serenity",,,,,,,
iroquois,sagakwetah,spirit,spirit,iroquois nations,other,spirit,"thunder, lightning",thunderbolt,,thunder,,,,,,,
christian,saint anthony of padua,human,patron of lost things,italy,other,franciscan friar,"finding lost items, miracles","lily, infant jesus",brown,"compassion, helpfulness",,martin de alho,teresa tavejra,,,,
christian,saint augustine of hippo,human,theologian and bishop,algeria,other,theologian,"theology, confessions","heart, bishop's mitre","red, white","theology, repentance",,saint monica,patricius,,adeodatus,,
christian,saint francis of assisi,human,patron of animals,italy,other,humble monk,"nature, animals","animals, tau cross","brown, grey","humility, love for nature",,pica bernardone,pietro bernardone,,,,
christian,saint gabriel,spirit,"archangel, messenger",heaven,other,divine messenger,"annunciation, guidance","trumpet, lily",white,"communication, purity",,,,,,,
christian,saint ignatius of loyola,human,founder of jesuits,spain,other,jesuit priest,"education, spiritual exercises","sun, book symbols","red, blue","education, spirituality",,maría de loyola,beltrán de onaz,,,,
christian,saint joseph,human,guardian and protector,nazareth,other,just man,"protection, fatherhood","lily, carpentry tools",brown,"humility, protection",,,,,jesus christ (stepfather),,
christian,saint mary,human,mother of jesus,jerusalem,other,virgin mother,"motherhood, compassion","rose, lilies","blue, white","motherhood, purity",,anne,joachim,,jesus christ,,
christian,saint michael,spirit,"archangel, protector",heaven,other,angelic warrior,"protection, defending","sword, shield",blue,"courage, strength",,,,,,,
alsatian,saint odile,human,patron saint,alsace,other,saintly figure,"patronage, miracles",christian symbols,white,"devotion, compassion",,,,,,,
christian,saint paul,human,apostle and missionary,various,other,missionary,"evangelism, letters","sword, book symbols","red, white","evangelism, courage",,,,,,,
christian,saint peter,human,apostle and first pope,"rome, vatican",other,faithful apostle,"leadership, keys","keys, papal symbols","gold, white","faith, leadership",,,,,,,
christian,saint raphael,spirit,"archangel, healer",heaven,other,divine healer,"healing, guidance","staff, fish",green,"health, guidance",,,,,tobias,,
christian,saint teresa of avila,human,mystic and writer,spain,other,mystic nun,"prayer, contemplation","heart, quill pen",white,"prayer, spirituality",,beatriz de ahumada,alonso sánchez de,,,,
spanish,salacia,god,goddess of saltwater and the sea,iberian peninsula,female,salty and oceanic,"saltwater, sea","salt, dolphins","blue, silver","saltwater, sea",married,,,neptune,,,
jewish,samael,spirit,angel of severity or venom,heaven,other,angel of death or poison,"judgment, severity, accuser","sword, serpent",red,"justice, consequence",,,,,,,
korean,samshin halmoni,god,goddess of birth and life,earth,female,protective and compassionate,"protection, childbirth",protective aura,white,"protection, motherhood",,,,,,,
jewish,sandalphon,spirit,archangel of prayer,heaven,other,deliverer of prayers to god,"prayer, connection, spiritual communication","harp, wings",white,"devotion, communication",,,,,,,
indonesian,sang hyang widhi,god,supreme god in balinese hinduism,"bali, indonesia",male,transcendent and benevolent,"creation, spiritual harmony","lotus, sacred symbols",white,"transcendence, harmony",,,,,,,
sami,sarakka,god,goddess of the hearth and home,sami lands,female,warm and nurturing,"hearth, home","hearth, fire","red, yellow","home, hearth",,,,,"many, including hearth spirits",,
hindu,saraswati,god,"goddess of knowledge, music, and arts",,female,wise and artistic,"knowledge, music, arts","veena, book, swan",white,"knowledge, artistic expression",married,,,brahma,,,
assyrian,sarpanitu,god,queen of the gods,assyria,male,queen of the gods,"motherhood, fertility, queenship","tiara, lion","red, gold","motherhood, queenship",,lahmu,lahamu,,"marduk, nabu",,
shinto,sarutahiko,god,deity,japan,other,deity,"guidance, crossroads","sword, dog",,"guidance, crossroads",,,,,,,
roman,saturn,god,god of time and agriculture,italy,male,wise and agricultural,"time, agriculture",sickle,brown,"agriculture, patience",,,,,,,
baltic,saule,god,goddess of the sun,sky,female,radiant and warm,"sun, light","sun disk, radiant symbols","gold, yellow","radiance, warmth",,baltic,baltic,,"many, including meness",,
siberian,sayan,god,god of mountains and nature,siberia,male,stoic and powerful,"mountains, nature","mountain peaks, trees","brown, green","nature, strength",,,,,"many, including spirits of nature",,
inuit,sedna,god,"goddess of the sea, marine animals, and underworld",arctic regions,female,protective and enigmatic,"sea, marine life, underworld","fish, sea creatures","blue, white","protection, abundance, transformation",,,,,various sea creatures,,
egyptian,sekhmet,god,goddess of war and healing,egypt,female,lioness warrior,"war, healing, protection","lioness, sun disc",red,"courage, healing, protection",,nut,ra,,,,
egyptian,selqet,god,scorpion goddess,egypt,female,goddess,"protection, healing",scorpion,red,protection,,,,,,,
cherokee,selu,god,corn mother and provider of nourishment,cherokee nation,other,agricultural deity,"corn, agriculture, nourishment","corn, harvest symbols","yellow, green","agriculture, nourishment",,,,,children of the corn,,
indonesian,semar,god,god of guidance and protection,java,male,kind and wise,"guidance, protection","wayang puppet, beard",multicolored,"guidance, protection",,,,,,,
korean,seonnyeo,spirit,"celestial maiden, attendants to the jade emperor",heaven,other,graceful and divine,serving the jade emperor,heavenly robes,multicolored,"devotion, service",,,,,,,
egyptian,serqet,god,scorpion goddess,egypt,female,goddess,protection,scorpion,,protection,,,,,,,
egyptian,set,god,chaos god,egypt,male,god,"chaos, desert",set animal (typhon),red,ambition,,nut,geb,,"anubis, astarte",,
canaanite,shalim,god,god of dusk,-,male,deity,"dusk, peace",-,-,dusk and peace,-,-,-,-,various deities,,
assyrian,shamash,god,god of the sun and justice,assyria,male,sun god and judge,"sun, justice, law","solar disk, shamash wheel",gold,"justice, truth",,sin,enlil,,"many, including ishkur",,
sao,shango,god,"god of thunder, lightning, and fire",sky,male,bold and energetic,"thunder, lightning, fire",double-headed axe,red,"power, vitality, passion",,olodumare,,,various thunder and fire deities,,
yoruba,shango,god,god of thunder and lightning,yoruba lands,male,"powerful, passionate","thunder, dance",double-headed axe,red,"power, passion",married,yemoja,olorun,oshun,"oya, ogun",,
canaanite,shapash,god,sun goddess,-,female,deity,sun,sun disk,-,sun goddess,-,-,-,-,-,,
yazidi,sheikh adi,spirit,spiritual leader and saint,yazidi,other,spiritual leadership,"guidance, holiness",,white,spiritual leadership,,,,,,,
jewish,shekhinah,god,divine presence,heaven,other,nurturing and protective,"presence, divine revelation, comfort",divine light,white,"comfort, guidance",,,,,,,
mesopotamian,shezmu,god,god of wine,egypt,male,god,"wine, blood","wine grapes, blood",red,"wine, blood",,,,,,,
creek,shilombish,spirit,spirit,creek nation,other,spirit,nature,,,spirit,,,,,,,
ainu,shitakara kamuy,god,sea god,ainu regions,male,god,"sea, marine life","sea, fish",,"sea, marine life",,,,,,,
hindu,shiva,god,destroyer god,cosmic realm,male,destructive and benevolent,destruction and rebirth,"third eye, trident","blue, pink","destruction, rebirth",married,parvati,shiva,"parvati, sati","many, including ganesha, kartikeya,",,
albanian,shtriga,god,witch-like creatures,albania,other,malevolent and deceptive,"darkness, curses, transformation","night, shadows",black,"caution, avoidance",,,,,,,
egyptian,shu,god,god of air and sunlight,egypt,male,protective and illuminating,"air, sunlight","ostrich feather, lion",gold,"air, sunlight, protection",married,,ra,tefnut,nut,,
sardinian,sid addir,god,god of healing and medicine,sardinia,male,healing and compassionate,"medicine, well-being",serpent,green,"healing, compassion",,,,,,,
buddhist,siddhartha gautama,spirit,spiritual teacher,india,other,enlightened one,four noble truths,dharma wheel,,"compassion, nirvana",married,maya,suddhodana,yasodhara,rahula,,
norse,sif,god,goddess of harvest and agriculture,asgard,female,nurturing and abundant,"harvest, agriculture","wheat, golden hair",gold,"harvest, abundance",,,thor,,ullr,,
inuit,silap inua,spirit,spiritual force within all things,arctic regions,other,spiritual essence,"nature, spirits, balance",spirit within everything,varied,"harmony with nature, balance, connection",,,,,various spirits,,
slavic,simargl,god,deity,slavic regions,other,deity,"sun, fire, fertility","fire, sun",,fertility,,,,,,,
assyrian,sin,god,god of the moon,assyria,male,moon god,"moon, night",crescent moon,silver,"mystery, cycles of nature",married,enlil,ninlil,ningal,"shamash, ishkur",,
sumerian,siris,god,beer,sumer,other,goddess,beer,,,beer,,,,,,,
norse,skadi,god,goddess of winter and the hunt,jotunheim,female,independent and skilled,"winter, hunting","mountains, skis","white, blue","winter, independence",married,thjazi,not mentioned,njord,,,
iroquois,skennenrahawi,human,culture hero,iroquois nations,other,hero,"peace, unity","great law, peace pipe",,"peace, unity",,,,,,,
iroquois,sky woman,god,primordial being and mother of humanity,iroquois confederacy,male,primordial being,"creation, motherhood, humanity",celestial symbols,blue,"creation, connection with humanity",,,,,,,
egyptian,sobek,god,god of crocodiles and fertility,egypt,male,fierce and fertile,"crocodiles, fertility",crocodile,green,"fertility, protection",,neith,set,,,,
caribbean,soucouyant,spirit,shapeshifting vampire hag,trinidad and tobago,other,malevolent spirit,"bloodsucking, shapeshifting, nightmares","fire, bats",red,"fear, nightmares",,,,,,,
armenian,spandaramet,god,goddess of birth,armenian regions,female,goddess,"childbirth, protection",protective symbols,,"childbirth, protection",,,,,,,
zoroastrian,spenta,spirit,divine holy spirits,zoroastrian,other,divine spirits,various aspects,,,divine aspects,,,ahura mazda,,,,
zoroastrian,spenta armaiti,spirit,"holy devotion, divine wisdom",-,other,deity,"holy devotion, divine wisdom",-,-,"devotion, wisdom",-,-,-,-,various deities,,
hopi,spider grandmother,god,creatrix and weaver of the web of life,hopi reservation,other,"creatrix, weaver","creation, weaving, life","spider, web symbols",various,"creation, connection with nature",,,,,,,
hopi,spider woman,god,creator,hopi mesas,other,deity,"creation, weaving",spider,,wisdom,,,,,,,
zoroastrian,sraosha,god,yazata of obedience,zoroastrian,other,divine obedience,"obedience, protector","wings, sword",white,"obedience, protection",,anahita,ahura mazda,,,,
sami,stallo,spirit,malevolent giants,sami lands,other,malevolent and deceptive,"mischief, deception",giant figurines,grey,"mischief, trickery",,,,,,,
croatian,stribog,god,god of wind and air,croatia,male,gentle and unseen,"wind, air",wind symbols,sky blue,"freedom, change",,,,,,,
ligurian,sua,god,goddess of the sun,liguria,female,radiant and nurturing,"sun, light",sun disc,yellow,"sun, light, warmth",,,,,,,
muisca,sua,god,goddess,muisca confederation,female,goddess,"water, fertility","water, fertility symbols",,"water, fertility",,,,,,,
sumerian,sud,god,purification,sumer,other,god,purification,,,purification,,,,,,,
slavic,sudenitsa,god,goddess,slavic regions,female,goddess,"spring, fertility",flowers,,fertility,,,,,,,
tupinambá,sumé,god,god of health and healing,tupinambá region,male,healing deity,"health, well-being, medicinal plants","medicinal plants, healing icons",green,"health, healing",,,,,,,
chinese,sun wukong,human,monkey king,"earth, heaven",other,mischievous and wise,"trickery and magic,","golden cudgel, cloud","gold, white","trickery, magic,",married,wangmu,jade emperor,"many, including jade rabbit","many, including susanoo",,
shinto,susanoo,god,god of storms and seas,takamagahara (high plain of heaven),male,stormy and watery,storms and water,"mirror, jade rabbit","red, blue","storms, water",married,"izanami,",izanagi,"many, including pangu","many, including amaterasu, tsukuyomi,",,
shinto,susano-o,god,god of storms and sea,sea,male,powerful and chaotic,"storms, sea","dragon, sea waves",blue,"power, chaos",,izanagi,izanagi,,"many, including oyuki",,
arab,suwa,god,god of the evening star,southern arabia,male,evening star and lightbringer,"evening star, light",star symbol,yellow,"illumination, guidance",,,,,,,
slavic,svarog,god,god of celestial fire and blacksmithing,sky,male,fiery and skilled,"celestial fire, blacksmithing","anvil, fire","gold, red","craftsmanship, fire",,slavic,slavic,,"many, including dazhbog",,
cheyenne,sweet medicine,spirit,medicine spirit,cheyenne nation,other,spirit,healing,medicine wheel,,healing,,,,,,,
tahitian,ta'aroa,god,supreme creator god,sky,male,wise and all-powerful,"creation, wisdom",spiral shell,white,"wisdom, divine creation",,,,,various cosmic beings,,
fijian,tagaloa,god,god of creation and ruler of the heavens,sky,male,wise and benevolent,"creation, rulership",sky symbols,blue,"wisdom, divine creation",,,,,various celestial beings,,
tuareg,tagelmust,spirit,spirit associated with protection and guidance,desert,other,protective and guiding,"protection, guidance",veil,varied,"protection, guidance",,,,,,,
berber,tahart,god,god of mountains and endurance,mountains,male,enduring and majestic,"mountains, endurance",mountain range,gray,"strength, endurance, perseverance",,,,,various mountain and endurance deities,,
chinese,taiyi,god,primordial deity representing the void,china,other,cosmic balance,"unity, balance, cosmic order","circle, yin-yang","black, white","harmony, balance, cosmic order",,,,,various primordial beings,,
totonac,tajín,god,deification of the city of tajín,mesoamerica,other,deified city,"urban life, rituals, community",city symbols,,"urban life, community",,,,,,,
tuareg,takamet,god,goddess of the moon and night,desert,female,illuminating and mysterious,"moon, night",crescent moon,silver and black,"moonlight, mystery, nighttime",,,,,,,
arab,ta'lab,god,god of hunt,arabian peninsula,male,hunter and protector,"hunting, wilderness, protection",bow and arrow,green,"hunting, nature",,,,,,,
nez perce,talako,spirit,thunder spirit,nez perce region,other,spirit,thunder,thunderbird,,thunder spirit,,,,,,,
tuareg,tamazgha,spirit,cultural and historical homeland,desert,other,nurturing and preserving,"cultural heritage, identity",tuareg flag,blue and yellow,cultural preservation,,,,,,,
assyrian,tammuz,god,god of vegetation and sacrifice,assyria,male,god of vegetation,"vegetation, sacrifice, resurrection","shepherd's crook, grain",green,"vegetation, renewal",,ishtar,,,,,
vietnamese,tản viên sơn thánh,god,mountain deity and sage,mountains,other,wise and reclusive,"mountains, wisdom","mountain peaks, staff",brown,"wisdom, solitude",,,,,,,
tahitian,tāne mahuta,god,god of forests and birds,forests,male,caring and protective,"forests, birds","trees, birds",green,"conservation, protection",,,,,various forest beings,,
maori,tāne mahuta,god,god of forests and birds,forests,male,noble and protector,"forests, birds, life","birds, trees","green, brown","nature, life",,papatuanuku,ranginui,,"many, including birds and forest creatures",,
polynesian,tāne mahuta,god,god of forests and birds,forests,male,caring and protective,"forests, birds","trees, birds",green,"conservation, protection, wisdom",,papatūānuku,rangi,,various forest and bird beings,,
polynesian,tāne-i-te-hokahoka,god,god of forests and birds (alternate form),forests,male,caring and protective,"forests, birds","trees, birds",green,"conservation, protection",,papatūānuku,rangi,,various forest beings,,
polynesian,tāne-rore,god,goddess of the arts and dance,land,female,creative and graceful,"arts, dance",dance implements,various,artistic expression,,,,,various artistic beings,,
maori,tangaroa,god,god of the sea and fertility,oceans,male,powerful and fertile,"sea, fertility","fish, fertility symbols",blue,"fertility, marine life",,papatuanuku,ranginui,,sea creatures,,
polynesian,tangaroa,god,god of the sea and marine creatures,"ocean, seas",male,protective and nurturing,"sea life, ocean navigation","sea, marine life",blue,sea-related activities,,,,,various sea creatures,,
polynesian,tangaroa,god,god of the sea and fish,"oceans, seas",male,benevolent and protective,"sea, fish",fish,blue,harmony with nature,,papatūānuku,rangi,,various sea beings,,
berber,tanit,god,"goddess of the moon, fertility, and war",moon,female,protective and fertile,"moon, fertility, war",crescent moon,silver,"fertility, protection, lunar cycles",,,,,various lunar and fertility deities,,
sardinian,tanit,god,mother goddess,sardinia,female,nurturing and protective,"motherhood, protection","moon, dove",white,"motherhood, protection",,,,,,,
finnish,tapio,god,forest,finland,other,god,nature,forest,green,forest,,,,,,,
buddhist,tara,god,bodhisattva of liberation,cosmic,other,compassionate being,"compassion, liberation","lotus, moon",green,"liberation, compassion",,,,,,,
lakota,tate,spirit,wind spirit,lakota nation,other,spirit,"wind, messenger",wind symbols,,"wind, messenger",,,,,,,
lakota sioux,taté,spirit,wind spirit and messenger between worlds,lakota territory,other,wind deity,"wind, communication, spirituality",wind symbols,white,spiritual connection,,,,,,,
guaraní,tau,god,god of the forest and animal spirits,guaraní region,male,forest deity,"forests, animals, nature","trees, animal symbols","green, brown","harmony with nature, animal spirits",,,,,animals,,
hopi,tawa,god,sun god ,hopi mesas,male,supreme being,creator of the first world,sun,,sun god ,,,,,masauwu,,
egyptian,tawaret,god,hippo goddess,egypt,female,goddess,"fertility, protection",hippopotamus,blue,"fertility, protection",,,,,,,
polynesian,tāwhaki,human,heroic figure and culture hero,"land, sky",other,adventurous and skilled,cultural achievements,spear,various,pursuit of knowledge,,,rangi,,various cultural beings,,
maori,tawhirimatea,god,god of weather and storms,sky,male,unpredictable and powerful,"weather, storms","wind, storm symbols","blue, white","weather patterns, strength",,papatuanuku,ranginui,,storm spirits,,
polynesian,tāwhirimātea,god,god of storms and winds,sky,male,powerful and unpredictable,"storms, winds",storm clouds,gray,respect for natural forces,,papatūānuku,rangi,,various storm beings,,
yazidi,tawûsê melek,spirit,peacock angel,yazidi,other,divine beauty,"beauty, cosmic harmony",peacock,blue,"beauty, harmony",,,,,,,
berber,tefnut,god,goddess of moisture and dew,nature,female,nurturing and refreshing,"moisture, dew",dewdrop,blue,"refreshment, vitality, growth",,,,,various nature and water deities,,
tuareg,tefnut,god,goddess of rain and fertility,desert,female,nurturing and life-giving,"rain, fertility",rain cloud,blue and silver,"fertility, life-giving rain",,,,,,,
egyptian,tefnut,god,goddess of moisture and dew,egypt,female,gentle and nurturing,"moisture, dew",lioness,light blue,"moisture, fertility, renewal",married,,,shu,nut,,
inuit,tekkeitsertok,spirit,spirit of the wind,arctic regions,other,swift and gentle,"wind, air",wind symbols,"white, grey","swiftness, freedom",,,,,,,
hittite,telipinu,god,god of vegetation,hittite regions,male,god,agriculture,"grain, plough",green,agriculture,,,,,,,
roman,tellus,god,goddess of the earth,italy,female,earthy and fertile,"earth, fertility",earth globe,brown,"fertility, grounding",,,,,,,
mongolian,tengri,god,"supreme sky god, eternal blue heaven",celestial realm,male,"eternal, benevolent","sky, creation","blue sky, falcon",blue,"eternal, sky worship",,,,,,,
roman,terminus,god,god of boundaries,italy,male,stern and unyielding,"boundaries, limits",boundary stone,grey,"boundaries, limits",,,,,,,
nahuatl,tezcatlipoca,god,earth goddess,aztlán,female,moon and night,"moon and night,","sun disk, corn cob","gold, green","moon, night",married,viracocha,tezcatlipoca,"many, including tecciztecatl","many, including tezcatlipoca, xochiquetzal",,
toltec,tezcatlipoca,god,god of night and sorcery,mesoamerica,male,god of fate and discord,"night, sorcery, fate","smoking mirror, jaguar",black,"fate, discord",,,,,,,
vietnamese,thánh gióng,human,"heroic figure, divine child",earth,other,courageous and heroic,"protection, heroism","horse, bow",red,"heroism, protection",,,,,,,
greek,the muses,god,goddesses of the arts and sciences,mount helicon,female,inspiring and creative,"arts, sciences","lyre, scrolls",various,"inspiration, creativity, knowledge",,mnemosyne,zeus,,various,,
etruscan,thesan,god,goddess of dawn and new beginnings,etruria,female,radiant and renewing,"dawn, new beginnings",sun disc,gold,"new beginnings, light",,uni,tinia,,,,
norse,thor,god,god of thunder,asgard,male,thunderous and strong,thunder and storms,"mjolnir (hammer), lightning","red, silver, black","strength, protection",married,frigg,odin,"sif, jarnsaxa,","many, including magni, modi",,
norse ,thor,god,"god of thunder, associated with protection",northern europe,male,deity,"thunder, protection, strength",hammer (mjölnir),red,"strength, protection, courage",-,jord,odin,sif,various deities,,
egyptian,thoth,god,god of wisdom and writing,egypt,male,wise and intellectual,"wisdom, writing","ibis, writing tools",dark blue,"wisdom, knowledge, communication",,,,,,,
caribbean,ti jean petro,spirit,trickster spirit,haiti,other,mischievous trickster,"mischief, deception, chaos","horns, impish appearance","red, black","chaos, mischief",,,,,,,
caribbean,ti malice,spirit,trickster and folkloric character,"haiti, trinidad",other,"trickster, mischief","trickery, folklore, humor",clever disguises,various,"humor, trickery",,,,,,,
sumerian,tiamat,god,chaos,sumer,other,goddess,chaos,,,chaos,,,,,,,
aboriginal,tiddalik,anthropomorphism,frog who drank all the water,waterways,other,greedy and disruptive,"chaos, water scarcity",frog,green,"moderation, sharing",,,,,various water creatures,,
tuareg,tifinagh,spirit,ancient script and symbolic language,desert,other,symbolic and timeless,"cultural identity, communication",script,varied,"language, cultural identity",,,,,,,
tuareg,tihouadaghen,anthropomorphism,sacred mountain with spiritual significance,desert,other,sacred and mystical,"spiritual retreat, meditation",mountain,varied,"spiritual connection, meditation",,,,,,,
berber,tikari,god,god of justice and moral order,courts,male,just and fair,"justice, moral order",scales,white,"justice, fairness, moral integrity",,,,,various justice and moral deities,,
tuareg,tin hinan,human,legendary ancestral queen and matriarch,desert,other,wise and maternal,"ancestral legacy, leadership",tamajaq symbol,blue and white,"ancestral legacy, leadership",,,,,,,
etruscan,tinia,god,"supreme deity,  god of the sky and the highest god",sky,male,supreme deity,"creation, life","sun, moon","gold, silver","creation, life",,,,,,,
berber,tinjis,god,goddess of love and beauty,love,female,loving and beautiful,"love, beauty",flowers,pink,"love, beauty, romantic relationships",,,,,various love and beauty deities,,
armenian,tir,god,god of literature,armenian regions,male,god,"wisdom, literature","scroll, book",,"wisdom, literature",,,,,,,
greek,tiresias,human,"prophet and seer, experienced both genders",greece,other,"prophet, seer","prophecy, wisdom, transformation","staff, blindfold",varied,"wisdom, prophecy, understanding",,everes,chariclo,,manto (daughter),,
zoroastrian,tishtrya (tishtar),god,god of the star sirius,-,male,deity,"star sirius, rainfall",-,-,associated with rainfall,-,-,-,-,various deities,,
berber,tiziri,god,goddess of light and illumination,light,female,radiant and illuminating,"light, enlightenment",torch,yellow,"knowledge, wisdom, spiritual light",,,,,various light and knowledge deities,,
aztec,tlaloc,god,goddess of war and sacrificial bloodletting,templo mayor (great temple),female,warrior and sacrificial,war and sacrificial bloodletting,"jaguar, flayed skin","gold, black","war, sacrificial bloodletting",married,chimalma,"coatlicue,","many, including coatlicue","many, including manco capac, mama ocllo,",,
nahuatl,tlaloc,god,moon goddess,aztlán,female,mirror and sorcery,sorcery and magic,"moon disk, rabbit","silver, black","sorcery, magic",married,xochiquetzal,tezcatlipoca,"many, including xochiquetzal","many, including xochiquetzal",,
indonesian,tlaloc,god,god of rain and water,"heaven, underworld",male,powerful and fertile,"rain, water","goggles, serpent",blue,"fertility, water",,,,,,,
toltec,tlaloc,god,god of rain and fertility,mesoamerica,male,rain-bringer and fertility,"rain, agriculture, fertility","goggle eyes, serpent",blue,"rain, fertility",,,,,,,
aztec,tlazolteotl,god,goddess of filth and purification,mesoamerica,female,purifying goddess,"filth, purification, fertility","jade mask, broom",red,"purification, rebirth, fertility",,coatlicue,,,various deities,,
sioux,tore,spirit,spirit,sioux nation,other,spirit,"nature, protector",protector symbols,,"nature, protector",,,,,,,
occitan,toreilles,spirit,water nymph,occitania,female,water nymph,"rivers, springs",water symbols,blue,connection with water,,,,,,,
spanish,trebaruna,god,goddess of war and fortresses,gallaecia,female,warrior and protective,"war, fortresses","sword, shield","red, gold","war, fortresses",,,,,,,
san,trickster figures,god,trickery and mischief,,other,trickster,"trickery, mischief","various, mischievous symbols",various,"trickery, mischief",,,,,,,
croatian,triglav,god,"three-headed god of sky, earth, and underworld",croatia,male,unity and cosmic balance,"sky, earth, underworld",three heads,white,"cosmic balance, unity",,,,,,,
spanish,triton,god,messenger of the sea,iberian peninsula,other,swift and playful,"sea, messenger","conch shell, fish tail","blue, silver","sea, messenger",,poseidon,amphitrite,,,,
navajo,tsohanoai,god,"sun spirit, sun god",navajo nation,male,spirit,"everyday, he crosses the sky, carrying the sun on his back",sun,,"sun spirit, sun god",,,,, nayenezgani (killer of enemies) and tobadzistsini (child of water),,
shinto,tsukuyomi,god,"god of the moon, sibling of amaterasu",sky,male,serene and mysterious,"moon, night","moon, arrow",silver,"serenity, mystery",,izanagi,izanagi,,"many, including uke mochi",,
cherokee,tsul 'kalu,anthropomorphism,giant,cherokee nation,other,giant,nature,giant,,giant,,,,,,,
achuar,tsunki,spirit,water spirit and guardian of rivers,amazon rainforest,other,aquatic guardian,"rivers, waters, protection",water symbols,blue,"river protection, aquatic life",,,,,,,
tahitian,tu,god,god of war and human activities,land,male,fierce and warrior-like,"war, human activities",weapons,red,"courage, discipline",,,,,various war-related beings,,
chinese,tu di gong,god,"earth deity, protector of land",earth,other,benevolent and protector,"land, agriculture",land symbol,brown,protection of land,,,,,,,
inuit,tulugaarjuk,spirit,spirit of the ice and winter,arctic regions,other,cold and serene,"ice, winter",icicles,"blue, white","resilience, adaptation",,,,,spirits of winter and ice,,
polynesian,tūmatauenga,god,god of war and human activity,earth,male,warrior and protector,"war, human endeavors",weapons,red,"valor, discipline",,papatūānuku,rangi,,various war-related beings,,
polynesian,tūmatauenga,god,god of war and human activities,land,male,fierce and warrior-like,"war, human activities",weapons,red,"courage, self-discipline",,papatūānuku,rangi,,various war-related beings,,
tupinambá,tupá,god,creator god and giver of life,tupinambá region,male,life-giving creator,"creation, life, natural order",celestial symbols,various,"harmony with nature, creation",,,,,,,
guaraní,tupã,god,supreme god and thunder deity,guaraní region,male,thunderous creator,"thunder, lightning, storms, rain","thunderbolt, storm clouds","blue, white","power of nature, authority",,angatupyry,karai,,kerana (possible),,
tupinambá,tupã,god,supreme god and thunder deity,tupinambá region,male,thunderous creator,"thunder, lightning, storms, rain","thunderbolt, storm clouds","blue, white","power of nature, authority",,,,,,,
etruscan,turan,god,goddess of love and vitality,,female,loving and vital,"love, vitality","dove, lyre","red, white","love, vitality",,uni,tinia,,"many, including hercle",,
etruscan,turms,god,messenger god,etruria,male,swift and messenger-like,"communication, messages",caduceus,white,"communication, swiftness",,uni,tinia,,,,
greek,tyche,god,goddess of luck and fortune,mount olympus,female,whimsical and capricious,"luck, fortune",wheel of fortune,gold,"luck, fortune, chance",,,,,,,
norse,tyr,god,god of law and heroic glory,asgard,male,just and courageous,"law, heroism","sword, scales",red,"justice, heroism",,,odin,,,,
hittite,ubelluris,god,god of grain and agriculture,earth,male,fertile and abundant,"grain, agriculture","sheaf of wheat, plough","green, brown","fertility, abundance",,,,,"many, including kumarbi",,
mongolian,udgan eej,god,goddess of destiny and fertility,earth,female,protective and nurturing,"destiny, fertility","spindle, loom",green,"fertility, destiny",,earth,gazar eej,,,,
sami,uksáhkká,god,goddess of plants and vegetation,sami lands,female,blooming and abundant,"plants, vegetation","flowers, plants",green,"growth, abundance",,,,,"many, including plant spirits",,
siberian,ulgan,god,"sky god, ruler of the upper world",siberia,male,majestic and far-sighted,"sky, upper world","celestial dome, eagle","blue, white","majesty, foresight",,,,,"many, including num-torum",,
siberian,ulgen,god,supreme deity,siberian regions,other,deity,"creation, protection","sky, heaven",blue,"creation, wisdom",,,,,,,
turkish,ülgen,god,supreme god,turkish regions,male,wise and beneficent,"wisdom, justice","sun, sky, wisdom",gold,"wisdom, justice",,,,,,,
norse,ullr,god,god of archery and skiing,asgard,male,skilled in archery and skiing,"archery, skiing","bow, ski","white, gold","archery, skiing",,sif,,,,,
siberian,umai,god,goddess of home and hearth,siberia,female,homely and protective,"home, hearth","hearth, cornucopia",red,"home, hearth",,num-torum,num-torum,,"many, including yar umai",,
turkish,umai,god,mother goddess,turkic regions,female,goddess,"motherhood, fertility","grain, flowers",green,"motherhood, fertility",,,,,,,
zulu,umkhulu,spirit,ancestor spirit,zulu regions,other,spirit,ancestry,ancestor symbols,,ancestry,,,,,,,
cherokee,unetlanvhi,god,"creator, great spirit",cherokee nation,other, divine spirit with no human form,creation,"sun, moon",,"creator, great spirit",,,,,,,
etruscan,uni,god,goddess of fertility,earth,female,fertile and nurturing,"fertility, abundance","grain, pregnant woman","green, brown","fertility, abundance",,,,,"many, including hercle",,
lakota,unk,spirit,earth spirit,lakota nation,other,spirit,"earth, progenitor of all evil things",earth,,earth spirit,married,,,iya ,gnaski ,,
zulu,unkulunkulu,god,creator of humanity,,male,supreme deity,"creation, life","sun, moon",gold,"creation, life",,,,,,,
egyptian,unut,god,lioness goddess,egypt,female,goddess,hunting,lioness,,hunting,,,,,,,
zulu,unyalome,spirit,nature spirit,zulu regions,other,spirit,"nature, wilderness","forest, animals",,"nature, wilderness",,,,,,,
ainu,urespa kamuy,god,mountain,ainu,other,deity,mountain," inau, sacred carved wands",,mountain,,,,,,,
jewish,uriel,spirit,archangel of wisdom,heaven,other,bringer of divine wisdom,"wisdom, illumination, guidance","book, flame",gold,"knowledge, insight",,,,,,,
apache,usen,god,creator,apache territories,other,deity,creation,sun,,creator,,,,,,,
etruscan,usil,god,god of the sun,etruria,male,radiant and life-giving,sun,sun disc,gold,"light, life",,uni,tinia,,,,
sumerian,utu,god,god of the sun,sumer,male,"sun god, justice","sun, justice",sun disk,gold,"justice, light, leadership",,ningal,enlil,,,,
sumerian,utu (shamash),god,god of the sun and justice,-,male,deity,"sun, justice","sun, scales",-,"justice, order",-,nanna (sin),enlil,-,various deities,,
armenian,vahagn,god,god of thunder and war,armenian regions,male,god,"thunder, war","dragon, spear",red,"thunder, war",,,,,,,
finnish,väinämöinen,human,"shaman, hero",finland,male,hero,"music, magic, wisdom",kantele (harp),blue,wisdom,,ilmatar,ilmarinen,,,,
buddhist,vajrapani,god,bodhisattva of power,cosmic,other,powerful protector,"power, courage","thunderbolt, vajra",blue,"power, courage",,,,,,,
buddhist,vajrasattva,god,"purification deity, bodhisattva",cosmic,other,purification being,"purification, cleansing","vajra, bell",white,"purification, purity",,,,,,,
norse,valkyries,spirit,choosers of the slain,norse regions,other,spirits,"battle, death, psychopomp",winged helmets,,"battle, death",,,,,,,
zoroastrian,vanant (vanand),god,god associated with the hunt,-,male,deity,hunt,-,-,hunt,-,-,-,-,various deities,,
etruscan,vanth,god,"winged goddess of death, chthonic deity",etruria,female,mysterious and merciful,"death, fate",wings,black,"transition, mercy, fate",,,,,,,
zoroastrian,vayu (vata),god,god of the wind,-,male,deity,"wind, atmosphere",-,-,"wind, atmosphere",-,-,-,-,various deities,,
croatian,velebit,god,god of mountains and wilderness,croatia,male,wilderness and solitude,"mountains, wilderness",mountain peaks,brown,"wilderness, strength",,,,,,,
slavic,veles,god,"god of cattle, commerce, and trickery",,male,cunning and resourceful,"cattle, commerce, trickery","cattle, commerce symbols","black, green","cunning, resourcefulness",,slavic,slavic,,,,
roman,venus,god,goddess of love,mount olympus,female,"goddess of love and beauty,",love and beauty,"rose, mirror","rose, white","love, beauty, passion,",married,dione,jupiter,"mars, adonis","cupid, aeneas,",,
zoroastrian,verethragna (bahram),god,god of victory,-,male,deity,"victory, justice, triumph of good over evil",-,-,"victory, justice, triumph of good/evil",-,-,-,-,various deities,,
croatian,vesna,god,goddess of spring and youth,croatia,female,playful and youthful,"spring, youth",flowers,pastel colors,"youth, vitality",,,,,,,
roman,vesta,god,goddess of the hearth,rome,female,stable and home-oriented,"hearth, home",hearth flame,red,"home, stability",,saturn,ops,,,,
norse,vidar,god,god of vengeance and silence,asgard,male,silent and vengeful,"vengeance, silence","shoe, silence",brown,"vengeance, silence",,grid,odin,,,,
ligurian,vinotonus,god,god of vineyards and wine,liguria,male,festive and abundant,"vineyards, wine",grapes,purple,"vineyards, wine, celebration",,,,,,,
mixtec,viqui,god,rain god,mixtec regions,male,god,"rain, thunderstorms","lightning, rain",blue,"rain, thunderstorms",,,,,,,
inca,viracocha,god,god of agriculture,koricancha (golden temple),male,sun and creation,sun and creation,"sun disk, staff,","red, gold","sun, creation,",married,viracocha,viracocha,"many, including xipe totec","many, including xochiquetzal",,
christian,virgin mary,human,mother of jesus,earth,other,divine mother,"motherhood, humility","roses, lilies",blue,"love, compassion",,anne,joachim,,jesus christ,,
spanish,viriato,human,warrior chief of the lusitanians,iberian peninsula,other,brave and defiant,"independence, resistance","sword, shield","red, gold","independence, leadership",,,,,,,
hindu,vishnu,god,preserver god,cosmic realm,male,preserving and protective,preserving life,"conch shell, lotus","gold, red, white,","preservation, protection",married,"lakshmi,",brahma,"many, including radha","many, including apsaras",,
hindu,vishnu,god,"preserver of the universe, associated with harmony",india,other,deity,"preserving the universe, harmony","conch shell, lotus flower",blue,"preservation, harmony",-,aditi,kashyapa,lakshmi,various avatars,,
persian,vohu,spirit,divine good mind,persian,other,divine mind,"good thoughts, harmony",,,"good thoughts, harmony",,,ahura mazda,,,,
etruscan,voltumna,god,god of boundaries,sky,male,guardian and protective,"boundaries, protection","key, boundaries symbols","gold, blue","protection, order",,,,,,,
spanish,volturnus,god,god of the river ebro,celtiberia,male,mighty and abundant,"river, abundance","river, cornucopia","blue, green","river, abundance",,,,,,,
roman,vulcan,god,god of fire and smithing,rome,male,skilled and crafty,"fire, blacksmithing",hammer and anvil,red,"craftsmanship, fire",married,jupiter,juno,venus,"cupid, mars, harmonia",,
arab,wadd,god,god of love,south arabia,male,loving and affectionate,"love, compassion",heart symbol,pink,"love, compassion",,,,,,,
egyptian,wadjet,god,cobra goddess,egypt,female,goddess,"protection, royalty",cobra,green,protection,,nut,geb,,,,
egyptian,wadjet (uraeus),god,cobra goddess of protection,egypt,female,protective and swift,"protection, royalty",cobra,red and gold,"protection, royalty",,,,,,,
lakota,wakan tanka,spirit,"great spirit, great mystery",lakota nation,other,spirit,"creation, spirituality",all-encompassing,,"harmony, unity",,,,,,,
ainu,wakka-us kamuy,god,goddess of fresh water,ainu,female,"sympathetic to humanity, petitioned to intercede with other kamuy ","skilled dancer and singer, fresh water",,,goddess of fresh water,,,,,,,
xavante,wapté,god,god of the waters and aquatic life,xavante territory,male,aquatic deity,"rivers, waters, aquatic life",water symbols,blue,"river protection, aquatic harmony",,,,,,,
aboriginal,waugal,anthropomorphism,"serpent creator being, associated with water",waterways,other,creative and protective,"creation, guardianship",serpent,various,"creation, guardianship",,,,,various water creatures,,
lakota,waziya,spirit,winter spirit,lakota nation,other,spirit,"winter, cold",snowflake,,"winter, cold",,,,,,,
ojibwe,wenabozho,human,culture hero and guardian of animals,ojibwe nation,other,culture hero,"animals, wilderness, protection","animal symbols, natural icons",various,"harmony with nature, animal protection",,sky woman,,,various (animal companions),,
polynesian,whaitiri,god,goddess of thunder and storms,sky,female,thunderous and commanding,"thunder, storms",thunder clouds,gray,"power, respect for nature",,,,,various storm-related beings,,
polynesian,whakarongo,god,god of echoes and reverberations,"mountains, caves",male,echoing and resonant,"echoes, reverberations",sound waves,various,appreciation of sound,,,,,various sound-related beings,,
maori,whiro,god,god of darkness and evil,underworld,male,malevolent and cunning,"darkness, mischief",dark symbols,black,"chaos, darkness, mischief",,papatuanuku,ranginui,,monsters and evil spirits,,
polynesian,whiro,god,"god of darkness, death, and the underworld",underworld,male,mysterious and enigmatic,"darkness, death",shadows,black,understanding mortality,,papatūānuku,rangi,,various underworld beings,,
mongolian,white old man,god,god of wisdom and prophecy,celestial realm,male,wise and enlightened,"wisdom, prophecy","white beard, staff",white,"wisdom, prophecy",,eternal blue,,,,,
lakota sioux,wi,spirit,moon spirit and protector of the night,lakota territory,other,lunar deity,"moon, night, fertility","crescent moon, night symbols",silver,"fertility, femininity",,,,,,,
lakota sioux,wíyute,spirit,sun spirit and giver of life,lakota territory,other,solar deity,"sun, light, life","sun disk, radiant symbols","yellow, red","life, light",,,,,,,
hittite,wurusemu,god,goddess of healing,hittite regions,female,goddess,healing,"serpent, healing rod",,healing,,,,,,,
aztec,xalmatquetzalli,god,harvest,mexico,other,deity,harvest,,,harvest,,,,,,,
nez perce,xexes,spirit,spirit,nez perce region,other,spirit,nature,,,spirit,,,,,,,
aztec,xicotencatl,god,war,mexico,other,deity,war,,,war,,,,,,,
laotian,xieng mieng,god,"creator god, shaped the earth and life",universe,male,creative and wise,"creation, life","earth, life",green,"creation, wisdom",,,,,,,
mixtec,xi'ipe totec,god,fire god,mixtec regions,male,god,"fire, volcanoes","volcano, fire",red,"fire, volcanoes",,,,,,,
aztec,xilonen,god,young corn,mexico,other,deity,corn,,,young corn,,,,,,,
aztec,xipe totec,god,feathered serpent god,templo mayor (great temple),male,feathered serpent,"creation and destruction,","sun disk, staff","gold, green","creation, destruction",married,chimalma,coatlicue,tezcatlipoca,"many, including manco capac, mama ocllo",,
aztec,xiuhcoatl,anthropomorphism,"spirit form of xiuhtecuhtli, the aztec fire deity",mexico,other,mythological serpent,"fire, weapon of the sun",atlatl ,turquoise,"spirit form of xiuhtecuhtli, the aztec fire deity",,,,,,,
aztec,xiuhtecuhtli,god,"god of fire, day and heat",mexico,male,deity,"fire, volcanoes, life after death, warmth in cold, , light in darkness and food during famine",fire,turquoise ,"god of fire, day and heat",married,,,"chalchiuhtlicue, chāntico","xiuhxoxoauhqui (blue fire), xiuhcozauhqui (yellow fire), xiuhiztac (white fire) and xiuhtlatlauhqui (red fire)",,
chinese,xiwangmu,god,queen mother of the west,kunlun mountain,other,compassionate and wise,"immortality, nourishment","peaches, phoenix",multicolored,"wisdom, longevity, nourishment",,,,,,,
aztec,xochipilli,god,love,mexico,other,deity,love,,,love,,,,,,,
nahuatl,xochiquetzal,human,smoking mirror,aztlán,other,rain and fertility,rain and fertility,"smoking mirror, obsidian knife,","gold, green","rain, fertility",married,"xochiquetzal,","tezcatlipoca,","many, including xochiquetzal,","many, including xochiquetzal,",,
toltec,xochiquetzal,god,"goddess of love, beauty, and fertility",mesoamerica,female,goddess of beauty,"love, beauty, fertility","flower garland, quetzal",various,"love, beauty, fertility",,,,,,,
aztec,xochitl,god,flower,mexico,other,deity,flower,,,flower,,,,,,,
aztec,xochiyotl,god,flower,mexico,other,deity,flower,,,flower,,,,,,,
aztec,xocotl,god,god of the planet venus and of fire,mexico,male,deity,fruit,,,god of the planet venus and of fire,,,,,,,
totonac,xolotl,god,god of lightning and death,mesoamerica,male,twin of quetzalcoatl,"lightning, death, twinhood","dog head, lightning bolt",red,"lightning, death",,,,,,,
toltec,xolotl,god,"god of twins, misfortune, and lightning",mesoamerica,male,twin of quetzalcoatl,"twins, misfortune, lightning","dog head, lightning bolt",red,"twins, misfortune",,,,,,,
mixtec,xonaxi quecuya,god,moon goddess,mixtec regions,female,goddess,"moon, fertility","rabbit, corn",white,"moon, fertility",,,,,,,
aztec,xoxouhqui,god,sun,mexico,other,deity,sun,,green,sun,,,,,,,
maya,xquic,human,maiden and mother of hero twins,mesoamerica,other,fertile and resilient,"motherhood, heroic birth",twin babies,,"motherhood, heroism",married,xmucane (mother),xpiyacoc (father),hunahpu (lover),hero twins,,
chinese,xuan wu,god,god of the north and water,north,male,tranquil and wise,"water, martial arts","black tortoise, sword",black,"wisdom, protection",,xuan wu's father,xuan wu's mother,,,,
nenets,yadyu,god,god of wisdom and knowledge,nenets region,male,wise and enlightened,"wisdom, knowledge","scroll, owl","brown, grey","wisdom, learning",,,,,"many, including knowledge spirits",,
nenets,yag-syrdal,god,goddess of poetry and language,nenets region,female,expressive and artistic,"poetry, language","quill, book","blue, gold","artistic expression, communication",,,,,"many, including muse spirits",,
jewish,yahu (yahweh),god,later identified as god of israel,-,male,deity,-,-,-,later identified as god of israel,-,-,-,-,-,,
jewish,yahweh,god,supreme deity,heaven,other,omnipotent and just,"creation, justice, covenant",divine light,white,"justice, morality",,,,,,,
nenets,yalga,god,goddess of the sea and water,nenets region,female,fluid and adaptive,"sea, water","waves, fish",blue,"adaptability, flow",,,,,"many, including water spirits",,
nenets,yalot,god,goddess of the forest and wilderness,nenets region,female,wild and protective,"forest, wilderness","trees, animals","green, brown","wilderness, protection",,,,,"many, including forest spirits",,
ugaritic,yam,god,god of the sea,ugaritic regions,male,god,"sea, chaos","sea, serpent",blue,"sea, chaos",,,,,,,
canaanite,yam (lotan),god,god of the sea,sea,male,deity,sea,sea waves,blue,god of the sea,-,"el, asherah",-,-,various deities,,
buddhist,yama,god,lord of death,underworld,other,judge of the dead,"death, karma","buffalo, staff",blue/black,"justice, death",,,,,,,
hindu,yama,god,god of death,hindu regions,male,god,"death, justice, psychopomp","buffalo, staff",black,"death, justice",,,,,,,
chinese,yanluo wang,god,"king of hell, judge of the dead",underworld,other,stern and judicious,"judgment, afterlife",judgment staff,black,"justice, afterlife",,,,,,,
siberian,yar umai,god,goddess of fertility and childbirth,siberia,female,nurturing and protective,"fertility, childbirth","birch tree, flower","green, white","fertility, protection",,num-torum,num-torum,,"many, including umai's children",,
nenets,yarak,god,goddess of love and fertility,nenets region,female,loving and fertile,"love, fertility","heart, grain","red, green","love, fertility",,,,,"many, including fertility spirits",,
nenets,yargyn,god,goddess of harvest and abundance,nenets region,female,abundant and nurturing,"harvest, abundance","wheat, cornucopia","yellow, green","prosperity, bounty",,,,,"many, including harvest spirits",,
canaanite,yarikh,god,moon god,-,male,deity,moon,crescent moon,-,moon god,-,-,-,-,-,,
nenets,yar-pyak,god,god of wind and air,nenets region,male,gentle and free-spirited,"wind, air","wind, feathers","white, blue","freedom, movement",,,,,"many, including air spirits",,
nez perce,yayilatpu,spirit,spirit,nez perce region,other,spirit,nature,,,spirit,,,,,,,
cambodian,yeay mao,god,"mother earth, protector of children",earth,other,protective and nurturing,"children, nature","earth, children",brown,"children, nature",,,,,,,
navajo,yei nopal toh,spirit,spirit,navajo nation,other,spirit,"nature, healing",sand painting,,"nature, healing",,,,,,,
caribbean,yemaya,god,goddess of the sea and motherhood,"cuba, brazil, nigeria",female,motherly protector,"sea, motherhood, fertility","ocean, moon, fish","blue, white","motherhood, fertility",married,,,olokun (possible),orishas (various),,
yoruba,yemaya,god,goddess of the ogun river,yoruba lands,female,motherly,"motherhood, fertility","moon, water",blue,"motherhood, fertility",married,,olorun,ogun,orunmila,,
sao,yemoja,god,"goddess of motherhood, fertility, and rivers",rivers,female,nurturing and fertile,"motherhood, fertility, rivers",crescent moon,blue,"motherhood, fertility, protection",,olodumare,,,various motherhood and river deities,,
yoruba,yewa,spirit,orisha,yoruba region,other,orisha,"beauty, dance","fan, mirror",pink,"beauty, dance",,,,,,,
aboriginal,yhi,god,"sun goddess, associated with creation",sky,female,creative and life-giving,"creation, life",sun,yellow,"creation, life",,,,,various life-related beings,,
nenets,yir-chas,god,god of the northern lights,nenets region,male,dazzling and enchanting,northern lights,aurora borealis,"green, purple","magic, enchantment",,,,,"many, including light spirits",,
norse,ymir,anthropomorphism,primordial being and progenitor of giants,ginnungagap,other,cosmic ancestor,"creation, chaos, origin",primordial frost giant,,"primordial chaos, creation, existence",,,,,various giants,,
nenets,yolgei,god,goddess of healing and well-being,nenets region,female,compassionate and nurturing,"healing, well-being","healing herbs, hands","green, white","compassion, health",,,,,"many, including healing spirits",,
nenets,yolust,god,goddess of the sun and warmth,nenets region,female,radiant and comforting,"sun, warmth","sun, blanket","gold, yellow","comfort, nurturing",,,,,"many, including warmth spirits",,
sara,yondo,spirit,ancestor spirit and protector,sara homeland,other,protective and guiding,ancestral guidance,ancestral,varied,ancestral connection,,,,,,,
chinese,yu huang shang di,god,"supreme deity, ruler of heaven",heaven,other,wise and benevolent,"creation, rulership","dragon, imperial throne",gold,"wisdom, justice, rulership",,,,,,,
chinese,yu shi,god,"jade maiden, guardian of the jade emperor",heaven,other,loyal and faithful,"guardian, loyal service",jade rabbit,white,"loyalty, guardianship",,,,,,,
nenets,yugryla,god,god of the mountains and rocks,nenets region,male,solid and majestic,"mountains, rocks","mountain peaks, stones","grey, brown","strength, stability",,,,,"many, including rock spirits",,
nenets,yylgyt-yn' nyan',god,goddess of the moon and night,nenets region,female,mysterious and protective,"moon, night","moon, owl",silver,"mystery, protection",,,num,,"many, including stars and spirits",,
persian,zam,god,god of the earth and harvest,persia,male,fertile and abundant,"earth, harvest",plowed field,brown,"fertility, harvest",,,,,,,
zoroastrian,zam,god,goddess of the earth,-,female,deity,earth,-,-,earth,-,-,-,-,various deities,,
sara,zambiri,spirit,"leopard spirit, embodiment of stealth",sara homeland,other,stealthy and cunning,"stealth, agility",leopard,spotted,"cunning, agility",,,,,,,
albanian,zana,anthropomorphism,fairy-like beings,albania,other,benevolent and enchanting,"nature, forest, protection","flowers, forest",green,"nature, harmony",,,,,,,
mongolian,zanabazar,god,"god of wisdom, art, and culture",earth,male,wise and creative,"wisdom, arts, culture","buddhist symbols, brush",yellow,"wisdom, cultural enrichment",,gazar eej,white old man,,,,
chinese,zao jun,god,"kitchen god, guardian of the household",household,male,guardian of the kitchen,"household, hearth","stove, kitchen tools",red,"household harmony, blessings",,,,,,,
zoroastrian,zarathustra,human,founder of zoroastrianism,persia,other,"visionary, lawgiver, historical/prophet","zoroastrianism, philosophy",faravahar,,"truth, good vs evil, wisdom, philosophy",,dughdova,pourushaspa,,,,
greek,zeus,god,sky god,olympus,male,mighty ruler,ruling,thunderbolt,"sky blue, white, gold","leadership, justice",married,rhea,cronus,"many, including hera","ares, hephaestus, athena, ap ollo, artemis, hermes, dionysus, persephone, heracles, helen of troy",,
chinese,zhong kui,god,god of exorcism and protection,,male,fearless and protective,"exorcism, protection","sword, scroll","red, black","protection, bravery",,,,,,,
chinese,zhu rong,god,god of fire and south,"heaven, fire",male,passionate and fiery,"fire, south","fire, spear",red,"passion, fire",,,,,,,
chinese,zhurong,god,god of fire and south,fire,male,heroic and fire-wielding,"fire, heroism","fire, spear",red,"heroism, fire",,,,,,,
luba,zinjamba,god,rain god,luba kingdom,male,god,"rain, agriculture","rain, corn",blue,"rain, agriculture",,,,,,,
lakota,zintkala nuni,spirit,bird spirit,lakota nation,other,spirit,"nature, protector",bird symbols,,"nature, protector",,,,,,,
slavic,zirnitra,god,dragon deity,slavic regions,other,deity,"water, fertility",dragon,,fertility,,,,,,,
hittite,zitharwa,god,goddess of beer,hittite regions,female,goddess,"beer, fertility",beer jug,,"beer, fertility",,,,,,,
lakota,zizilia,spirit,deer spirit,lakota nation,other,spirit,"nature, grace",deer symbols,,"nature, grace",,,,,,,
chinese,zong kui,god,"ghost king, protector against evil spirits",underworld,other,fearless and guardian,"protection, banishing evil spirits","sword, armor",black,"fearlessness, protection",,zong's mother,zong's father,,,,
slavic,zorya,god,triple goddesses of the dawn and night,sky,female,watchful and protective,"day, night, protection","morning star, evening star","blue, white","protection, balance",,dazhbog,simargl,,,,
,,,,,other,,,,,,,,,,,,
,,,,,other,,,,,,,,,,,,
,,,,,other,,,,,,,,,,,,
achuar,nunkui,god,"earth goddess, teacher of agriculture to women",amazon rainforest,female,"nurturing, wise","agriculture, earth, women","soil, plants",green,"fertility, nurturing, knowledge",,,,,,,
achuar,etsa,god,"sun god, source of light and energy",amazon rainforest,male,"powerful, regulating","light, energy, cosmic balance",sun,yellow,"knowledge, order, energy",,,,,,,
achuar,wakan,spirit,"dream spirit, messenger of visions during rituals",amazon rainforest,other,"mystical, visionary","dreams, visions, jaguar","dream, jaguar",dark,"spiritual knowledge, guidance",,,,,,,
achuar,iwianch,spirit,wandering spirits of the dead or forest beings,amazon rainforest,other,"ambiguous, varied","death, forest, transformation","shadows, forest",dark,"respect for the dead, caution",,,,,,,
achuar,nungui,god,goddess of gardens and fertility,"gardens, earth",female,"nurturing, fertile","agriculture, plants","earth, seeds",green,"fertility, abundance",,,,,,,
achuar,etsa,spirit,personification of the sun,"sky, daylight",other,"radiant, powerful","light, warmth, time",sun,yellow,"life force, rhythm of day",,,,,,,
achuar,nunkui,god,"earth goddess, teacher of agriculture","earth, forest",female,"wise, maternal","planting, women’s knowledge","plants, clay",brown,"sustainability, teaching",,,,,,,
achuar,wakani,spirit,spiritual force within all beings (life force),internal/spiritual,other,"inherent, sacred","inner strength, spiritual path","heart, breath",invisible,"vitality, spiritual strength",,,,,,,
greek,aphrodite,god,"goddess of beauty, love, desire, and pleasure",,female,,olympian,,,,,,,,,,ἀφροδίτη
greek,apollo,god,"god of music, arts, knowledge, healing, plague, prophecy, poetry, manly beauty, and archery",,male,,olympian,,,,,,,,,,ἀπόλλων
greek,ares,god,"god of courage, war, bloodshed, and violence",,male,,olympian,,,,,,,,,,ἄρης
greek,artemis,god,"virgin goddess of the hunt, wilderness, animals, the moon and young girls",,female,,olympian,,,,,,,,,,ἄρτεμις
greek,athena,god,"goddess of reason, wisdom, intelligence, skill, peace, warfare, battle strategy, and handicrafts",,female,,olympian,,,,,,,,,,ἀθηνᾶ
greek,demeter,god,"goddess of grain, agriculture, harvest, growth, and nourishment",,female,,olympian,,,,,,,,,,δημήτηρ
greek,dionysus,god,"god of wine, fruitfulness, parties, festivals, madness, chaos, drunkenness, vegetation, ecstasy, and the theater",,male,,olympian,,,,,,,,,,διόνυσος
greek,hades,god,god and king of the underworld and the dead,,male,,olympian,,,,,,,,,,ᾅδης
greek,hephaestus,god,"god of fire, metalworking, and crafts",,male,,olympian,,,,,,,,,,ἥφαιστος
greek,hera,god,"queen of the gods, and goddess of marriage, women, childbirth, heirs, kings, and empires",,female,,olympian,,,,,,,,,,ἥρα
greek,hermes,god,"god of boundaries, travel, communication, trade, language, thieves and writing",,male,,olympian,,,,,,,,,,ἑρμῆς
greek,hestia,god,"virgin goddess of the hearth, home, and chastity",,female,,olympian,,,,,,,,,,ἑστία
greek,poseidon,god,"god of the sea, rivers, floods, droughts, and earthquakes",,male,,olympian,,,,,,,,,,ποσειδῶν
greek, zeus,god,"king of the gods, ruler of mount olympus, and god of the sky, weather, thunder, lightning, law, order, and justice",,male,,olympian,,,,,,,,,,ζεύς
greek,achlys,god," goddess of poisons, and the personification of misery and sadness",,female,,primordial,,,,,,,,,,ἀχλύς
greek,aether,god, god of light and the upper atmosphere,,male,,primordial,,,,,,,,,,αἰθήρ
greek,aion,god," god of eternity, personifying cyclical and unbounded time",,male,,primordial,,,,,,,,,,αἰών
greek,ananke,god," goddess of inevitability, compulsion, and necessity",,female,,primordial,,,,,,,,,,ἀνάγκη
greek,chaos,god, personification of nothingness from which all of existence sprang,,other,,primordial,,,,,,,,,,χάος
greek,chronos,god," god of empirical time, sometimes equated with aion",,male,,primordial,,,,,,,,,,χρόνος
greek,erebus,god, god of darkness and shadow,,male,,primordial,,,,,,,,,,ἔρεβος
greek,eros,god, god of love and attraction,,male,,primordial,,,,,,,,,,ἔρως
greek,gaia,god,personification of the earth (mother earth); mother of the titans,,male,,primordial,,,,,,,,,,γαῖα
greek,hemera,god, goddess of day,,female,,primordial,,,,,,,,,,ἡμέρα
greek,hypnos,god,god of sleep,,male,,primordial,,,,,,,,,,ὕπνος
greek,nemesis,god, goddess of retribution,,female,,primordial,,,,,,,,,,νέμεσις
greek,nesoi,god, goddesses of islands,,female,,primordial,,,,,,,,,,νῆσοι
greek,nyx,god, goddess of night,,female,,primordial,,,,,,,,,,νύξ
greek,ourea,god, gods of mountains,,male,,primordial,,,,,,,,,,οὔρεα
greek,phanes,god, god of procreation in the orphic tradition,,male,,primordial,,,,,,,,,,φάνης
greek,pontus,god," god of the sea, father of the fish and other sea creatures",,male,,primordial,,,,,,,,,,πόντος
greek,tartarus,god," god of the deepest, darkest part of the underworld, the tartarean pit (which is also referred to as tartarus itself)",,male,,primordial,,,,,,,,,,τάρταρος
greek,thalassa,god,personification of the sea and consort of pontus,,other,,primordial,,,,,,,,,,θάλασσα
greek,thanatos,god,god of death,,male,,primordial,,,,,,,,,,θάνατος
greek,uranus,god, god of the heavens (father sky); father of the titans,,male,,primordial,,,,,,,,,,οὐρανός
greek,coeus,titan,titan of intellect and the axis of heaven around which the constellations revolved,,male,,twelve titan,,,,,,,,,,κοῖος
greek,crius,titan," least individualized of the twelve titans, he is the father of astraeus, pallas, and perses",,male,,twelve titan,,,,,,,,,,κρεῖος
greek,cronus,titan,titan of harvests and personification of destructive time,,male,,twelve titan,,,,,,,,,,κρόνος
greek,hyperion,titan,titan of light,,male,,twelve titan,,,,,,,,,,ὑπερίων
greek,iapetus,titan,"titan of mortality and father of prometheus, epimetheus, menoetius, and atlas",,male,,twelve titan,,,,,,,,,,ἰαπετός
greek,mnemosyne,titan,"titaness of memory and remembrance, and mother of the nine muses",,female,,twelve titan,,,,,,,,,,mνημοσύνη
greek,oceanus,titan,"titan of the all-encircling river oceans around the earth, the fount of all the earths fresh-water",,male,,twelve titan,,,,,,,,,,ὠκεανός
greek,phoebe,titan,"titaness of the bright intellect and prophecy, and consort of koios",,female,,twelve titan,,,,,,,,,,φοίβη
greek,rhea,titan,"titaness of fertility, motherhood and the mountain wilds",,female,,twelve titan,,,,,,,,,,ῥέα
greek,tethys,titan,"titaness of fresh-water, and the mother of the rivers, springs, streams, fountains, and clouds",,female,,twelve titan,,,,,,,,,,τηθύς
greek,theia,titan,titaness of sight and the shining light of the clear blue sky,,female,,twelve titan,,,,,,,,,,θεία
greek,themis,titan,titaness of divine law and order,,female,,twelve titan,,,,,,,,,,θέμις
greek,asteria,titan,titaness of nocturnal oracles and falling stars,,female,,other titan,,,,,,,,,,ἀστερία
greek,astraeus,titan,"titan of dusk, stars, and planets, and the art of astrology",,male,,other titan,,,,,,,,,,ἀστραῖος
greek,atlas,titan,titan forced to carry the heavens upon his shoulders by zeus,,male,,other titan,,,,,,,,,,ἄτλας
greek,dione,titan,titaness of the oracle of dodona,,female,,other titan,,,,,,,,,,διώνη
greek,helios,titan,titan of the sun and guardian of oaths,,male,,other titan,,,,,,,,,,ἥλιος
greek,selene,titan,titaness of the moon,,female,,other titan,,,,,,,,,,σελήνη
greek,eos,titan,titaness of the dawn,,female,,other titan,,,,,,,,,,ἠώς
greek,epimetheus,titan,titan of afterthought and the father of excuses,,male,,other titan,,,,,,,,,,ἐπιμηθεύς
greek,lelantos,titan, titan father of the nymph aura,,female,,other,,,,,,,,,,λήλαντος
greek,leto,titan,"titaness of motherhood and mother of the twin olympians, artemis and apollo",,female,,other titan,,,,,,,,,,λητώ
greek,menoetius,titan,"titan of violent anger, rash action, and human mortality",,male,,other titan,,,,,,,,,,μενοίτιος
greek,metis,titan,"titaness of good counsel, advice, planning, cunning, craftiness, and wisdom",,female,,other titan,,,,,,,,,,μῆτις
greek,pallas,titan,titan of warcraft,,male,,other titan,,,,,,,,,,πάλλας
greek,perses,titan,titan of destruction,,male,,other titan,,,,,,,,,,πέρσης
greek,prometheus,titan,"titan of forethought and crafty counsel, and creator of mankind",,male,,other titan,,,,,,,,,,προμηθεύς
greek,styx,titan,titaness of the underworld river styx and personification of hatred,,female,,other titan,,,,,,,,,,στύξ
greek,adephagia,personification,spirit of satiety and gluttony,,other,,personification,,,,,,,,,,ἀδηφαγία
greek,adikia,personification,spirit of injustice and wrongdoing,,other,,personification,,,,,,,,,,ἀδικία
greek,aergia,personification,"spirit of idleness, laziness, indolence and sloth",,other,,personification,,,,,,,,,,ἀεργία
greek,agathodaemon,personification,spirit  of the vineyards and grainfields,,other,,personification,,,,,,,,,,ἀγαθοδαίμων
greek,agon,personification,"spirit of contest, who possessed an altar at olympia, site of the olympic games",,other,,personification,,,,,,,,,,ἀγών
greek,aidos,personification,"spirit of modesty, reverence and respect",,other,,personification,,,,,,,,,,αἰδώς
greek,aisa,personification,personification of lot and fate,,other,,personification,,,,,,,,,,αἴσα
greek,alala,personification,spirit of the war cry,,other,,personification,,,,,,,,,,ἀλαλά
greek,alastor,personification,spirit of blood feuds and vengeance,,other,,personification,,,,,,,,,,ἀλάστωρ
greek,aletheia,personification,"spirit of truth, truthfulness and sincerity",,other,,personification,,,,,,,,,,ἀλήθεια
greek,achos,personification,spirit of trouble and distress (algea; ἄλγεα),,other,,personification,,,,,,,,,,ἄχος
greek,ania,personification,spirit of ache and anguish (algea; ἄλγεα),,other,,personification,,,,,,,,,,ἀνία
greek,lupe,personification,"spirit of pain, grief, and sadness (algea; ἄλγεα)",,other,,personification,,,,,,,,,,λύπη
greek,alke,personification,spirit of prowess and courage (one of the machai),,other,,personification,,,,,,,,,,ἀλκή
greek,amechania,personification,spirit of helplessness and want of means,,other,,personification,,,,,,,,,,ἀμηχανία
greek,the amphilogiai,personification,"spirits of disputes, debate, and contention",,other,,personification,,,,,,,,,,ἀμφιλογίαι
greek,anaideia,personification,"spirit of ruthlessness, shamelessness, and unforgivingness",,other,,personification,,,,,,,,,,ἀναίδεια
greek,the androktasiai,personification,spirits of battlefield slaughter,,other,,personification,,,,,,,,,,ἀνδροκτασίαι
greek,angelia,personification,"spirit of messages, tidings and proclamations",,other,,personification,,,,,,,,,,ἀγγελία
greek,apate,personification,"spirit of deceit, guile, fraud and deception",,other,,personification,,,,,,,,,,ἀπάτη
greek,apheleia,personification,spirit of simplicity,,other,,personification,,,,,,,,,,ἀφέλεια
greek,the arae,personification,spirits of curses,,other,,personification,,,,,,,,,,ἀραί
greek,arete,personification,"spirit of virtue, excellence, goodness, and valour",,other,,personification,,,,,,,,,,ἀρετή
greek,atë,personification,"spirit of delusion, infatuation, blind folly, recklessness, and ruin",,other,,personification,,,,,,,,,,ἄτη
greek,bia,personification, personification of force and raw energy,,other,,personification,,,,,,,,,,"βία ""violence"""
greek,caerus,personification,spirit of opportunity,,other,,personification,,,,,,,,,,καιρός
greek,corus,personification,spirit of surfeit,,other,,personification,,,,,,,,,,κόρος
greek,deimos,personification,"spirit of fear, dread, and terror",,other,,personification,,,,,,,,,,δεῖμος
greek,dikaiosyne,personification,spirit of justice and righteousness,,other,,personification,,,,,,,,,,δικαιοσύνη
greek,dike,personification,"spirit of justice, fair judgement, and the rights established by custom and law",,other,,personification,,,,,,,,,,δίκη
greek,dolos,personification,"spirit of trickery, cunning deception, craftiness, treachery, and guile",,other,,personification,,,,,,,,,,δόλος
greek,dysnomia,personification,spirit of lawlessness and poor civil constitution,,other,,personification,,,,,,,,,,δυσνομία
greek,dyssebeia,personification,spirit of impiety,,other,,personification,,,,,,,,,,δυσσέβεια
greek,eiresione,personification,personification of the olive branch,,other,,personification,,,,,,,,,,ειρεσιώνη
greek,ekecheiria,personification,"spirit of truce, armistice, and the cessation of all hostilities; honoured at the olympic games",,other,,personification,,,,,,,,,,ἐκεχειρία
greek,eleos,personification,"spirit of mercy, pity, and compassion",,other,,personification,,,,,,,,,,ἔλεος
greek,elpis,personification,spirit of hope and expectation,,other,,personification,,,,,,,,,,ἐλπίς
greek,epiphron,personification,"spirit of prudence, shrewdness, thoughtfulness, carefulness, and sagacity",,other,,personification,,,,,,,,,,ἐπίφρων
greek,eris,personification,"spirit of strife, discord, contention, and rivalry",,other,,personification,,,,,,,,,,ἔρις
greek,anteros,personification,god of requited love,,male,,personification,,,,,,,,,,ἀντέρως
greek,hedylogos,personification,god of sweet talk and flattery,,male,,personification,,,,,,,,,,ἡδύλογος
greek,himeros,personification,god of sexual desire,,male,,personification,,,,,,,,,,ἵμερος
greek,pothos,personification,"god of sexual longing, yearning, and desire",,male,,personification,,,,,,,,,,πόθος
greek,eucleia,personification,spirit of good repute and glory,,other,,personification,,,,,,,,,,εὔκλεια
greek,eulabeia,personification,"spirit of discretion, caution, and circumspection",,other,,personification,,,,,,,,,,εὐλάβεια
greek,eupheme,personification,"spirit of words of good omen, acclamation, praise, applause, and shouts of triumph",,other,,personification,,,,,,,,,,εὐφήμη
greek,eupraxia,personification,spirit of well-being,,other,,personification,,,,,,,,,,eὐπραξία
greek,eusebeia,personification,"spirit of piety, loyalty, duty, and filial respect",,other,,personification,,,,,,,,,,eὐσέβεια
greek,euthenia,personification,"spirit of prosperity, abundance, and plenty",,other,,personification,,,,,,,,,,εὐθενία
greek,gelos,personification,spirit of laughter,,other,,personification,,,,,,,,,,γέλως
greek,geras,personification,spirit of old age,,other,,personification,,,,,,,,,,γῆρας
greek,harmonia,personification,goddess of harmony and concord,,female,,personification,,,,,,,,,,ἁρμονία
greek,hedone,personification,"spirit of pleasure, enjoyment, and delight",,other,,personification,,,,,,,,,,ἡδονή
greek,heimarmene,personification,personification of share destined by fate,,other,,personification,,,,,,,,,,εἵμαρμένη
greek,homados,personification,spirit of the din of battle,,other,,personification,,,,,,,,,,ὅμαδος
greek,homonoia,personification,"spirit of concord, unanimity, and oneness of mind",,other,,personification,,,,,,,,,,ὁμόνοια
greek,horkos,personification,spirit of oaths,,other,,personification,,,,,,,,,,ὅρκος
greek,horme,personification,"spirit of impulse or effort (to do a thing), eagerness, setting oneself in motion, and starting an action",,other,,personification,,,,,,,,,,ὁρμή
greek,hybris,personification,spirit of outrageous behaviour,,other,,personification,,,,,,,,,,ὕβρις
greek,the hysminai,personification,spirits of fighting and combat,,other,,personification,,,,,,,,,,ὑσμῖναι
greek,ioke,personification,spirit of pursuit in battle,,other,,personification,,,,,,,,,,ἰωκή
greek,kakia,personification,spirit of vice and moral badness,,other,,personification,,,,,,,,,,kακία
greek,the keres,personification,spirits of violent or cruel death,,other,,personification,,,,,,,,,,κῆρες
greek,koalemos,personification,spirit of stupidity and foolishness,,other,,personification,,,,,,,,,,κοάλεμος
greek,kratos,personification,"spirit of strength, might, power, and sovereign rule",,other,,personification,,,,,,,,,,κράτος
greek,kydoimos,personification,"spirit of the din of battle, confusion, uproar, and hubbub",,other,,personification,,,,,,,,,,κυδοιμός
greek,lethe,personification,"spirit of forgetfulness and oblivion, and of the river of the same name",,other,,personification,,,,,,,,,,λήθη
greek,limos,personification,spirit of hunger and starvation,,other,,personification,,,,,,,,,,λιμός
greek,the litae,personification,spirits of prayer,,other,,personification,,,,,,,,,,λιταί
greek,lyssa,personification,"spirit of rage, fury and rabies in animals",,other,,personification,,,,,,,,,,λύσσα
greek,the machai,personification,spirits of fighting and combat,,other,,personification,,,,,,,,,,μάχαι
greek,mania,personification,"spirit or spirits of madness, insanity, and frenzy",,other,,personification,,,,,,,,,,μανία
greek,clotho,personification,spinner of the life thread (fates; μοίραι),,other,,personification,,,,,,,,,,κλωθώ
greek,lachesis,personification,measurer of the life thread (fates; μοίραι),,other,,personification,,,,,,,,,,λάχεσις
greek,atropos,personification,severer of the life thread (fates; μοίραι),,other,,personification,,,,,,,,,,άτροπος
greek,momus,personification,"spirit of mockery, blame, censure and stinging criticism",,other,,personification,,,,,,,,,,μῶμος
greek,moros,personification,spirit of doom,,other,,personification,,,,,,,,,,μόρος
greek,the neikea,personification,"spirits of quarrels, feuds and grievances",,other,,personification,,,,,,,,,,τὰ νείκη
greek,nike,personification,goddess of victory,,female,,personification,,,,,,,,,,νίκη
greek,nomos,personification,spirit of law,,other,,personification,,,,,,,,,,νόμος
greek,oizys,personification,spirit of woe and misery,,other,,personification,,,,,,,,,,ὀϊζύς
greek,the oneiroi,personification,dreams,,other,,personification,,,,,,,,,,ὄνειροι
greek,palioxis,personification,"spirit of backrush, flight and retreat from battle",,other,,personification,,,,,,,,,,παλίωξις
greek,peitharchia,personification,spirit of discipline,,other,,personification,,,,,,,,,,πειθαρχία
greek,peitho,personification,spirit of persuasion and seduction,,other,,personification,,,,,,,,,,πειθώ
greek,penia,personification,spirit of poverty and need,,other,,personification,,,,,,,,,,πενία
greek,penthus,personification,"spirit of grief, mourning, and lamentation",,other,,personification,,,,,,,,,,πένθος
greek,pepromene,personification,"personification of the destined share, similar to heimarmene",,other,,personification,,,,,,,,,,πεπρωμένη
greek,pheme,personification,"spirit of rumour, report, and gossip",,other,,personification,,,,,,,,,,φήμη
greek,philophrosyne,personification,"spirit of friendliness, kindness, and welcome",,other,,personification,,,,,,,,,,φιλοφροσύνη
greek,philotes,personification,"spirit of friendship, affection, and sexual intercourse",,other,,personification,,,,,,,,,,φιλότης
greek,phobos,personification,"spirit of panic fear, flight, and battlefield rout",,other,,personification,,,,,,,,,,φόβος
greek,the phonoi,personification,"spirits of murder, killing, and slaughter",,other,,personification,,,,,,,,,,φόνοι
greek,phrike,personification,spirit of horror and trembling fear,,other,,personification,,,,,,,,,,φρίκη
greek,phthonus,personification,spirit of envy and jealousy,,other,,personification,,,,,,,,,,φθόνος
greek,pistis,personification,"spirit of trust, honesty, and good faith",,other,,personification,,,,,,,,,,πίστις
greek,poine,personification,"spirit of retribution, vengeance, recompense, punishment, and penalty for the crime of murder and manslaughter",,male,,personification,,,,,,,,,,ποίνη
greek,polemos,personification,personification of war,,other,,personification,,,,,,,,,,πόλεμος
greek,ponos,personification,spirit of hard labour and toil,,other,,personification,,,,,,,,,,πόνος
greek,poros,personification,"spirit of expediency, the means of accomplishing or providing, contrivance and device",,other,,personification,,,,,,,,,,πόρος
greek,praxidike,personification,spirit of exacting justice,,other,,personification,,,,,,,,,,πραξιδίκη
greek,proioxis,personification,spirit of onrush and battlefield pursuit,,other,,personification,,,,,,,,,,προίωξις
greek,prophasis,personification,spirit of excuses and pleas,,other,,personification,,,,,,,,,,πρόφασις
greek,ptocheia,personification,spirit of beggary,,other,,personification,,,,,,,,,,πτωχεία
greek,soter,personification,"male spirit of safety, preservation, and deliverance from harm",,other,,personification,,,,,,,,,,σωτήρ
greek,soteria,personification,"female personification of safety, preservation, and deliverance from harm",,other,,personification,,,,,,,,,,σωτηρία
greek,sophrosyne,personification,"spirit of moderation, self-control, temperance, restraint, and discretion",,other,,personification,,,,,,,,,,σωφροσύνη
greek,thrasos,personification,spirit of boldness,,other,,personification,,,,,,,,,,θράσος
greek,tyche,personification,"goddess of fortune, chance, providence, and fate",,female,,personification,,,,,,,,,,τύχη
greek,zelos,personification,"spirit of eager rivalry, emulation, envy, jealousy, and zeal",,other,,personification,,,,,,,,,,ζῆλος
greek,amphiaraus,god," seer, and one of the seven against thebes who became an oracular spirit of the underworld after his death",,other,,chthonic,,,,,,,,,,ἀμφιάραος
greek,angelos,god, daughter of zeus and hera who became an underworld goddess,,female,,chthonic,,,,,,,,,,ἄγγελος
greek,askalaphos,god, son of acheron and orphne who tended the underworld orchards before being transformed into a screech owl by demeter,,other,,chthonic,,,,,,,,,,ἀσκάλαφος
greek,charon,god,ferryman of hades,,male,,chthonic,,,,,,,,,,χάρων
greek,erebos,god," primeval god of darkness, his mists encircled the underworld and filled the hollows of the earth",,male,,chthonic,,,,,,,,,,ἔρεβος
greek,alecto,god,goddesses of retribution; the unceasing one (furies; ἐρινύες),,female,,chthonic,,,,,,,,,,ἀληκτώ
greek,tisiphone,god,goddesses of retribution; the avenger of murder (furies; ἐρινύες),,female,,chthonic,,,,,,,,,,τισιφόνη
greek,megaera,god,goddesses of retribution; the jealous one (furies; ἐρινύες),,female,,chthonic,,,,,,,,,,μέγαιρα
greek,hecate,god,"goddess of magic, witchcraft, the night, moon, ghosts, and necromancy",,female,,chthonic,,,,,,,,,,ἑκάτη
greek,aiakos,god,"former mortal king of aegina, guardian of the keys of hades and judge of the men of europe",,other,,chthonic,,,,,,,,,,αἰακός
greek,minos,god,former mortal king of crete and judge of the final vote,,other,,chthonic,,,,,,,,,,μίνως
greek,rhadamanthys,god,former mortal lawmaker and judge of the men of asia,,other,,chthonic,,,,,,,,,,ῥαδάμανθυς
greek,keuthonymos,god, underworld spirit and father of menoetes,,other,,chthonic,,,,,,,,,,κευθόνυμος
greek,gorgyra,god, torch-bearing underworld nymph (lampades; λαμπάδες),,female,,nymph,,,,,,,,,,γοργύρα
greek,orphne,god,"lampad nymph of hades, mother of askalaphos (lampades; λαμπάδες)",,female,,nymph,,,,,,,,,,ορφνη
greek,macaria,god,goddess of blessed death and daughter of hades,,female,,chthonic,,,,,,,,,,μακαρία
greek,melinoe,god,daughter of persephone and zeus who presided over the propitiations offered to the ghosts of the dead,,other,,chthonic,,,,,,,,,,μελινόη
greek,menoetes,god, underworld spirit who herded the cattle of hades,,other,,chthonic,,,,,,,,,,μενοίτης
greek,acheron,god, river of woe,,other,,chthonic,,,,,,,,,,αχέρων
greek,kokytos,god, river of wailing,,other,,chthonic,,,,,,,,,,kωκυτός
greek,eridanos,god, river of amber,,other,,chthonic,,,,,,,,,,ἠριδανός
greek,phlegethon,god, river of fire,,other,,chthonic,,,,,,,,,,φλεγέθων
greek,zagreus,god,"underworld god, possibly the son of hades and persephone or zeus and persephone",,male,,chthonic,,,,,,,,,,ζαγρεύς
greek,aegaeon,god,god of violent sea storms and ally of the titans,,male,,sea,,,,,,,,,,αιγαίων
greek,amphitrite,god,sea goddess and consort of poseidon,,female,,sea,,,,,,,,,,αμφιτρίτη
greek,benthesikyme,god,"daughter of poseidon, who resided in ethiopia",,other,,sea,,,,,,,,,,βενθεσικύμη
greek,brizo,god,"patron goddess of sailors, who sent prophetic dreams",,female,,sea,,,,,,,,,,βριζώ
greek,ceto,god,goddess of the dangers of the ocean and of sea monsters,,female,,sea,,,,,,,,,,κῆτώ
greek,cymopoleia,god, daughter of poseidon married to the giant briareus,,other,,sea,,,,,,,,,,κυμοπόλεια
greek,eidothea,god,prophetic sea nymph and daughter of proteus,,female,,nymph,,,,,,,,,,ειδοθέα
greek,glaucus,god, fishermans sea god and oracle,,male,,sea,,,,,,,,,,γλαῦκος
greek,leucothea,god, sea goddess who aided sailors in distress,,female,,sea,,,,,,,,,,λευκοθέα
greek,arethusa,god,sea nymph and  daughter of nereus who was transformed into a fountain,,female,,nymph,,,,,,,,,,αρετούσα
greek,dynamene,god,sea nymph associated with the might and power of great ocean swells,,female,,nymph,,,,,,,,,,δυναμένη
greek,galene,god,sea nymph and goddess of calm seas,,female,,nymph,,,,,,,,,,γαλήνη
greek,psamathe,god,sea nymph and goddess of sand beaches,,female,,nymph,,,,,,,,,,πσαμάθη
greek,thetis,god,sea nymph and leader of the nereids who presided over the spawning of marine life in the sea,,female,,nymph,,,,,,,,,,θέτις
greek,nereus,god,"sea nymph and  old man of the sea, and the god of the seas rich bounty of fish",,female,,nymph,,,,,,,,,,νηρέας
greek,nerites,god, sea spirit who was transformed into a shell-fish by aphrodite,,other,,sea,,,,,,,,,,νερίτης
greek,idyia,god,"sea nymph and wife of the colchian king aeetes, mother of medea",,female,,nymph,,,,,,,,,,ίδυια
greek,palaemon,god, young sea god who aided sailors in distress,,male,,sea,,,,,,,,,,παλαίμων
greek,phorcys,god,god of the hidden dangers of the deep,,male,,sea,,,,,,,,,,φόρκυς
greek,pontos,god,"primeval god of the sea, father of the fish and other sea creatures",,male,,sea,,,,,,,,,,πόντος
greek,proteus,god," shape-shifting, prophetic old sea god, and the herdsman of poseidons seals",,male,,sea,,,,,,,,,,πρωτεύς
greek,sangarius,god, river-god,,male,,sea,,,,,,,,,,σαγγάριος
greek,actaeus,god,sea spirit native to the island of rhodes (telchines; τελχινες),,other,,sea,,,,,,,,,,ακταίος
greek,argyron,god,sea spirit native to the island of rhodes (telchines; τελχινες),,other,,sea,,,,,,,,,,αργυρών
greek,atabyrius,god,sea spirit native to the island of rhodes (telchines; τελχινες),,other,,sea,,,,,,,,,,αταβύριος
greek,chalcon,god,sea spirit native to the island of rhodes (telchines; τελχινες),,other,,sea,,,,,,,,,,χαλκών
greek,chryson,god,sea spirit native to the island of rhodes (telchines; τελχινες),,other,,sea,,,,,,,,,,χρυσών
greek,damon,god,sea spirit native to the island of rhodes (telchines; τελχινες),,other,,sea,,,,,,,,,,δαμων
greek,dexithea,god,sea spirit native to the island of rhodes (telchines; τελχινες),,other,,sea,,,,,,,,,,δεξιθέα
greek,lycos,god,sea spirit native to the island of rhodes (telchines; τελχινες),,other,,sea,,,,,,,,,,λύκος
greek,lysagora,god,sea spirit native to the island of rhodes (telchines; τελχινες),,other,,sea,,,,,,,,,,λυσαγόρα
greek,makelo,god,sea spirit native to the island of rhodes (telchines; τελχινες),,other,,sea,,,,,,,,,,μακελώ
greek,megalesius,god,sea spirit native to the island of rhodes (telchines; τελχινες),,other,,sea,,,,,,,,,,μεγαλήσιος
greek,mylas,god,sea spirit native to the island of rhodes (telchines; τελχινες),,other,,sea,,,,,,,,,,μύλας
greek,nikon,god,sea spirit native to the island of rhodes (telchines; τελχινες),,other,,sea,,,,,,,,,,νίκων
greek,ormenos,god,sea spirit native to the island of rhodes (telchines; τελχινες),,other,,sea,,,,,,,,,,ορμενος
greek,simon,god,sea spirit native to the island of rhodes (telchines; τελχινες),,other,,sea,,,,,,,,,,σίμων
greek,skelmis,god,sea spirit native to the island of rhodes (telchines; τελχινες),,other,,sea,,,,,,,,,,σκελμις
greek,thaumas,god,god of the wonders of the sea,,male,,sea,,,,,,,,,,θαῦμας
greek,thoosa,god,goddess of swift currents,,female,,sea,,,,,,,,,,θόοσα
greek,triteia,god,daughter of triton and companion of ares,,other,,sea,,,,,,,,,,τριτεια
greek,triton,god,fish-tailed son and herald of poseidon,,other,,sea,,,,,,,,,,τρίτων
greek,tritones ,god,fish-tailed spirits in poseidons retinue,,other,,sea,,,,,,,,,,τρίτωνες
greek,aeolus,god,god of the winds,,male,,sky,,,,,,,,,,αίολος
greek,alectrona,god,solar goddess of the morning or waking up,,female,,sky,,,,,,,,,,αλεκτρονα
greek,aparctias,god,"another name for the north wind (anemoi, άνεμοι)",,other,,sky,,,,,,,,,,απαρκτίας
greek,apheliotes,god,"god of the east wind (anemoi, άνεμοι)",,male,,sky,,,,,,,,,,αφηλιώτης
greek,argestes,god,"another name for the west or northwest wind (anemoi, άνεμοι)",,other,,sky,,,,,,,,,,αργέστης
greek,boreas,god,"god of the north wind and of winter (anemoi, άνεμοι)",,male,,sky,,,,,,,,,,βορέας
greek,caicias,god,"god of the northeast wind (anemoi, άνεμοι)",,male,,sky,,,,,,,,,,καικίας
greek,circios,god,"god of the north-northwest wind (anemoi, άνεμοι)",,male,,sky,,,,,,,,,,κίρκιος
greek,euronotus,god,"god of the southeast wind (anemoi, άνεμοι)",,male,,sky,,,,,,,,,,ευρονότος
greek,eurus,god,"god of the unlucky east or southeast wind (anemoi, άνεμοι)",,male,,sky,,,,,,,,,,εύρος
greek,lips,god,"god of the southwest wind (anemoi, άνεμοι)",,male,,sky,,,,,,,,,,λίψ
greek,notus,god,"god of the south wind (anemoi, άνεμοι)",,male,,sky,,,,,,,,,,νότος
greek,skeiron,god,"god of the northwest wind (anemoi, άνεμοι)",,male,,sky,,,,,,,,,,σκείρων
greek,zephyrus,god,"god of the west wind (anemoi, άνεμοι)",,male,,sky,,,,,,,,,,ζέφυρος
greek,arke,god,messenger of the titans and twin sister of iris,,male,,sky,,,,,,,,,,άρκη
greek,astraios,god,"titan god of stars and planets, and the art of astrology",,male,,sky,,,,,,,,,,ἀστραῖος
greek,stilbon,god,"god of hermaon, the planet mercury",,male,,sky,,,,,,,,,,στιλβών
greek,eosphorus,god,god of venus the morning star,,male,,sky,,,,,,,,,,ηωσφόρος
greek,hesperus,god,god of venus the evening star,,male,,sky,,,,,,,,,,ἓσπερος
greek,pyroeis,god,"god of areios, the planet mars",,male,,sky,,,,,,,,,,πυρόεις
greek,phaethon,god,"god of dios, the planet jupiter",,male,,sky,,,,,,,,,,φαέθων
greek,phaenon,god,"god of kronion, the planet saturn",,male,,sky,,,,,,,,,,φαίνων
greek,aurai,god,"nymphs of the cooling breeze, goddess of the breeze and the fresh, cool air of early morning",,female,,nymph,,,,,,,,,,"αὖραι', 'αὖρα"
greek,aura,god,"goddess of the breeze and the fresh, cool air of early morning",,female,,sky,,,,,,,,,,αὖρα
greek,chione,god,goddess of snow and daughter of boreas,,female,,sky,,,,,,,,,,χιόνη
greek,ersa,god,goddess of the morning dew,,female,,sky,,,,,,,,,,ἕρση
greek,the hesperides,god,nymphs of the evening and sunset,,female,,nymph,,,,,,,,,,´εσπερίδες
greek,iris,god,goddess of the rainbow and divine messenger,,female,,sky,,,,,,,,,,ίρις
greek,men,god, lunar deity worshiped in the western interior parts of anatolia,,other,,sky,,,,,,,,,,μήν
greek,nephele,god,cloud nymph,,female,,nymph,,,,,,,,,,νεφέλη
greek,pandia,god,"personification of the moon, daughter of selene and zeus",,other,,sky,,,,,,,,,,πανδία
greek,alcyone,god,goddess of the star cluster pleiades and were associated with rain (pleiades; πλειάδες),,female,,sky,,,,,,,,,,αλκυόνη
greek,sterope,god,goddess of the star cluster pleiades and were associated with rain (pleiades; πλειάδες),,female,,sky,,,,,,,,,,στερόπη
greek,celaeno,god,goddess of the star cluster pleiades and were associated with rain (pleiades; πλειάδες),,female,,sky,,,,,,,,,,κελαινώ
greek,electra,god,goddess of the star cluster pleiades and were associated with rain (pleiades; πλειάδες),,female,,sky,,,,,,,,,,ηλέκτρα
greek,maia,god,goddess of the star cluster pleiades and were associated with rain (pleiades; πλειάδες),,female,,sky,,,,,,,,,,μαία
greek,merope,god,goddess of the star cluster pleiades and were associated with rain (pleiades; πλειάδες),,female,,sky,,,,,,,,,,μερώπη
greek,taygete,god,goddess of the star cluster pleiades and were associated with rain (pleiades; πλειάδες),,female,,sky,,,,,,,,,,ταϋγέτη
greek,sabazios,god,goddess of the star cluster pleiades and were associated with rain (pleiades; πλειάδες),,female,,sky,,,,,,,,,,σαβάζιος
greek,zeus,god,"king of heaven and god of the sky, clouds, thunder, and lightning",,male,,sky,,,,,,,,,,ζεύς
greek,aetna,god,goddess of the volcanic mount etna in sicily,,female,,rustic,,,,,,,,,,αἴτνη
greek,amphictyonis,god,"goddess of wine and friendship between nations, a local form of demeter",,female,,rustic,,,,,,,,,,αμφικτυονίς
greek,anthousai,god,flower nymphs,,female,,nymph,,,,,,,,,,ανθούσαι
greek,aristaeus,god,"god of bee-keeping, cheese-making, herding, olive-growing, and hunting",,male,,rustic,,,,,,,,,,ἀρισταῖος
greek,attis,god,vegetation god and consort of cybele,,male,,rustic,,,,,,,,,,άττις
greek,britomartis,god,"cretan goddess of hunting and nets used for fishing, fowling and the hunting of small game",,female,,rustic,,,,,,,,,,βριτόμαρτις
greek,aitnaios,god,god presiding over the mysteries of the islands of lemnos and samothrace (cabeiri; κάβειροι),,male,,rustic,,,,,,,,,,αιτναιος
greek,alkon,god,god presiding over the mysteries of the islands of lemnos and samothrace (cabeiri; κάβειροι),,male,,rustic,,,,,,,,,,αλκων
greek,eurymedon,god,god presiding over the mysteries of the islands of lemnos and samothrace (cabeiri; κάβειροι),,male,,rustic,,,,,,,,,,ευρυμεδών
greek,onnes,god,god presiding over the mysteries of the islands of lemnos and samothrace (cabeiri; κάβειροι),,male,,rustic,,,,,,,,,,όννης
greek,tonnes,god,god presiding over the mysteries of the islands of lemnos and samothrace (cabeiri; κάβειροι),,male,,rustic,,,,,,,,,,τόννης
greek,chloris,god,minor flower nymph and wife of zephyrus,,female,,nymph,,,,,,,,,,χλωρίς
greek,comus,god,"god of revelry, merrymaking, and festivity",,male,,rustic,,,,,,,,,,κόμος
greek,corymbus,god,god of the fruit of the ivy,,male,,rustic,,,,,,,,,,κόρυμβος
greek,cybele,god, phrygian mountain goddess,,female,,rustic,,,,,,,,,,κυβέλη
greek,acmon,god,spirit of fingers of the hand (dactyls; δάκτυλοι),,other,,rustic,,,,,,,,,,ακμών
greek,damnameneus,god,spirit of fingers of the hand (dactyls; δάκτυλοι),,other,,rustic,,,,,,,,,,δαμναμενεύς
greek,delas,god,spirit of fingers of the hand (dactyls; δάκτυλοι),,other,,rustic,,,,,,,,,,δήλας
greek,epimedes,god,spirit of fingers of the hand (dactyls; δάκτυλοι),,other,,rustic,,,,,,,,,,επιμήδης
greek,heracles,god,spirit of fingers of the hand (dactyls; δάκτυλοι),,other,,rustic,,,,,,,,,,ἡρακλῆς
greek,iasios,god,spirit of fingers of the hand (dactyls; δάκτυλοι),,other,,rustic,,,,,,,,,,ιάσιος
greek,kelmis,god,spirit of fingers of the hand (dactyls; δάκτυλοι),,other,,rustic,,,,,,,,,,κελμις
greek,skythes,god,spirit of fingers of the hand (dactyls; δάκτυλοι),,other,,rustic,,,,,,,,,,σκύθης
greek,titias,god,spirit of fingers of the hand (dactyls; δάκτυλοι),,other,,rustic,,,,,,,,,,τιτίας
greek,cyllenus,god,spirit of fingers of the hand (dactyls; δάκτυλοι),,other,,rustic,,,,,,,,,,κύλληνος
greek,dryades,god,tree and forest nymphs,,female,,nymph,,,,,,,,,,δρυάδες
greek,epimeliades,god,nymphs of highland pastures and protectors of sheep flocks,,female,,nymph,,,,,,,,,,επιμελίδες
greek,hamadryades,god,oak tree dryades,,other,,rustic,,,,,,,,,,αμαδρυάδες
greek,hecaterus,god,minor god of the hekateris — a rustic dance of quickly moving hands — and perhaps of the skill of hands in general,,male,,rustic,,,,,,,,,,ηεκατερος
greek,pyrrhichos,god,god of the rustic dance,,male,,rustic,,,,,,,,,,πυρῥιχος
greek,maenades,god,"crazed nymphs in the retinue of dionysus, nymph of drunkenness",,female,,nymph,,,,,,,,,,μαινάδες
greek,methe,god,nymph of drunkenness,,female,,nymph,,,,,,,,,,μέθη
greek,meliae,god,nymphs of honey and the ash tree,,female,,nymph,,,,,,,,,,μελίαι
greek,daphne,god,fresh water nymph (naiades; ναιάδες),,female,,nymph,,,,,,,,,,δάφνη
greek,metope,god,fresh water nymph (naiades; ναιάδες),,female,,nymph,,,,,,,,,,μετώπη
greek,minthe,god,fresh water nymph (naiades; ναιάδες),,female,,nymph,,,,,,,,,,μίνθη
greek,hekaerge,god,nymph representing the aspect of archery distancing (nymphai hyperboreioi; νύμφαι υπερβόρειοι),,female,,nymph,,,,,,,,,,εκαέργη
greek,loxo,god,nymph representing the aspect of archery trajectory (nymphai hyperboreioi; νύμφαι υπερβόρειοι),,female,,nymph,,,,,,,,,,λοξώ
greek,oupis,god,nymph representing the aspect of archery aim (nymphai hyperboreioi; νύμφαι υπερβόρειοι),,female,,nymph,,,,,,,,,,ουπις
greek,adrasteia,god,nymph  nursemaid of the infant zeus,,female,,nymph,,,,,,,,,,αδράστεια
greek,echo,god, nymph cursed never to speak except to repeat the words of others,,female,,nymph,,,,,,,,,,ηχώ
greek,the ourea,god,primeval gods of mountains,,male,,rustic,,,,,,,,,,ούρος
greek,the palici,god, pair of rustic gods who presided over the geysers and thermal springs in sicily,,male,,rustic,,,,,,,,,,παλικοί
greek,pan,god,"god of shepherds, pastures, and fertility",,male,,rustic,,,,,,,,,,πάν
greek,achelous,god,river god (potamoi; ποταμοί),,male,,rustic,,,,,,,,,,αχέλους
greek,acis,god,river god (potamoi; ποταμοί),,male,,rustic,,,,,,,,,,άκις
greek,alpheus,god,river god (potamoi; ποταμοί),,male,,rustic,,,,,,,,,,αλφειός
greek,asopus,god,river god (potamoi; ποταμοί),,male,,rustic,,,,,,,,,,ασωπός
greek,cladeus,god,river god (potamoi; ποταμοί),,male,,rustic,,,,,,,,,,κλάδεος
greek,eurotas,god,river god (potamoi; ποταμοί),,male,,rustic,,,,,,,,,,ευρώτας
greek,nilus,god,river god (potamoi; ποταμοί),,male,,rustic,,,,,,,,,,νείλος
greek,peneus,god,river god (potamoi; ποταμοί),,male,,rustic,,,,,,,,,,πηνειός
greek,scamander,god,river god (potamoi; ποταμοί),,male,,rustic,,,,,,,,,,σκάμανδρος
greek,priapus,god,god of garden fertility,,male,,rustic,,,,,,,,,,πρίαπος
greek,silenus,god, old rustic god of the dance of the wine-press,,male,,rustic,,,,,,,,,,σειληνός
greek,telete,god,goddess of initiation into the bacchic orgies,,female,,rustic,,,,,,,,,,τελέτη
greek,adonis,god, life-death-rebirth deity,,other,,agriculture,,,,,,,,,,άδωνις
greek,aphaea,god,minor goddess of agriculture and fertility,,female,,agriculture,,,,,,,,,,αφαία
greek,cyamites,god,demi-god of the bean,,male,,agriculture,,,,,,,,,,κυαμίτης
greek,despoina,god,"daughter of poseidon and demeter, goddess of mysteries in arcadia",,female,,agriculture,,,,,,,,,,δέσποινη
greek,eunostus,god,goddess of the flour mill,,female,,agriculture,,,,,,,,,,εύνοστος
greek,persephone,god,"queen of the underworld, wife of hades and goddess of spring growth",,female,,agriculture,,,,,,,,,,περσεφόνη
greek,philomelus,god,agricultural demi-god inventor of the wagon and the plough,,male,,agriculture,,,,,,,,,,φιλόμελος
greek,plutus,god,"god of wealth, including agricultural wealth, son of demeter",,male,,agriculture,,,,,,,,,,πλοῦτος
greek,triptolemus,god,"god of farming and agriculture, he brought agriculture to greece",,male,,agriculture,,,,,,,,,,τριπτόλεμος
greek,asclepius,god,god of medicine,,male,,health,,,,,,,,,,ασκληπιός
greek,aceso,god,goddess of the healing of wounds and the curing of illnesses,,female,,health,,,,,,,,,,ἀκεσώ
greek,aegle,god, goddess of radiant good health,,female,,health,,,,,,,,,,αἴγλη
greek,epione,god,goddess of the soothing of pain,,female,,health,,,,,,,,,,ἠπιόνη
greek,hygieia,god,goddess of cleanliness and good health,,female,,health,,,,,,,,,,ὑγεία
greek,iaso,god,"goddess of cures, remedies, and modes of healing",,female,,health,,,,,,,,,,ἰασώ
greek,paean,god,physician of the gods,,male,,health,,,,,,,,,,παιάν
greek,panacea,god,goddess of healing,,female,,health,,,,,,,,,,πανάκεια
greek,telesphorus,god,"demi-god of convalescence, who brought to fulfillment recuperation from illness or injury",,male,,health,,,,,,,,,,τελεσφόρος
greek,empusa,god,goddess of shape-shifting,,female,,sleep,,,,,,,,,,ἔμπουσα
greek,epiales,god,goddess of nightmares,,female,,sleep,,,,,,,,,,ἐφιάλτης
greek,oneiroi,god,god of dreams,,male,,sleep,,,,,,,,,,ὀνείρων
greek,morpheus,god,god of dreaming,,male,,sleep,,,,,,,,,,μορφή
greek,acratopotes,god,god of unmixed wine,,male,,other,,,,,,,,,,ἀκρατοπότης
greek,agdistis,god,phrygian hermaphroditic deity,,other,,other,,,,,,,,,,ἄγδιστις
greek,aphroditus,god,cyprian hermaphroditic aphrodite,,other,,other,,,,,,,,,,ἀφρόδιτος
greek,astraea,god,virgin goddess of justice,,female,,other,,,,,,,,,,αστραία
greek,aglaea,god,"goddess of beauty, adornment, splendor and glory (charites; χάριτες)",,female,,other,,,,,,,,,,αγλαΐα
greek,euphrosyne,god,"goddess of good cheer, joy, mirth, and merriment (charites; χάριτες)",,female,,other,,,,,,,,,,εὐφροσύνη
greek,thalia,god,goddess of festive celebrations and rich and luxurious banquets (charites; χάριτες),,female,,other,,,,,,,,,,θάλεια
greek,hegemone,god,goddess of mastery (charites; χάριτες),,female,,other,,,,,,,,,,ηγεμόνη
greek,antheia,god,goddess of flowers and flowery wreaths (charites; χάριτες),,female,,other,,,,,,,,,,άνθεια
greek,pasithea,god,goddess of rest and relaxation (charites; χάριτες),,female,,other,,,,,,,,,,πασιθέα
greek,cleta,god,goddess of fame and glory (charites; χάριτες),,female,,other,,,,,,,,,,κλήτα
greek,phaenna,god,goddess of gratitude (charites; χάριτες),,female,,other,,,,,,,,,,φαέννα
greek,eudaimonia,god,goddess of happiness (charites; χάριτες),,female,,other,,,,,,,,,,ευδαιμονία
greek,euthymia,god,goddess of good mood (charites; χάριτες),,female,,other,,,,,,,,,,ευθυμία
greek,calleis,god,goddess of beauty (charites; χάριτες),,female,,other,,,,,,,,,,καλλείς
greek,paidia,god,goddess of amusement (charites; χάριτες),,female,,other,,,,,,,,,,παιδία
greek,pandaisia,god,goddess of banquets (charites; χάριτες),,female,,other,,,,,,,,,,πανδαισία
greek,pannychis,god,goddess of all-night festivities (charites; χάριτες),,female,,other,,,,,,,,,,παννυχίς
greek,ceraon,god,"demi-god of the meal, specifically the mixing of wine (charites; χάριτες)",,male,,other,,,,,,,,,,κεραων
greek,chrysus,god,spirit of gold,,other,,other,,,,,,,,,,χρύσος
greek,circe,god,goddess-witch of aeaea,,female,,other,,,,,,,,,,κίρκη
greek,syntribos,god,spirit which shatters pottery (daemones ceramici; δαίμονες κεραμικοί),,other,,other,,,,,,,,,,σύντριβος
greek,smaragos,god,spirit which smashes pottery (daemones ceramici; δαίμονες κεραμικοί),,other,,other,,,,,,,,,,σμάραγος
greek,asbetos,god,spirit which chars pottery (daemones ceramici; δαίμονες κεραμικοί),,other,,other,,,,,,,,,,ασβετος
greek,sabaktes,god,spirit which destroys pottery (daemones ceramici; δαίμονες κεραμικοί),,other,,other,,,,,,,,,,σαβάκτης
greek,omodamos,god,spirit which crudebakes pottery (daemones ceramici; δαίμονες κεραμικοί),,other,,other,,,,,,,,,,ωμόδαμος
greek,deipneus,god,"demi-god of the preparation of meals, specifically the making of bread",,male,,other,,,,,,,,,,δειπνεύς
greek,eileithyia,god,goddess of childbirth,,female,,other,,,,,,,,,,εἰλείθυια
greek,enyalius,god,minor god of war,,male,,other,,,,,,,,,,ενυάλιος
greek,enyo,god,goddess of destructive war,,female,,other,,,,,,,,,,ἐνυώ
greek,epidotes,god, divinity who was worshipped at lacedaemon,,other,,other,,,,,,,,,,ἐπιδώτης
greek,glycon,god, snake god,,male,,other,,,,,,,,,,γλύκων
greek,harpocrates,god,god of silence,,male,,other,,,,,,,,,,ἁρποκράτης
greek,hebe,god,goddess of youth and cup-bearer to the olympians,,female,,other,,,,,,,,,,ήβη
greek,hermaphroditus,god,god of hermaphrodites and effeminate men,,male,,other,,,,,,,,,,ἑρμάφρόδιτός
greek,eunomia,god,"spirit of good order, and springtime goddess of green pastures",,female,,hours,,,,,,,,,,ευνομία
greek,eirene,god,spirit of peace and goddess of the springtime,,female,,hours,,,,,,,,,,ειρήνη
greek,thallo,god,"goddess of spring buds and shoots, identified with eirene",,female,,hours,,,,,,,,,,θαλλώ
greek,auxo,god,goddess of spring growth,,female,,hours,,,,,,,,,,αυξώ
greek,karpo,god,goddess of the fruits of the earth,,female,,hours,,,,,,,,,,καρπώ
greek,pherousa,god,goddess of substance and farm estates,,female,,hours,,,,,,,,,,φέρουσα
greek,euporie,god,goddess of abundance,,female,,hours,,,,,,,,,,ευπορίη
greek,orthosie,god,goddess of prosperity,,female,,hours,,,,,,,,,,ορθοσίη
greek,auge,god,first light of the morning,,other,,hours,,,,,,,,,,αυγή
greek,anatolia,god,sunrise,,other,,hours,,,,,,,,,,ανατολία
greek,musica,god, morning hour of music and study,,other,,hours,,,,,,,,,,μουσική
greek,gymnastica,god,morning hour of gymnastics/exercise,,other,,hours,,,,,,,,,,γυμνασία
greek,nymphe,god," morning hour of ablutions (bathing, washing)",,other,,hours,,,,,,,,,,νυμφή
greek,mesembria,god,noon,,other,,hours,,,,,,,,,,μεσημβρία
greek,sponde,god,libations poured after lunch,,other,,hours,,,,,,,,,,σπονδή
greek,acte,god,second of the afternoon work hours,,other,,hours,,,,,,,,,,ακτή
greek,hesperis,god,evening,,other,,hours,,,,,,,,,,έσπερίς
greek,dysis,god,sunset,,other,,hours,,,,,,,,,,δύσις
greek,arktos,god,"night sky, constellation",,other,,hours,,,,,,,,,,άρκτος
greek,eiar,god,spring,,other,,hours,,,,,,,,,,είαρ
greek,theros,god,summer,,other,,hours,,,,,,,,,,θέρος
greek,pthinoporon,god,autumn,,other,,hours,,,,,,,,,,φθινόπωρον
greek,cheimon,god,winter,,other,,hours,,,,,,,,,,χειμών
greek,hymenaios,god,god of marriage and marriage feasts,,male,,hours,,,,,,,,,,ὑμέναιος
greek,ichnaea,god,goddess of tracking,,female,,other,,,,,,,,,,ιχναία
greek,iynx,god,goddess of the love charm,,female,,other,,,,,,,,,,ιύνξ
greek,matton,god,"demi-god of the meal, specifically the kneading of dough",,male,,other,,,,,,,,,,μάττων
greek,aoide,god,muse of song,,other,,muse,,,,,,,,,,ἀοιδή
greek,arche,god,muse of origins,,other,,muse,,,,,,,,,,αρχή
greek,melete,god,muse of meditation and practice,,other,,muse,,,,,,,,,,μελέτη
greek,mneme,god,muse of memory,,other,,muse,,,,,,,,,,μνήμη
greek,thelxinoe,god,muse charmer of minds,,other,,muse,,,,,,,,,,θελξινόη
greek,calliope,god,muse of epic poetry,,other,,muse,,,,,,,,,,καλλιόπη
greek,clio,god,muse of history,,other,,muse,,,,,,,,,,κλειώ
greek,euterpe,god,muse of musical poetry,,other,,muse,,,,,,,,,,ευτέρπη
greek,erato,god,muse of lyric poetry,,other,,muse,,,,,,,,,,ερατώ
greek,melpomene,god,muse of tragedy,,other,,muse,,,,,,,,,,μελπομένη
greek,polyhymnia ,god,muse of sacred poetry,,other,,muse,,,,,,,,,,πολυμνία
greek,terpsichore,god,muse of dance and choral poetry,,other,,muse,,,,,,,,,,τερψιχόρη
greek,urania,god,muse of astronomy,,other,,muse,,,,,,,,,,ουρανία
greek,cephisso,god,daughter of apollo,,other,,muse,,,,,,,,,,κεφισσώ
greek,apollonis,god,daughter of apollo,,other,,muse,,,,,,,,,,απολλωνίς
greek,borysthenis,god,daughter of apollo,,other,,muse,,,,,,,,,,βορυσθενίς
greek,hypate,god, upper chord of the lyre,,other,,muse,,,,,,,,,,υπάτη
greek,mese,god, middle chord of the lyre,,other,,muse,,,,,,,,,,μέση
greek,nete,god, lowest chord of the lyre,,other,,muse,,,,,,,,,,νήτη
greek,polymatheia,god,muse of knowledge,,other,,muse,,,,,,,,,,πολυμάθεια
greek,palaestra,god,goddess of wrestling,,female,,other,,,,,,,,,,παλαίστρα
greek,rhapso,god,minor goddess or nymph whose name apparently refers to sewing,,female,,nymph,,,,,,,,,,ραψώ
greek,alexiares,god,son of heracles presiding over the defence of fortified towns and citadels,,other,,other,,,,,,,,,,αλεξιαρης
greek,anicetus,god,son of heracles presiding over the defence of fortified towns and citadels,,other,,other,,,,,,,,,,ανικητος
greek,auxesia,god,local fertility goddess,,female,,other,,,,,,,,,,αυξησία
greek,damia,god,local fertility goddess,,female,,other,,,,,,,,,,δαμία
