Pantheon,Name,Title,Function,Territory,Sex,Character,Interests,Symbolism,Color,Values,Status,Mother,Father,Lover,Children
Caddo,Aba Bayu (Evening Star),God,Sky Goddess and Bringer of Night,Caddo Nation,Female,Sky Deity,"Evening Star, Night, Comfort",Celestial Symbols,Black,"Night, Comfort",,,,,
Choctaw,Ababinili,Spirit,Ghost,Choctaw Nation,Other,Spirit,Spirituality,Ghost,,Ghost,,,,,
Sami,Aba-jievju,Spirit,Water Spirit,Sami Lands,Other,Mysterious and Fluid,"Water, Lakes",Water Symbol,Blue,"Fluidity, Mystery",,,,,Spirits of water
Gnostic,Abatur,Spirit,Higher Spiritual Being,Gnostic,Male,Spiritual Being,"Guidance, Influence","Light, Spiritual Energy",White,"Spiritual Guidance, Wisdom",,,,,
Arab,Abraham,Human,"Patriarch, Prophet","Mesopotamia, Canaan",Male,"Wise, Faithful","Monotheism, Covenant",Covenant with God,,"Faith, Obedience",Married,Amathlai,Terach,Sarah,"Ishmael, Isaac"
Sumerian,Abzu,God,Primordial freshwater ocean deity,Mesopotamia,Other,Watery Abyss,"Freshwater, Primordial Chaos","Water, Sea Life",Blue,"Primordial Waters, Life, Chaos",,,,,Various Primordial Beings
Aymara,Achkokiri,God,Goddess of Water and Sea,Lake Titicaca,Female,Aquatic Goddess,"Water, Sea, Life","Waves, Water Elements",Blue,"Life, Water",,,,,
Sumerian,Adad,God,Storm God,Sumer,Male,God,"Storms, Rain",Lightning,,Storm God,,,,,
Inuit,Adlivun,God,Underworld Goddess,Arctic Regions,Female,Mysterious and Enigmatic,"Underworld, Spirits",Cave Entrance,"Black, Purple","Mystery, Spirit Communication",,,,,Spirits of the underworld
Berber,Admayo,God,God of trade and commerce,Markets,Male,Shrewd and Businesslike,"Trade, commerce",Scales,Green,"Prosperity, fair trade, wealth",,,,,Various trade and prosperity deities
Ligurian,Aeglé,God,Nymph of the Ligurian Sea,Ligurian Sea,Female,Graceful and Oceanic,Ligurian Sea,Sea waves,Blue,"Seas, oceans, grace",,Oceanus,Tethys,,
Scottish/Irish,Aengus,God,God of Love and Youth,Ireland,Male,Romantic and Youthful,"Love, Youth","Swans, Harp","White, Gold","Love, Youth",,The Dagda,Boann,,
Sicilian,Aetna,God,Goddess of Mount Etna,Sicily,Female,Fiery and Volcanic,"Mount Etna, volcanic activity","Volcano, fire",Red,"Transformation, power",,,,,
Tuareg,Agadez,Anthropomorphism,Sacred city and spiritual center,Desert,Other,Holy and Sacred,"Spiritual pilgrimage, trade",Mosque,Varied,"Spiritual center, pilgrimage",,,,,
Sao,Aganju,God,"God of volcanoes, fire, and transformation",Earth,Male,Fiery and Transformative,"Volcanoes, fire, transformation",Volcano,Red and Orange,"Transformation, creative destruction",,Orunmila,Olokun,,Various volcanic and transformative deities
Berber,Agharas,God,God of craftsmanship and artisans,Workshops,Male,Skilled and Creative,"Craftsmanship, artisans",Hammer,Brown,"Skill, creativity, craftsmanship",,,,,Various craft and artisan deities
Cherokee,Aguguq (Raven Mocker),Spirit,Malevolent Spirit and Stealer of Souls,Cherokee Nation,Male,Malevolent Spirit,"Death, Soul Stealing","Raven, Death Symbols",Black,"Caution, Fear of Death",,,,,
Inuit,Aguguqutsi,God,Sun God,Inuit Regions,Other,Deity,Sun,Sun,,Sun God,,,,,
Vodou,Agwe,God,God of the Sea and Navigation,"Haiti, New Orleans",Male,"Sea God, Protector of Sailors","Sea, Navigation, Wealth","Ship, Anchor, Blue Cloth","Blue, White","Sea, Navigation, Prosperity",Married,Bondye,Erzulie Freda,La Sirene,"Many, including Ghede"
Maya,Ah Puch,God,God of Death,Mesoamerica,Male,Death-bringer and Macabre,"Death, Underworld","Skull, Crossbones",Black,"Death, Underworld",,,,,
Sami,Ahkio,Spirit,Spirit of the Wilderness,Sami Lands,Other,Elusive and Wild,"Wilderness, Untamed","Trees, Animals","Green, Brown","Wilderness, Freedom",,,,,Spirits of the wilderness
Finnish,Ahti,God,God of Water,Finland,Male,God,"Water, Fishing","Fish, Waves",Blue,God of Water,,Ahtola,,,
Persian,Ahura Mazda,God,"Supreme God, Creator of the Universe",Persia,Male,Wise and Benevolent,"Creation, Wisdom, Truth",Winged Sun Disk,Gold,"Wisdom, Truth, Creation",,,,,Amesha Spentas
Zoroastrian,Ahura Mazda,God,Supreme god,-,Male,Deity,"Truth, order",-,-,"Truth, Order",-,-,-,-,Various deities
Scottish/Irish,Aillen,Anthropomorphism,Fire-breathing Fae who Attacks Tara,Tara (Ireland),Male,Destructive and Cunning,"Fire, Destruction","Fire, Flames","Red, Black","Fire, Destruction",,,,,
Scottish/Irish,Aine,God,"Goddess of Love, Summer, and Sovereignty",Ireland,Female,Radiant and Sovereign,"Love, Summer","Sun, Horse","Gold, Green","Love, Summer",,Egobail,,,
Sardinian,Aiora,God,Goddess of Winds,Sardinia,Female,Gentle and Unpredictable,"Winds, change",Wind,Blue,"Change, adaptability",,,,,
Scottish/Irish,Airmid,God,Goddess of Healing and Herbcraft,Ireland,Female,Healing and Herbalism,"Healing, Herbcraft","Herbs, Healing Tools",Green,"Healing, Herbcraft",,Dian Cecht,,,
Yoruba,Aja,Spirit,Orisha,Yoruba Region,Female,Orisha,"Forest, Animals",Antelope,Green,"Nature, Life",,,,,
Yoruba,Ajalamo,Spirit,Spirit,Yoruba Region,Other,Spirit,Thunderstorms,Thunderbolt,,Power,,,,,
Siberian,Ajysyt,God,Goddess of Birth and Rebirth,Siberia,Female,Compassionate and Renewing,"Birth, Renewal","Lotus, Crescent Moon",Silver,"Rebirth, Compassion",,,,,"Many, including Yar Umai"
Siberian,Ak Ana,God,"White Mother, Goddess of Fertility",Siberia,Female,Maternal and Protective,"Fertility, Motherhood",White Swan,White,"Fertility, Maternity",,Num-Torum,Num-Torum,,"Many, including Yar Umai"
Berber,Akal,God,Goddess of sustenance and nourishment,Agriculture,Female,Nurturing and Abundant,"Agriculture, nourishment",Sheaf of wheat,Green,"Abundance, sustenance, fertility",,,,,Various agricultural deities
Egyptian,Akhenaten,Human,Pharaoh,Egypt,Male,Historical,Monotheism,Sun Disk,Gold,Monotheism,Married,Tiye,Amenhotep III,Nefertiti,Akhenaten Jr.
Inuit,Akna,God,Goddess of Fertility and Motherhood,Arctic Regions,Female,Maternal and Protective,"Fertility, Motherhood",Child in Arms,"White, Blue","Motherhood, Nurturing",,,,,"Many, including child spirits"
Sara,Akuna,Spirit,"Hawk spirit, messenger of the spirits",Sara homeland,Female,Swift and Observant,"Communication, vision",Hawk,Brown,"Communication, foresight",,,,,
Inuit,Akycha,Spirit,Spirit of Thunder and Lightning,Arctic Regions,Male,Powerful and Electrifying,"Thunder, Lightning",Thunderbolt,"Blue, White","Power, Illumination",,,,,
Igbo,Ala,God,Goddess of the earth,Earth,Female,Nurturing and Protective,"Earth, fertility","Sheaf of wheat, plough","Green, brown","Fertility, abundance",,,,,
Arab,Allah,God,Supreme Deity,Cosmic,Other,Creator of the Universe,"Creation, Sustenance, Judgment, Mercy",Divine Light,Gold,"Compassion, Justice",,,,,
Arab,Al-Lat,God,Goddess of Fertility,Arabian Peninsula,Female,Motherly and Fertile,"Fertility, Motherhood, Protection",Sphere,Red,"Fertility, Nurturing",,,,,
Arab,Al-Qaum,God,God of Mountains and Hills,Arabian Peninsula,Male,Strong and Steadfast,"Mountains, Hills, Strength",Mountain Peaks,Brown,"Strength, Stability",,,,,
Arab,Al-Uzza,God,Goddess of Love and Beauty,Arabian Peninsula,Female,Protective and Beautiful,"Love, Beauty, Protection",Stylized Weapon,White,"Love, Beauty, Courage",,,,,
Igbo,Amadioha,God,God of thunder and lightning,Sky,Male,Thunderous and Fierce,"Thunder, lightning","Double-headed axe, thunderbolt","Red, white","Power, justice",,,,,
Berber,Amanikabar,God,God of time and destiny,Universe,Male,Wise and Farsighted,"Time, destiny",Hourglass,Silver,"Fate, destiny, cyclical time",,,,,Various cosmic beings
Inuit,Amarok,God,God of Wolves and the Hunt,Arctic Regions,Male,Cunning and Agile,"Wolves, Hunting",Wolf,"Grey, Brown","Hunting Skills, Cooperation",,,,,"Many, including wolf spirits"
Japanese,Amaterasu,God,"Sun Goddess, Ruler of the Heavens",Japan,Female,Radiant and Benevolent,"Sunlight, Leadership","Sun Disk, Mirror",Gold,"Light, Leadership",,Izanagi,Izanami,,"Many, including Hoderi"
Shinto,Amaterasu,God,"Sun goddess, associated with light and fertility",Japan,Female,Deity,"Sun, Light, Fertility","Sun Disk, Mirror",Red,"Light, Fertility",-,Izanagi,Izanagi,-,"Many, including Hoderi"
Shinto,Ame-no-Minakanushi,God,Primordial deity in Japanese mythology,Japan,Other,Cosmic Origin,"Origin, Unity, Divine Essence",,,"Cosmic Unity, Divine Essence, Creation",,,,,Various Deities
Tuareg,Amghar,Spirit,Spiritual leader and wise elder,Desert,Other,Wise and Guiding,Spiritual leadership,Turban,Blue and White,"Wisdom, guidance",,,,,
Arab,Amir,God,God of Leadership,Arabian Peninsula,Male,Wise and Authoritative,"Leadership, Wisdom",Crown,Gold,"Leadership, Wisdom",,,,,
Berber,Amun,God,Supreme god and creator of the universe,Universe,Male,Wise and Omnipotent,"Creation, order",Solar disk,Gold,"Creation, order, divine justice",,,,,Various cosmic beings
Tuareg,Amunet,God,Fertility Goddess,Desert,Female,Fertile and Nurturing,"Fertility, femininity",Female figurine,Green and Brown,"Fertility, femininity, nurturing",,,,,
Sumerian,An,God,"Sky Father, Supreme Deity",Sumer,Male,"Creator, Wise","Creation, Wisdom","Horned Crown, Heaven",Sky Blue,"Creation, Wisdom, Justice",,Antum,,,"Enlil, Enki, Inanna"
Armenian,Anahit,God,Goddess of Wisdom,Armenian Regions,Female,Goddess,"Wisdom, War","Dove, Sword",Red,"Wisdom, War",,,,,
Persian,Anahita,God,"Goddess of Water, Fertility, and Wisdom",Persia,Female,Nurturing and Wise,"Water, Fertility, Wisdom","Water, Dove",Silver,"Fertility, Wisdom, Love",,Daevas,Ahura Mazda,,
Zoroastrian,Anahita,God,Goddess of water,-,Female,Deity,"Water, fertility, healing",-,-,"Water, fertility, healing",-,-,-,-,Various deities
Caribbean,Anansi,Spirit,Trickster and Spider Spirit,Various Caribbean Isles,Male,"Trickster, Storyteller","Stories, Trickery, Wisdom","Spider, Web",Black,"Wisdom, Cunning",,,,,
Akan ,Anansi,God,"Trickster god, associated with wisdom and storytelling",West Africa,Male,Deity,"Wisdom, Storytelling",Spider,-,"Wisdom, Cleverness",-,-,-,-,Various deities
Phoenician,Anat,God,Goddess of war and hunting,Sky,Female,Warrior and Hunter,"War, hunting","Spear, bow","Red, brown","War, hunting",,,,,"Many, including Baal"
Canaanite,Anat,God,Goddess of war,-,Female,Deity,"War, hunting, fertility",Spear,-,"War, hunting, fertility",-,"El, Asherah",-,Baal,Various deities
Ugaritic,Anath,God,Goddess of War,Ugaritic Regions,Female,Goddess,"War, Love","Spear, Shield",Red,"War, Love",,,,,
Persian,Angra Mainyu,God,"God of Darkness, Evil, and Destruction",Persia,Male,Destructive and Chaotic,"Darkness, Destruction",Serpent,Black,"Chaos, Destruction",,,,,
Scottish/Irish,Angus Og,God,"God of Love and Youth, Son of the Dagda",Ireland,Male,Youthful and Romantic,"Love, Youth","Harp, Birds","White, Gold","Love, Youth",,The Dagda,Boann,,
Inuit,Anguta,God,God of Death,Inuit Regions,Male,God,"Death, Underworld",Bone,,"Death, Underworld",,,,,
Tupinambá,Anhã,God,Moon Goddess and Protector of the Hunt,Tupinambá Region,Female,Lunar Deity,"Moon, Night, Hunting","Crescent Moon, Hunting Symbols",Silver,"Hunting Skills, Night Protection",,,,,
Tupinambá,Anhangá,Spirit,Evil Spirit and Bringer of Nightmares,Tupinambá Region,Male,Malevolent Spirit,"Nightmares, Fear, Malevolence","Dark, Ominous Symbols","Black, Red","Fear, Caution",,,,,
Inuit,Aningan,God,Moon God,Inuit Regions,Male,God,Moon,Moon,White,Moon,,,,,
Breton,Ankou,Spirit,Death Spirit,Brittany,Male,Death Spirit,"Death, Guiding Souls","Scythe, Skeletal Icons",Black,Guiding Souls,,,,,
Sumerian,Anshar,God,Sky,Sumer,Male,God,Sky,,,Sky,,,,,
Assyrian,Antum,God,Goddess of Creation,Assyria,Female,Goddess of Creation,"Creation, Motherhood",Spindle,Earth Tone,"Creation, Motherhood",,Lahmu,Lahamu,,"Many, including Enlil"
Assyrian,Anu,God,God of the Sky,Assyria,Male,Sky God,"Sky, Heaven, Divine Authority",Celestial Bull,Sky Blue,Divine Authority,,Lahmu,Lahamu,,"Many, including Enlil"
Mesopotamian,Anu,God,God of the Sky,Mesopotamia,Male,Sky Father,"Sky, Kingship",Horned Crown,Sky Blue,"Kingship, Divine Order",,,,,"Enlil, Enki, Ninhursag, Ninurta, Nanna"
Sumerian,Anu,God,King of the gods,Sky,Male,Deity,Sky,-,-,Associated with the sky,-,Anshar,Kishar,-,Various deities
Egyptian,Anubis,God,God of mummification,Duat (Underworld),Male,Judge of the dead,"Magic and healing,","Spear, harp","Gold, black","Magic, healing",Married,Hathor,Ra,"The Dagda, Boann,","Many, including Bodb Derg, Aengus"
Polynesian,Ao,God,Personification of daylight,Sky,Other,Radiant and Illuminating,"Daylight, clarity",Sun disc,Yellow,"Enlightenment, clarity",,,,,Various daylight-related beings
Guaraní,Ao Ao,God,Serpent Deity of Waters and Aquatic Life,Guaraní Region,Other,Serpent Spirit,"Waters, Aquatic Life, Guardian",Serpent Symbols,Blue,"River Protection, Aquatic Harmony",,,,,
Inuit,Apanuugak,God,God of the Moon,Arctic Regions,Male,Mysterious and Illuminating,Moon,Crescent Moon,Silver,"Mystery, Illumination",,,,,"Many, including moon spirits"
Greek,Aphrodite,God,"Love, beauty",Mount Olympus,Female,"Alluring, romantic","Love, beauty",Scallop shell,Pink,"Love, beauty",Married,,,"Hephaestus, Ares","Eros, Phobos, Deimos, Harmonia"
Greek,Apollo,God,God of music and prophecy,Olympus,Male,Musical and prophetic,Music and prophecy,"Lyre, laurel wreath","Gold, silver, green","Art, music, prophecy",Married,Leto,Zeus,"Daphne, Kyrene","Orpheus, Aristaeus"
Roman,Apollo,God,God of the Sun and Arts,Rome,Male,Radiant and Artistic,"Sun, arts",Lyre,Gold,"Sun, arts",Married,Jupiter,Latona,Daphne,"Asclepius, Orpheus"
Shawnee,Apush,Spirit,Old Man,Shawnee Nation,Male,Spirit,Wisdom,Old Man,,Wisdom,,,,,
Germanic,Arafel,Spirit,Spirit of the Air,Germanic,Other,Spirit of the Air,"Air, Atmosphere",,,"Air, Atmosphere",,,,,
Hindu,Ardhanarishvara,God,"Composite deity, half male and half female",India,Other,Androgynous Deity,"Unity, Balance, Dual Nature","Half-Male, Half-Female",Varied,"Balance, Unity, Dual Nature",,Shiva,Shakti,,Various Deities
Persian,Ardvahista,God,Goddess of Justice and Righteousness,Persia,Female,Just and Righteous,"Justice, Righteousness",Scales,Blue,"Justice, Righteousness",,,,,
Zoroastrian,Aredvi Sura Anahita,God,Variation of Anahita,-,Female,Deity,"Fertility, water, wisdom",-,-,"Fertility, water, wisdom",-,-,-,-,Various deities
Greek,Ares,God,"War, violence",Mount Olympus,Male,"Aggressive, impulsive","War, violence",Spear,Red,"Courage, strength",Married,,Hera,Aphrodite,"Eros, Phobos, Deimos, Harmonia"
Inuit,Arnakuagsak,God,Goddess of the Sun and Daylight,Arctic Regions,Female,Bright and Radiant,"Sun, Daylight",Sun Disk,Yellow,"Light, Warmth",,,,,"Many, including daylight spirits"
Greek,Artemis,God,"Goddess of the hunt, Goddess of Wilderness, Hunting and Childbirth",Olympus,Female,"Independent and fierce,","Hunting and wilderness,","Bow, quiver, deer, moon","Silver, gold, white,","Independence, nature,",Married,Leto,Zeus,"Orion, Adonis","Many, including Eileithyia,"
Achuar,Arutam,Spirit,Protective Spirit and Ancestral Guide,Amazon Rainforest,Other,Protective Spirit,"Protection, Ancestral Guidance",Various Symbols,Various,"Protection, Ancestral Connection",,,,,
Sumerian,Asalluhi,God,Healing,Sumer,Male,God,Healing,,,Healing,,,,,
Akan,Asase Yaa,God,Goddess of the earth,Earth,Female,Nurturing and Abundant,"Earth, fertility","Sheaf of wheat, plough","Green, brown","Fertility, abundance",,,,,
Greek,Asclepius,God,God of Medicine and Healing,Epidaurus,Male,Compassionate and Skilled,"Healing, medicine",Rod of Asclepius,White,"Healing, medicine, wellness",Married,Apollo,Coronis,Epione,"Hygeia, Panacea"
Persian,Asha,God,Goddess of Truth and Righteousness,Persian,Female,Truth Goddess,"Truth, Righteousness",,White,"Truth, Righteousness",,Anahita,Ahura Mazda,,
Zoroastrian,Asha Vahishta,Anthropomorphism,Personification of Truth and Order,-,-,Deity,"Truth, Order",-,-,"Truth, Order",-,-,-,-,Various deities
Canaanite,Asherah,God,Mother goddess,-,Female,Deity,"Fertility, life",Tree of life,-,Fertility and life,-,-,-,-,Various deities
Berber,Ashiye,God,Goddess of poetry and eloquence,Poetry,Female,Poetic and Articulate,"Poetry, eloquence",Quill,Purple,"Artistic expression, inspiration",,,,,Various poetic and artistic deities
Assyrian,Ashur,God,"Chief God, National Deity",Assyria,Male,Supreme Ruler,"Empire, Warfare, Protection",Winged Sun Disk,"Blue, Gold","Empire, Protection",,Lahmu,Lahamu,,Various deities
Assyrian,Ashur-nasir-pal II,Human,King of Assyria,Assyria,Male,Warrior King,"Expansion, Military Conquests","Winged Disc, Royal Insignia","Blue, Gold","Military Success, Leadership",,Sammuramat,Tukulti-Ninurta I,,Shalmaneser III
Phoenician,Astarte,God,Goddess of Love and War,Sky,Female,Passionate and Warlike,"Love, war","Star, dove","Red, white","Passion, war",,"El, Asherah",,,"Many, including Eshmun"
Canaanite,Astarte,God,Goddess of love,-,Female,Deity,"Love, sexuality, war",Star,-,"Love, sexuality, war",-,"El, Asherah",-,-,Various deities
Armenian,Astghik,God,Goddess of Love,Armenian Regions,Female,Goddess,"Love, Beauty","Star, Flower",,"Love, Beauty",,,,,
Spanish,Ataecina,God,Goddess of the Underworld,Hispania,Female,Mysterious and Deathly,"Underworld, Death","Torch, Black Dog","Black, Grey","Underworld, Death",,,,,
Persian,Atar,God,God of Fire,Persian,Male,Fire God,"Fire, Purification","Fire, Altar",Red,"Purification, Sacred Fire",,Anahita,Ahura Mazda,,
Zoroastrian,Atar (Atarash),God,God of fire,-,Male,Deity,"Fire, purification, sacred rituals",Fire,-,"Fire, purification, sacred rituals",-,-,-,-,Various deities
Arab,Atarsamain,God,God of the Morning Star,Pre-Islamic Arabia,Male,Morning Star and Guide,"Morning Star, Guidance",Morning Star Symbol,Yellow,"Guidance, Illumination",,,,,
Egyptian,Aten,God,Solar Disk Deity,Egypt,Other,Deity,Sun,Solar Disk,Gold,"Light, Life",,Nut,Geb,,"Shu, Tefnut"
Greek,Athena,God,Goddess of wisdom,Mount Olympus,Female,Wise and strategic,Wisdom and warfare,"Owl, olive tree","Olive green, gray","Wisdom, strategy",,Metis,Zeus,,
Canaanite,Athirat (Ashratum),God,Mother goddess,-,Female,Deity,Consort of El,-,-,Consort of El,-,-,El,-,Various deities
Roman,Aurora,God,Goddess of Dawn,Italy,Female,Radiant and Renewing,"Dawn, renewal",Sunrise,Pink and Gold,"Renewal, new beginnings",,,,,
Buddhist,Avalokiteshvara,God,Bodhisattva of compassion and mercy,,Male,Compassionate and Merciful,"Compassion, mercy","Lotus flower, jewel",White,"Compassion, mercy",,,,,
Arab,Awal,God,God of Time,South Arabia,Male,Timekeeper and Wise,"Time, Wisdom",Hourglass,Blue,"Time, Wisdom",,,,,
Turkish,Ay Ata,God,Moon God,Turkish regions,Male,Mysterious and Tranquil,"Moon, Night","Moon, Night",Silver,Mystery,Married,,,Gök Tanrı,Gün Ana
Vodou,Ayida Wedo,God,Rainbow Serpent Loa,"Haiti, New Orleans",Female,Rainbow Serpent,"Rainbows, Fertility","Rainbow, White Cloth",White,"Fertility, Blessings",Married,Bondye,Damballah Wedo,Damballah Wedo,
Algonquin,Azeban,Spirit,Trickster,Algonquin Regions,Male,Spirit,Trickery,Raccoon,,Trickery,,,,,
Arab,Aziz,God,God of Strength and Honor,South Arabia,Male,Mighty and Honorable,"Strength, Honor",Sword,Red,"Strength, Honor",,,,,
Jewish,Azrael,Spirit,Angel of Death,Heaven,Male,Guide of Souls,"Death, Comfort, Transition",Black Robes,Black,"Comfort, Transition",,,,,
Vietnamese,Bà Chúa Xứ,God,Local Tutelary Deity,Specific Locations,Female,Protective and Local,"Local Area, Protection","Altar, Offerings",Varies,Local Protection,,,,,
Phoenician,Baal,God,God of Storms and Fertility,Sky,Male,Stormy and Fertile,"Storms, fertility","Thunderbolt, bull","Blue, brown","Power, fertility",,,,,"Many, including Anat"
Canaanite,Baal,God,Storm god,-,Male,Deity,"Storm, rain, fertility",Thunderbolt,-,Rain and fertility,-,"El, Asherah",-,Anat,Various deities
Spanish,Baal Hammon,God,God of Fertility and Weather,Carthage,Male,Fertile and Stormy,"Fertility, Weather","Bull, Thunderbolt","Red, Gold","Fertility, Weather",,Elissa (Dido),El (Cronus),,
Canaanite,Ba'alat Gebal,God,Goddess of Byblos,Byblos,Female,Deity,Protection,-,-,Protection,-,-,-,-,-
Yoruba,Babalu,God,God of Healing,Yoruba lands,Male,"Healer, Merciful","Healing, Mercy",Medicinal Herbs,Yellow,"Healing, Mercy",,Yemoja,Olorun,,
Yoruba,Babalu Aye,God,God of Health,Yoruba Region,Male,God,"Health, Disease",Crutches,Yellow,Health,,Yemoja,Orunmila,,
Egyptian,Babi,God,"Baboon deity, associated with virility",Egypt,Male,Baboon Deity,"Virility, Fertility, Strength",Baboon,Brown,"Virility, Fertility, Strength",,,,,Various Offspring
Roman,Bacchus,God,God of Wine and Revelry,Rome,Male,Joyful and Festive,"Wine, revelry",Grape Cluster,Purple,"Wine, celebration",Married,Jupiter,Semele,Ariadne,
Muisca,Bachué,God,Earth Goddess and Mother of Humanity,Altiplano Cundiboyacense,Female,Maternal Earth Deity,"Fertility, Humanity","Fertile Earth, Cornucopia","Green, Brown","Fertility, Maternity",,,Bochica,,Humans
Korean,Baekho,Anthropomorphism,"White Tiger, Guardian of the West",West,Male,Powerful and Courageous,"Protection, Courage",Tiger Stripes,White,"Protection, Courage",,,,,
Chinese,Bai Ze,Anthropomorphism,"Mythical Creature, Guide to Strange Beings",Earth,Other,Knowledgeable and Informative,"Strange Beings, Mythology",Lion-Like Creature,Yellow,"Knowledge, Mythology",,,,,
Aboriginal,Baiame,God,"Sky Father, Creator of humanity","Sky, Earth",Male,Wise and Creator,"Creation, guidance","Sun, sky",Blue,"Creation, guidance, wisdom",Married,,,Birrahlee,"Daramulum, Daramulum's wife"
Aboriginal,Baiame's daughters,Spirit,"Various daughters of Baiame, associated with celestial bodies",Sky,Other,Varied,Varied,Celestial bodies,Various,Varied,,,Baiame,,Various celestial beings
Aboriginal,Baiame's sons,Spirit,"Various sons of Baiame, associated with stars",Sky,Other,Varied,Varied,Stars,Various,Varied,,,Baiame,,Various celestial beings
Aboriginal,Baiame's wives,Spirit,"Various wives of Baiame, associated with celestial bodies",Sky,Other,Varied,Varied,Celestial bodies,Various,Varied,,,Baiame,,Various celestial beings
Aboriginal,Baiya,Anthropomorphism,Moon and protector of women,Sky,Female,Protective and Nurturing,Women's well-being,Moon,White,"Protection, fertility",,,,,"Various, including human women"
Norse,Baldr,God,God of Light and Purity,Asgard,Male,Pure and Radiant,"Light, Purity","Sun, White Flowers","White, Gold","Light, Purity",Married,Frigg,Odin,Nanna,Forseti
Scottish/Irish,Balor,God,Fomorian King with a Destructive Eye,Ireland,Male,Monstrous and Destructive,"Destruction, Evil Eye","Evil Eye, Club",Not specified,"Destruction, Evil Eye",Married,,,Cethlenn,"Ethlinn, Bres, Cian"
Spanish,Bandua,God,God of War and Trade,Gallaecia,Male,Warlike and Commercial,"War, Trade","Spear, Merchandise","Red, Gold","War, Trade",,,,,
Egyptian,Banebdjedet,God,"Ram god, associated with fertility",Egypt,Male,Ram Deity,"Fertility, Potency, Virility","Ram, Fertility Tools",Varied,"Fertility, Virility, Potency",,Hathor,,,Harpocrates (Son)
Caribbean,Baron Samedi,God,Loa of the Dead,Haiti,Male,Lord of the Dead,"Death, Ancestors, Spirits","Top Hat, Crossed Bones",Black,"Death, Ancestral Connection",Married,Maman Brigitte,Baron (possible),Maman Brigitte,Ghede (possible)
Indonesian,Barong,Spirit,"Protector Spirit, Symbol of Goodness",Bali,Male,Benevolent and Powerful,"Goodness, Protection","Lion Head, Sacred Mask",White,"Goodness, Protection",,,,,
Egyptian,Bastet,God,Goddess of Home and Protection,Egypt,Female,Protective and Graceful,"Home, protection",Lioness,Green,"Home, protection, joy",,Isis,Ra,,
Indonesian,Batara Guru,God,"Supreme God, Ruler of the Universe","Sky, Universe",Male,Wise and Supreme,"Creation, Rulership","Crown, Universe",Multicolored,"Wisdom, Order",,,,,
Sami,Beaivi,God,Sun Goddess,Sami Lands,Female,Bright and Warm,"Sun, Light",Sun Disk,"Yellow, Red","Light, Warmth",,,,,"Many, including daylight spirits"
Albanian,Begu,Spirit,Spirit,Albanian Regions,Other,Spirit,"Ancestry, Guardian",Ancestor Symbols,,"Ancestry, Guardian",,,,,
Sumerian,Bel,God,Lord,Sumer,Male,God,Lord,,,Lord,,,,,
Spanish,Belenus,God,Sun God,Celtiberia,Male,Radiant and Life-giving,"Sun, Life","Sun, Wheel","Gold, Yellow","Sun, Life",,,,,
Sumerian,Belet-ili,God,Fertility,Sumer,Female,Goddess,Fertility,,,Fertility,,,,,
Slavic,Belobog,God,God of Light,Slavic Regions,Male,God,"Light, Goodness","Sun, Light",White,Goodness,,,,,
Shinto,Benzaiten,God,"Goddess of wisdom, art, and literature",,Female,Wise and Artistic,"Wisdom, art, literature","Biwa (lute), serpent","White, red","Wisdom, artistic expression",,,,,"Many, including Ugajin"
Indonesian,Bhatara Kala,God,God of Time and Transformation,Cosmic Realm,Male,Transformative and Eternal,"Time, Change","Clock, Time Symbols",Black,"Transformation, Eternal",,,,,
Akan,Bia,God,God of war and aggression,,Male,Aggressive and Fearless,"War, aggression","Sword, shield","Red, black","Strength, courage",,,,,
Sami,Bieggolmai,God,God of the Hunt,Sami Lands,Male,Skilled and Resourceful,Hunting,"Reindeer, Bow and Arrow","Brown, Green","Hunting Skills, Nature",,,,,"Many, including animal spirits"
Mongolian,Black Old Man,God,God of Earth and Agriculture,Earth,Male,Nurturing and Fertile,"Earth, Agriculture","Black Soil, Plough",Black,"Fertility, Agriculture",,Gazar Eej,,,
Muisca,Bochica,God,Creator God and Giver of Wisdom,Altiplano Cundiboyacense,Male,Wise Creator,"Wisdom, Agriculture, Justice","Beard, Staff, Wise Appearance","White, Gold","Wisdom, Justice",,,,,
Muisca,Bochica's Companions,God,Deities,Muisca Confederation,Male,Deities,"Nature, Guardianship",Nature Symbols,,"Nature, Guardianship",,,,,
Kayapo,Bodo,God,Sky God,Kayapo Territories,Male,God,"Sky, Weather","Sky, Clouds",Blue,"Sky, Weather",,,,,
Amazonian Tribes,Boiúna,God,Serpent Deity of Rivers and Waters,Amazon Rainforest,Other,Serpent Spirit,"Rivers, Waters, Guardian","Serpent, Water Symbols",Green,"River Protection, Natural Balance",,,,,
Albanian,Bolla,God,Serpent or Dragon-like,Albania,Female,Protective and Vengeful,"Water, Rain, Agriculture","Serpent, Water",Blue,"Fertility, Protection",,,,,
Bontok,Bolongon,Spirit,Guardian Spirit,Bontok Region,Other,Spirit,"Nature, Guardian",Guardian Symbols,,"Nature, Guardian",,,,,
Vodou,Bondye,God,"Supreme Deity, Creator of the Universe","Haiti, New Orleans",Male,"Supreme Creator, Distant","Creation, Divine Providence",,White,Divine Providence,,,,,Loa (Vodou Spirits)
Ligurian,Bormanus,God,God of Hot Springs,Liguria,Male,Healing and Soothing,Hot springs,Hot spring,Blue,"Healing, purification",,,,,
Ligurian,Bormus,God,God of the North Wind,Liguria,Male,Brisk and Refreshing,North wind,Wind symbol,White,"Refreshing breeze, air movement",,,,,
Turkish,Bozkırın Yeli,God,Wind of the Steppe,Turkish regions,Female,Gentle and Free-spirited,"Wind, Breeze","Wind, Breeze",Green,"Freedom, Nature",,,,,
Norse,Bragi,God,God of Poetry and Music,Asgard,Male,Artistic and Wise,"Poetry, Music",Harp,Yellow,"Art, Wisdom",,Gunnlod,,,
Hindu,Brahma,God,Creator god,Cosmic realm,Male,Creative and nurturing,"Creation and inspiration,","Ankh, djed pillar,","Gold, black","Creativity, nurturing",Married,Saraswati,Brahma,"Saraswati, Lakshmi","Many, including Manu, Daksha"
Celtic,Brigid,God,Goddess of poetry healing and smithcraft,"Magical realm, Europe",Female,Poetic and nurturing,Nature and fertility,"Antlers, torc, Flame, Anvil","Gold, green","Nature, fertility, Poetry, Healing, Creativity",Married,Boann,Dagda,Danu,"Many, including the Tuatha Dé Danann"
Scottish/Irish,Brigit,God,"Goddess of Poetry, Healing, and Smithcraft",Ireland,Female,Creative and Nurturing,"Poetry, Healing, Smithcraft","Flame, Anvil","Green, Red","Poetry, Healing, Smithcraft",,Danu,The Dagda,,"Ruadan, Bres, Ogma"
Buddhist,Buddha,God,Enlightened Teacher,Earth,Male,Wise Teacher,"Enlightenment, Compassion","Bodhi Tree, Dharma Wheel",Gold,"Wisdom, Compassion",,Queen Maya,King Suddhodana,,Rahula
Aboriginal,Bunjil,Anthropomorphism,"Eaglehawk creator being, associated with sky",Sky,Male,Wise and Protective,"Sky, protection","Eaglehawk, sky",Various,"Wisdom, protection",,,,,Various sky-related beings
Mongolian,Burkhan Garal,God,God of Mountains and the Hunt,Mountains,Male,Strong and Hunter,"Mountains, Hunting","Mountain Peaks, Bow",Brown,"Strength, Hunting",,Earth,Sky,,
Scottish/Irish,Cailleach,God,Goddess of Winter and Sovereignty,Ireland,Female,Winter and Sovereignty,"Winter, Land","Staff, Winter Gear","Blue, Grey","Winter, Sovereignty",,,,,
Vietnamese,Cao Lỗ,God,God of the Hearth and Domestic Fire,Hearth,Male,Nurturing and Protective,"Hearth, Domestic Fire",Ancestral Symbols,Red,"Home, Protection",,,,,
Ligurian,Cebenna,God,Goddess of Mountains,Liguria,Female,Mighty and Protective,Mountains,Mountain peaks,Brown,"Mountains, protection",,,,,
Toltec,Centeotl,God,God of Maize,Mesoamerica,Male,Maize God,"Maize, Agriculture",Maize Symbols,Yellow,"Maize, Agriculture",,,,,
Roman,Ceres,God,Goddess of Agriculture,Rome,Female,Nurturing and Abundant,"Agriculture, harvest",Sheaf of Wheat,Green,"Agriculture, harvest",,Saturn,Ops,,Proserpina
Celtic,Cernunnos,God,Horned god,Magical realm,Male,Wild and free,Wilderness and animals,"Bull horn, star","Gold, brown","Wilderness, animals",Married,"Danu,",Cernunnos,Anu,"Enlil, Ninurta"
Maya,Chaac,God,God of Rain,Mesoamerica,Male,Rain-bringer and Fierce,"Rain, Agriculture","Serpent, Water Lily",Blue,"Rain, Agriculture",,,,,
Toltec,Chalchiuhtlicue,God,Goddess of Water,Mesoamerica,Female,Goddess of Streams,"Water, Streams, Aquatic Life","Jade Skirt, Water Symbols",Blue,"Water, Streams",,Coatlicue,Mixcoatl,,"Tlaloc, Huitzilopochtli"
Aztec,Chalchiuhtlicue,God,Goddess of Water and Rivers,Aztec,Female,Water Goddess,"Water, Fertility","Jade, Fish",Blue,"Water, Fertility",,Coatlicue,Mixcoatl,,"Tlaloc, Huitzilopochtli"
Chinese,Chang'e,God,Moon Goddess,Moon,Female,Graceful and Lonely,"Moon, Elegance","Moon, Rabbit",Silver,"Grace, Loneliness",,,,,
Navajo,Changing Woman,God,Goddess of Fertility and Life,Navajo Nation,Female,Fertility Goddess,"Fertility, Life, Changing Seasons","Corn, Matrilineal Symbols","Yellow, Green","Fertility, Life",,,,,Twins (Monster Slayer and Born-for-Water)
Yoruba,Chango,God,"God of Thunder, Dance, and Fire",Yoruba lands,Male,"Dynamic, Energetic","Thunder, Dance","Double-headed Axe, Fire","Red, White","Energy, Passion",Married,Yemoja,Olorun,Oshun,"Oya, Ogun"
Greek,Chaos,God,Primordial deity representing the void,Greece,Other,Formless Essence,"Void, Formlessness, Primordial Chaos",Formless Abyss,Black,"Formlessness, Origin, Unbounded Potential",,,,,Various Primordial Beings
Greek,Charon,God,Ferryman of the Underworld,Greek Underworld,Male,Deity,"Transporter of Souls, Psychopomp","Boat, Oar",,Transporter of Souls,,,,,
Korean,Cheonjiwang,God,King of the Heavens,Sky,Male,Majestic and Wise,"Rulership, Order",Heavenly Throne,Blue,"Rulership, Order",,,,,
Slavic,Chernobog,God,God of Darkness,Slavic Regions,Male,God,"Darkness, Evil",Black,Black,Darkness,,,,,
Chinese,Chi You,God,God of War and Victory,Earth,Male,Courageous and Skilled in Battle,"War, Victory","Halberd, Metal Armor",Red,"Courage, Victory",,,,,
Muisca,Chibchacum,God,Creator God,Muisca Confederation,Male,God,"Creation, Agriculture","Mountains, Fields",,"Creation, Agriculture",,,,,
Ainu,Chikap Kamuy,God,Land God,Ainu Regions,Male,God,"Land, Nature","Land, Trees",,"Land, Nature",,,,,
Muisca,Chiminigagua,God,Creator of the Universe,Altiplano Cundiboyacense,Male,Cosmic Creator,"Universe, Stars, Creation",Celestial Symbols,Cosmic,"Cosmic Harmony, Creation",,,,,
Korean,Chungryeol,Anthropomorphism,"Azure Dragon, Guardian of the East",East,Male,Majestic and Benevolent,"Protection, Fortune",Dragon Scales,Blue,"Protection, Fortune",,,,,
Ainu,Cikap-kamuy,God,God of owls and the land,Ainu,Male,Deity,"Oversee the behavior of humans and kamuy, deity of material success","Great owl, Dipper Bird","Gold, silver",God of owls and the land,,,,,
Scottish/Irish,Cliodhna,God,Queen of the Banshees and Goddess of Love,Ireland,Female,Mysterious and Loving,"Love, Death","Banshee, Waves","Red, White","Love, Death",,The Dagda,,,
Aztec,Coatlicue,God,Mother of Gods,Mesoamerica,Female,Mother of Gods,"Creation, Destruction, Fertility","Serpent Skirt, Skulls",Brown,"Creation, Destruction, Fertility",Married,,Mixcoatl (Father),Mixcoatl,Huitzilopochtli
Zapotec,Cocijo,God,God of Rain,Mesoamerica,Male,Rain-bringer and Lightning,"Rain, Agriculture, Lightning",Lightning Bolt,Blue,"Rain, Lightning",,,,,
Native American,Coyote,Spirit,"Trickster figure, shape-shifter",Various,Other,"Trickster, Shapeshifter","Trickery, Adaptability",Shapeshifting abilities,Varied,"Trickery, Adaptability, Change",,Sky Spirit,Earth Spirit,,Various Creatures
Scottish/Irish,Cu Chulainn,Human,Heroic Warrior and Hound of Ulster,Ireland,Male,Fierce and Loyal,"Heroism, Loyalty","Spear, Hound","Red, Gold","Heroism, Loyalty",Married,Deichtine,Lugh,Emer,
Etruscan,Culsu,God,"Goddess of the Underworld, Chthonic Deity",Etruria,Female,Enigmatic and Powerful,"Underworld, death",Scepter,Black,"Underworld, mystery, power",,,,,
Berber,Dadas,God,Goddess of dance and celebration,Festivals,Female,Joyful and Energetic,"Dance, celebration",Tambourine,Multi-color,"Joy, celebration, communal spirit",,,,,Various festive and dance deities
Berber,Dadda,God,God of mountains and rugged terrain,Mountains,Male,Stoic and Majestic,"Mountains, rugged terrain",Mountain peak,Brown,"Strength, endurance, stability",,,,,Various mountain and terrain deities
Zoroastrian,Daena (Dīn),Spirit,Divine vision or conscience,-,Female,Deity,"Divine vision, afterlife judgment",-,-,Afterlife judgment,-,-,-,-,Various deities
Scottish/Irish,Dagda,God,"All-Father, God of Life and Death",Tara (Ireland),Male,Fatherly and Wise,"Life, Death","Cauldron, Club","Green, Brown","Life, Death",Married,Danu,Elatha,Boann,"Aengus, Brigit, and others"
Phoenician,Dagon,God,God of fertility and agriculture,Earth,Male,Fertile and Abundant,"Fertility, agriculture","Grain, plough","Green, brown","Fertility, abundance",,,,,"Many, including Baal"
Canaanite,Dagon,God,God of agriculture,-,Male,Deity,"Agriculture, grain, fertility",Fish,-,"Agriculture, fertility",-,-,-,-,Various deities
Shinto,Daikokuten,God,"God of Agriculture, Commerce, and Prosperity",Japan,Male,Wealthy and Generous,"Agriculture, Prosperity","Hammer, Bag of Rice","Red, Black","Prosperity, Generosity",,,,,"Many, including Daikokuten"
Fijian,Dakuwaqa,God,Shark god,Oceans,Male,Powerful and Fearsome,"Sharks, ocean, protection","Shark, fish motifs",Blue,"Protection, fearlessness",,,,,"Many, including sea creatures"
Vodou,Damballah Wedo,God,"Serpent Loa, Guardian of Waters","Haiti, New Orleans",Male,Serpent Deity,"Water, Rain, Fertility","Serpent, White Cloth","White, Blue","Fertility, Rain, Transformation",Married,Bondye,Ayida Wedo,Ayida Wedo,
Sumerian,Damkina,God,Mother,Sumer,Female,Goddess,Mother,,,Mother,,,,,
Korean,Dangun,Human,"Legendary Founder of Gojoseon, Korea's First Kingdom",Korea,Male,Founder and Wise,"Foundation, Leadership","Tiger, Bear","Red, White","Leadership, Foundation",,Hwanin (Sky God),Hwanung (Sky God),,
Celtic,Danu,God,Mother goddess,Magical realm,Female,"Motherly,",Poetry and arts,Brigids cross,"Green, brown","Poetry, arts",Married,Danu,Dagda,"The Dagda, Boann","Many, including Cernunnos, Brigid,"
Aboriginal,Daramulum,Spirit,"Morning Star, son of Baiame","Sky, Earth",Male,Youthful and Radiant,"Light, vitality",Morning star,Yellow,"Vitality, hope",,,Baiame,,
Aboriginal,Daramulum's wife,Spirit,"Companion of Daramulum, associated with Pleiades",Sky,Female,Companion and Protective,Celestial connection,Stars,Various,"Celestial connection, protection",Married,,,Daramulum,
Slavic,Dazhbog,God,God of Sun and Light,Sky,Male,Radiant and Warm,"Sun, light","Sun disk, radiant symbols","Gold, yellow","Radiance, warmth",,Slavic,Slavic,,"Many, including Myesyats"
Fijian,Degei,God,Supreme Creator and Sky God,"Sky, Vunidilo",Male,Wise and Powerful,"Creation, sky, serpents","Serpents, sky motifs",Blue,"Creation, wisdom",,,,,"Many, including spirits of creation"
Greek,Demeter,God,Goddess of Agriculture and Harvest,Mount Olympus,Female,Nurturing and Fertile,"Agriculture, harvest",Sheaf of wheat,Green,"Agriculture, fertility, harvest",,Cronus,Rhea,,Persephone
Turkish,Deniz Ana,God,Sea Goddess,Turkish regions,Female,Fluid and Ever-changing,"Sea, Water","Sea, Water",Blue,Fluidity,,,,,
Canaanite,Derceto (Atargatis),God,Goddess of fertility,-,Female,Deity,"Fertility, water, marine life",Fish,-,"Fertility, water, marine life",-,-,-,-,-
Indonesian,Dewi Sri,God,Rice and Fertility Goddess,"Earth, Agriculture",Female,Nurturing and Abundant,"Rice, Fertility","Rice, Grain",Green,"Fertility, Abundance",,,,,
Yazidi,Dezalik,Spirit,Yazidi Cosmic Principle,Yazidi,Other,Cosmic Principle,"Cosmic Harmony, Existence",Cosmic Symbols,,"Cosmic Harmony, Existence",,,,,
Balkan,Dhampir,Anthropomorphism,Hybrid,Balkan Regions,Other,Folklore,"Survival, Mystery",Vampire Slayer,Varies,"Survival, Mystery",,,,,
Arab,Dhat-Badan,God,Goddess of the Luminous Body,Pre-Islamic Arabia,Female,Radiant and Illuminating,"Light, Radiance, Illumination",Luminous Disk,White,"Enlightenment, Guidance",,,,,
Balkan,Dhia,God,Water Nymph,Balkan Regions,Female,Nymph,"Water, Nature",Water Elements,Blue,"Water, Nature",,,,,
Chinese,Di Jun,God,God of Earth and Agriculture,Earth,Male,Fertile and Benevolent,"Agriculture, Fertility","Plough, Ox",Brown,"Fertility, Agriculture",,,,,
Roman,Diana,God,Goddess of the Hunt and Moon,Rome,Female,Independent and Huntress,"Hunting, moon",Bow and Arrow,Silver,"Hunting, independence",Married,Jupiter,Latona,Endymion,
Maradona,Diego Maradona,Human,Football Legend,Argentina,Male,"Skillful, Charismatic","Football, Victory","Football, Number 10",Blue,"Excellence, Victory",Married,Dalma,Diego,Claudia,"Dalma, Gianinna"
Baltic,Dievas,God,Supreme god in Baltic mythology,Cosmic,Male,Wise and All-powerful,"Creation, cosmic order","Solar wheel, oak tree","Gold, white","Wisdom, creation",,,,,"Many, including nature spirits"
Greek,Dionysus,God,"God of Wine, Pleasure, and Theater",Mount Olympus,Male,Joyful and Liberating,"Wine, pleasure, theater","Grapevine, thyrsus",Purple,"Celebration, ecstasy, artistic expression",Married,Zeus,Semele,Ariadne,
Navajo,Diyin Diné,Spirit,Holy People and Spiritual Forces,Navajo Nation,Other,Divine Beings,"Nature, Harmony with the Sacred","Nature Symbols, Sacred Icons",Various,"Harmony with the Sacred, Nature",,,,,
Navajo,Diyin Dine'é,Human,Holy People,Navajo Nation,Male,"immune to danger, destruction, and death","Spirituality, people with supernatural powers","Sacred Mountains, Corn",,Holy People,,,,,
Gnostic,Dmuth,God,Gnostic Deity,Gnostic,Female,Gnostic Deity,Spiritual Influence,,,Spiritual Influence,,,,,
Korean,Dokkaebi,Anthropomorphism,"Goblin, Supernatural Being","Earth, Forest",Other,Mischievous and Supernatural,"Pranks, Supernatural Powers","Horns, Club",Green,"Mischievousness, Supernatural Power",,,,,
Slavic,Domovoi,Spirit,Household spirit and protector,Hearth,Male,Protective and Mischief,"Home, family, mischief","Small, bearded figure",Brown,"Home, family, mischief",,,,,
Chinese,Donghua Dijun,God,"Emperor of the East, Keeper of the Register of Life",Heaven,Male,Wise and Keeper of Life Records,"Life, Judgment","Register, Dragon",Blue,"Wisdom, Record-Keeping",,,,,
Caribbean,Douen,Spirit,Child Spirits in the Forest,Trinidad and Tobago,Other,Child Spirits,"Forests, Children, Mischief",Childlike Figures,White,"Childlike Innocence, Mischief",,,,,
Albanian,Drangue,God,Dragon-like beings,Albania,Male,Powerful and Mysterious,"Sky, Fire, Protection",Dragon Scales,Red,"Power, Guardianship",,,,,
Karajá,Dugó,God,God of the Waters and Aquatic Life,Karajá Region,Male,Aquatic Deity,"Rivers, Waters, Aquatic Life",Water Symbols,Blue,"Aquatic Life, River Protection",,,,,
Sumerian,Dumuzid,God,God of Shepherds and Vegetation,Sumer,Male,"Shepherd, Fertile","Shepherding, Fertility","Ram, Vegetation",Green,"Fertility, Abundance",Married,Ninhursag,Enki,Inanna,
Sumerian,Dumuzid (Tammuz),God,"God of shepherds, fertility",-,Male,Deity,"Shepherds, fertility",-,-,Fertility,-,Ningishzida,Enki,Inanna,Various deities
Hindu,Durga,God,Warrior Goddess,Various,Female,Fierce Protector,"Strength, Courage, Victory","Lion, Spear, Trishula",Red,"Strength, Courage, Protection",Married,Aditi,,Shiva,"Skanda, Ganesha"
Caribbean,Duvali,Spirit,Spirit of Carnival and Celebration,Trinidad and Tobago,Other,Carnival Spirit,"Festivity, Celebration, Joy","Carnival Masks, Instruments",Various,"Celebration, Joy, Cultural Expression",,,,,
Assyrian,Ea,God,God of Wisdom and Fresh Water,Assyria,Male,God of Wisdom,"Wisdom, Fresh Water, Magic","Serpent, Goat-Fish",Blue,"Wisdom, Magic",,Lahmu,Lahamu,,"Marduk, Dumuzi"
Tlingit,Eagle,Spirit,Sky Spirit and Symbol of Prestige,Tlingit Nation,Male,Sky Spirit,"Sky, Prestige, Leadership",Eagle Symbols,"Brown, White","Leadership, Prestige",,,,,
Shinto,Ebisu,God,God of Fishing and Prosperity,Japan,Male,Jovial and Prosperous,"Fishing, Prosperity","Fishing Rod, Sea Bream",Red,"Prosperity, Good Fortune",,Izanagi,Izanami,,"Many, including Daikokuten"
Spanish,Egeria,God,Nymph of Springs and Water,Iberian Peninsula,Female,Nurturing and Watery,"Springs, Water","Water Basin, Aqueduct","Blue, Green","Springs, Water",Married,,,Numa Pompilius,
Greek,Eileithyia,God,Goddess of Childbirth,Mount Olympus,Female,Compassionate and Supportive,Childbirth,Birthing stool,White,"Childbirth, motherhood",,Hera,Zeus,,
Norse,Eir,God,Goddess of Healing,Asgard,Female,Compassionate and Healing,Healing,Healing Tools,"Green, White","Healing, Compassion",,Not mentioned,Not mentioned,,
Maya,Ek Chuah,God,God of Merchants,Mesoamerica,Male,Prosperous and Commercial,"Merchants, Cocoa","Merchant Tools, Cocoa Bean","Red, Brown","Merchants, Prosperity",,,,,
Phoenician,El,God,Supreme Deity,Sky,Male,Supreme Deity,"Creation, life","Sun, moon, Bull","Gold, silver","Creation, life, fertility",,,,,Various deities
Spanish,Elbora,God,Goddess of the Duero River,Celtiberia,Female,Flowing and Nurturing,"River, Nurturing","River, Cornucopia","Blue, Green","River, Nurturing",,,,,
Yoruba,Eleggua,God,God of Crossroads and Choices,Yoruba lands,Male,"Trickster, Gatekeeper",Crossroads,"Keys, Dog","Red, Black","Choices, Opportunities",,Yemoja,Olorun,,
Sumerian,Ellil,God,Wind,Sumer,Male,God,Wind,,,Wind,,,,,
Jewish,Elohim,God,God (Plural Form),Heaven,Male,Creator and Judge,"Creation, Judgment, Wisdom",Heavenly Cloud,Blue,"Wisdom, Authority",,,,,
Scottish/Irish,Emer,Human,Wife of Cu Chulainn,Ireland,Female,Wise and Loyal,"Wisdom, Loyalty",Not specified,"Green, Gold","Wisdom, Loyalty",Married,Forgall Monach,,Cu Chulainn,"Connla, Ciaran, and others"
Sumerian,Enbilulu,God,God of Canals and Ditches,Sumer,Male,"Canal God, Water","Canals, Water",Irrigation Tools,"Blue, Green","Irrigation, Water Management",,Ninhursag,Enki,,
Spanish,Endovelicus,God,Protector God of the City of Segóbriga,Segóbriga (Spain),Male,Guardian and Protective,"City, Protection","City Walls, Spear","Brown, Silver","City, Protection",,,,,
Maasai,Engai Narok,God,Sun God,Maasai Regions,Male,God,"Sun, Heat","Sun, Heat",Yellow,"Sun, Heat",,,,,
Maasai,Enkai,God,Creator God,Maasai Regions,Male,God,Creation,"Mountain, Sky",Blue,Creation,,,,,
Maasai,Enkai Naaye,God,God of Cattle,Maasai Regions,Male,God,"Cattle, Wealth","Cattle, Horns",Brown,"Cattle, Wealth",,,,,
Maasai,Enkai Nanyokie,God,Rain Goddess,Maasai Regions,Female,Goddess,"Rain, Fertility","Rain, Fertility",Blue,"Rain, Fertility",,,,,
Sumerian,Enki,God,"God of Water, Wisdom, and Magic",Sumer,Male,"Wise, Cunning","Wisdom, Magic","Goat, Streams, Magic",Black,"Wisdom, Creativity, Magic",,Nammu,An,,"Marduk, Ninsar, Ninkurra"
Sumerian,Enkimdu,God,Farmer,Sumer,Male,God,Agriculture,,,Farmer,,,,,
Mesopotamian,Enlil,God,God of air and storms,Sky,Male,Stormy and wise,Storms and weather,"Horned crown, storm symbol","Stormy colors,","Storms, weather",Married,Ninlil,Enlil,Ninlil,Ninurta
Assyrian,Enlil,God,"Chief Deity, God of Air and Storms",Assyria,Male,Supreme Deity,"Air, Storms, Creation","Horned Crown, Storm",Blue,"Leadership, Order, Creation",Married,An,Anu,Antum,"Many, including Ninurta"
Sumerian,Enlil,God,"God of wind, storms, agriculture",Sumer,Male,"Storm God, Commanding","Storms, Command","Horned Crown, Storms",Blue,"Command, Leadership, Justice",Married,Nammu,An,Ninlil,"Ninurta, Nanna, Inanna, Utu"
Capitalist,Entrepreneur,Human,Patron of Business and Innovation,Global,Other,Innovative Leader,"Business, Innovation, Profit","Gear, Currency",Green,"Innovation, Profit, Entrepreneurship",,,,,Enterprises
Hopi,Eototo,God,Flute Player,Hopi Mesas,Male,Deity,Music,Flute,,Flute Player,,,,,
Spanish,Epona,God,Goddess of Horses and Fertility,Celtiberia,Female,Protective and Equestrian,"Horses, Fertility","Horse, Cornucopia","White, Gold","Horses, Fertility",,,,,
Mesopotamian,Ereshkigal,God,Queen of the Underworld,Sumerian Regions,Female,Goddess,Underworld,"Casket, Owl",Black,Underworld,,Nammu,Anu,,
Sumerian,Ereshkigal,God,Goddess of the underworld,-,Female,Deity,Underworld,-,-,Underworld,-,Anu,Enlil,Nergal,Various deities
Sao,Erin,God,Goddess of love and beauty,Cosmos,Female,Loving and Beautiful,"Love, beauty",Rose,Pink,"Love, beauty, emotional well-being",,Olokun,Oshun,,Various love and beauty deities
Sao,Erinje,God,"Deities associated with warfare, bravery, and protection",Earth,Other,Brave and Protective,"Warfare, bravery, protection",Battleaxe,Varied,"Bravery, protection, martial prowess",,Ogun,Oya,,Various war and protection deities
Sao,Erinle,God,God of healing and medicinal plants,Forests,Male,Healing and Nurturing,"Medicinal plants, health",Medicinal plants,Green,"Healing, health, medicinal knowledge",,Osun,Ogun,,Various healing and medicinal deities
Chinese,Erlang Shen,God,Deity of War and Magic,"Heaven, Earth",Male,Skilled Warrior and Magician,"War, Magic","Wolf, Third Eye",Blue,"Bravery, Magical Arts",,Yang Jian (Father),Mother,,
Siberian,Erlik,God,"God of the Underworld, Death, and Misfortune",Siberia,Male,Cunning and Malevolent,"Death, Misfortune","Snake, Skull",Black,"Transformation, Challenges",,,,,"Many, including evil spirits"
Mongolian,Erlik,God,God of the Underworld,Mongolian Regions,Male,God,Underworld,Skull,Black,Underworld,,,,,
Mongolian,Erlik Khan,God,God of Death and the Underworld,Underworld,Male,Mischievous and Malevolent,"Death, Underworld","Serpent, Skull",Black,"Death, Transformation",,,Tengri,,
Vodou,Erzulie Freda,God,Goddess of Love and Beauty,"Haiti, New Orleans",Female,"Goddess of Love, Beauty","Love, Beauty, Luxury","Hearts, Flowers, Jewelry","Pink, Blue","Love, Beauty, Luxury",Married,Bondye,,Ogou,"Many, including Ghede"
Cheyenne,Esevonevetse'e,Spirit,Spirit,Cheyenne Nation,Other,Spirit,Nature,,,Spirit,,,,,
Phoenician,Eshmun,God,God of healing and fertility,Earth,Male,Healing and Fertile,"Healing, fertility","Rod of Asclepius, pomegranate","Green, gold","Healing, fertility",,,,,
Yoruba,Eshu,God,God of Communication,Yoruba lands,Male,"Trickster, Messenger",Crossroads,"Palm Frond, Double-bladed Knife","Red, Black","Communication, Choices",,Yemoja,Olorun,,
Navajo,Estsanatlehi,God,Changing Woman,Navajo Nation,Female,Deity,"Creation, Fertility","Corn, Earth",,Fertility,,,,,
Sao,Esu,God,"God of trickery, communication, and crossroads",Crossroads,Male,Trickster and Communicative,"Trickery, communication",Crossroads,Black,"Communication, trickery, balance",,Olodumare,,,Various trickster and communication deities
Maasai,Esuaki,God,Moon Goddess,Maasai Regions,Female,Goddess,Moon,"Moon, Night",Silver,Moon,,,,,
Vodou,Ezili Dantor,God,"Mother of Children, Protector of Women","Haiti, New Orleans",Female,"Protective Mother, Warrior","Motherhood, Women's Rights","Black Madonna, Sword","Red, Blue","Motherhood, Feminism",Married,Bondye,,Baron Samedi,"Many, including Ghede"
Tahitian,Fa'ahotu,God,Goddess of fire and volcanoes,Volcanoes,Female,Passionate and Destructive,"Fire, volcanoes","Lava, flames",Red,"Transformation, destruction",,,,,Various volcanic beings
Tahitian,Fa'ahu,God,God of wild and uncultivated food,Wilderness,Male,Wild and Untamed,Wild foods,Wild plants,Various,Appreciation of wilderness,,,,,Various wilderness beings
Scottish/Irish,Fand,Spirit,Fairy Queen and Lover of Manannan Mac Lir,Ireland,Female,Enchanting and Capricious,"Love, Enchantment","Sea, Pearls","Blue, Silver","Love, Enchantment",Married,,,Manannan Mac Lir,
Tahitian,Fatu-ti'i,God,God of fertility and procreation,Fertility,Male,Fertile and Generative,"Fertility, procreation",Fertility symbols,Various,"Fertility, generative power",,,,,Various fertility beings
Roman,Fauna,God,Goddess of Fertility and Women,Italy,Female,Fertile and Protective,"Fertility, women",Horn of Plenty,Green,"Fertility, protection",,,,,
Roman,Faunus,God,God of Nature and Forests,Italy,Male,Wild and Nature-loving,"Nature, forests",Panpipes,Green,"Nature, wilderness",,,,,
Scottish/Irish,Fionn Mac Cumhaill,Human,Heroic Leader and Warrior,Ireland,Male,Heroic and Wise,"Heroism, Wisdom","Spear, Hound","Green, Red","Heroism, Wisdom",Married,Cumhaill,,Sadb,"Oisin, Oscar, and others"
Norse,Forseti,God,God of Justice and Mediation,Asgard,Male,Just and Peaceful,"Justice, Mediation","Throne, Law Tablet","White, Gold","Justice, Peace",,Baldr,,,
Roman,Fortuna,God,Goddess of Luck and Fortune,Rome,Female,Fickle and Fortune-bringing,"Luck, fortune",Cornucopia,Yellow,"Luck, Fortune, Chance",,Jupiter,,,Various deities
Zoroastrian,Fravashi,Spirit,Guardian spirits of individuals,-,-,Deity,Protection,Wings,-,Protection,-,-,-,-,Various deities
Norse ,Freya,God,"Goddess of love, beauty, and fertility",Northern Europe,Female,Deity,"Love, Beauty, Fertility","Cats, Falcon",Gold,"Love, Beauty, Fertility",-,Njord,-,Various deities,Various deities
Norse,Freyja,God,Goddess of love and fertility,Asgard,Female,Loving and passionate,Love and fertility,"Falcon, amber","Amber, gold","Love, fertility",Married,Nerthus,Njord,"Odin, Óðr","Many, including Hnoss, Gersemi,"
Norse,Freyr,God,God of Prosperity and Fertility,Asgard,Male,Generous and Prosperous,"Prosperity, Fertility","Boar, Ship","Green, Gold","Prosperity, Fertility",Married,Njord,,Skadi,
Norse,Frigg,God,Goddess of Marriage and Motherhood,Asgard,Female,Caring and Maternal,"Marriage, Motherhood","Distaff, Spinning Wheel","Blue, White","Marriage, Motherhood",,Fjorgyn,Odin,,"Baldr, Höðr, Víðarr"
Chinese,Fu Xi,God,Creator of Humanity,Earth,Male,Wise and Creative,"Creation, Wisdom","Serpent, Scales",Multicolored,"Wisdom, Creation",,,,,
Etruscan,Fufluns,God,God of Wine and Vegetation,Etruria,Male,Joyful and Abundant,"Wine, vegetation",Grapes,Green,"Joy, abundance",,Uni,Tinia,,
Shinto,Fujin,God,God of Wind,Japan,Male,Dynamic and Swift,"Wind, Air","Bag of Wind, Wind Fan",Blue,"Swiftness, Change",,,,,"Many, including Raijin"
Baltic,Gabija,God,Goddess of the hearth and home,Earth,Female,Nurturing and Protective,"Hearth, home","Fire, hearth","Red, brown","Home, protection",,Baltic,Baltic,,
Jewish,Gabriel,Spirit,Archangel of Revelation,Heaven,Male,Messenger and Herald,"Communication, Revelation, Guidance","Trumpet, Wings",White,"Communication, Truth",,,,,
Korean,Gae Bulg,Anthropomorphism,Magical spear of the hero Cu Chulainn,Earth,Other,Powerful and Legendary,"Combat, heroism",Magical spear,,"Heroism, combat",,,,,
Navajo,Gahn,Spirit,Spirit,Navajo Nation,Other,Spirit,Nature,,,Spirit,,,,,
Hellenic,Gaia,God,Earth Goddess,Greek,Female,Earth Goddess,"Earth, Fertility","Earth, Fruits",Green,"Fertility, Connection",,,,,"Uranus, Pontus, Erebus, Nyx"
Navajo,Ga'nah,Spirit,Spirit,Navajo Nation,Other,Spirit,Nature,,,Spirit,,,,,
Hindu,Ganesha,God,"God of Wisdom and New Beginnings, Remover of obstacles, prosperity, wisdom",Cosmic Realm,Male,Intelligent and Playful,"Wisdom, Success","Elephant, Modak",Yellow,"Wisdom, Success",,Parvati,Shiva,,
French,Gargouille,Anthropomorphism,Dragon-like Creature,Paris,Male,Monstrous Creature,Protecting Paris,Gargoyle Symbols,Stone,Protection,,,,,
Berber,Gatan,God,God of the sun and light,Sun,Male,Radiant and Life-Giving,"Sun, light",Solar disk,Gold,"Light, vitality, divine energy",,,,,Various solar and light deities
Buddhist,Gautama Buddha,Human,"Founder of Buddhism, Buddha",,Male,Enlightened and Compassionate,"Enlightenment, compassion","Bodhi tree, dharma wheel",Saffron,"Enlightenment, compassion",,Queen Maya,King Suddhodana,,Rahula
San,Gauwa,God,God of light and enlightenment,,Male,Radiant and Wise,"Light, enlightenment","Sun disk, radiant symbols",Yellow,"Wisdom, enlightenment",,,,,
Mongolian,Gazar Eej,God,God of Fire and Hearth,Earth,Male,Protective and Nurturing,"Fire, Hearth","Fire, Anvil",Red,"Hearth, Protection",,Earth,Sky,,
Egyptian,Geb,God,Earth God,Egypt,Male,God,"Earth, Agriculture","Goose, Green",Green,Stability,,Nut,Shu,,"Osiris, Isis, Seth"
Sicilian,Gelas,God,River God,Sicily,Male,Fluid and Ever-Flowing,"Rivers, water","River, water",Blue,"Fluidity, life flow",,,,,
Vodou,Ghede,God,Spirits of the Dead,"Haiti, New Orleans",Other,Ancestral Spirits,"Death, Ancestral Worship","Skull, Cross, Veve","Black, Purple",Ancestral Connection,,Bondye,Maman Brigitte,,"Many, including Baron Samedi"
Algonquin,Gitche Manitou,Spirit,Great Spirit,Algonquin Regions,Other,Deity,Creation,"Sky, Earth",,Creation,,,,,
Ligurian,Glanica,God,Goddess of Healing Springs,Liguria,Female,Healing and Purifying,Healing springs,Spring,Green,"Healing, purification",,,,,
Algonquin,Glooscap,Human,Creator Hero and Protector of the People,Mi'kmaq and Abenaki Nations,Male,Heroic Creator,"Creation, Protection of the People","Animal Companions, Heroic Symbols",Various,"Heroism, Protection of the People",,Sky Woman,,,Various (Including Malsum)
Wabanaki,Gluskap's Grandmother,Spirit,Grandmother Spirit and Guardian of Wisdom,Wabanaki Confederacy,Female,Grandmother Spirit,"Wisdom, Guidance, Nurturing","Wisdom Symbols, Maternal Icons",Various,"Wisdom, Nurturing",,,,,
Christian,God the Father,God,Creator and Sustainer,Heaven,Male,Divine Father,"Creation, Providence",Heavenly Symbols,White,"Love, Justice, Mercy",,,,,
Turkish,Gök Tanrı,God,Sky God,Turkish regions,Male,Powerful and Protective,"Sky, Weather","Sky, Weather",Blue,"Power, Freedom",,Ay Ata,Gün Ana,,
Nez Perce,Gondolik,Spirit,Spirit,Nez Perce Region,Other,Spirit,Nature,,,Spirit,,,,,
Chinese,Gong Gong,God,God of Water and Chaos,Water,Male,Chaotic and Powerful,"Water, Chaos","Serpent, Water Symbol",Blue,"Chaos, Water",,,,,
Pueblo,Goo,Spirit,Spirit,Pueblo Regions,Other,Spirit,"Nature, Guardian",Guardian Symbols,,"Nature, Guardian",,,,,
Chibchan,Goranchacha,God,Goddess of Rain,Chibchan Regions,Female,Goddess,"Rain, Agriculture","Rain, Corn",,"Rain, Agriculture",,,,,
Caribbean,Gran Bois,God,Forest Spirit and Guardian,Haiti,Male,Protector of Forests,"Forests, Wildlife, Nature","Tree, Animal Spirits",Green,"Nature, Protection",,,,,
San,Great Healer,God,Healing and Protection,,Male,Healer,"Healing, protection","Herbs, healing tools","Green, brown","Healing, protection",,,,,
Buddhist,Green Tara,God,Bodhisattva of Compassion,Buddhist Traditions,Female,Deity,Compassion,"Lotus, Green Tara",Green,Compassion,,,,,
Caribbean,Guabancex,God,Goddess of Storms and Destruction,Taino Mythology,Female,Stormbringer,"Storms, Destruction, Chaos","Hurricanes, Lightning","Grey, Blue","Chaos, Destruction",,,,,
Chinese,Guan Yin,God,Goddess of Mercy,"Heaven, Earth",Female,Compassionate and Merciful,"Compassion, Mercy",Lotus Flower,White,"Compassion, Mercy",,,,,
Chinese,Guan Yu,God,God of war,Heaven,Male,Warrior and wisdom,War and wisdom,"Green dragon, guan dao","Red, green","War, wisdom",Married,"Wangmu,","Jade Emperor,",Xi Wangmu,"Many, including Guanyin"
Chinese,Guanyin,God,Goddess of mercy and compassion,Potalaka,Female,Compassionate and Caring,"Mercy, compassion","Willow branch, vase",White,"Mercy, compassion",,,,,
Berber,Guenja,God,God of war and protection,War,Male,Fierce and Protective,"War, protection",Sword,Red,"Courage, protection, victory",,,,,Various war and protection deities
Sumerian,Gugalanna,God,Bull of heaven,-,Male,Deity,Destruction,Bull,-,Destruction,-,-,-,-,Various deities
Sara,Gula,Spirit,Spirit associated with fertility and growth,Sara homeland,Female,Nurturing and Fertile,"Fertility, agriculture",Fertility,Green,"Fertility, abundance",,,,,
Turkish,Gün Ana,God,Sun Goddess,Turkish regions,Female,Warm and Nurturing,"Sun, Light","Sun, Light",Yellow,"Light, Warmth",Married,,,Gök Tanrı,Ay Ata
Indonesian,Gunung Agung,Spirit,Sacred Mountain Spirit,"Bali, Indonesia",Male,Majestic and Sacred,Sacred Mountains,"Mountain, Clouds",White,"Sacredness, Majesty",,,,,
Sami,Guovssahasaid,Spirit,Sisters of the Winds,Sami Lands,Female,Swift and Unseen,"Winds, Air",Wind Symbols,"White, Grey","Swift Movement, Unseen Presence",,,,,"Many, including wind spirits"
Buddhist,Guru Rinpoche,God,Buddhist Master,Buddhist Traditions,Male,Deity,Spiritual Guidance,"Lotus, Vajra",,Spiritual Guidance,,,,,
Berber,Gurzil,God,God of rain and agriculture,Earth,Male,Nurturing and Fertile,"Rain, agriculture",Rainclouds,Blue,"Fertility, abundance, agricultural",,,,,Various agricultural deities
Navajo,Haashch'eeh'n,God,"Black God is, first and foremost, a fire god",Navajo Nation,Male,"old, slow and apparently helpless","Chaos, Destruction",Monster,,"Black God is, first and foremost, a fire god",,,,,
Spanish,Habis,God,God of Agriculture and Fertility,Iberian Peninsula,Male,Agrarian and Fertile,"Agriculture, Fertility","Plow, Sheaf of Wheat","Green, Gold","Agriculture, Fertility",,,,,
Shinto,Hachiman,God,God of war and divine protector of Japan,Sky,Male,Courageous and Just,"War, justice","Bow, arrows, sacred dove","Red, white","War, justice",Married,Empress Jingu,Emperor Ojin,"Many, including Emperor Ingyo","Many, including Emperor Nintoku"
Greek,Hades,God,"Underworld, death",Underworld,Male,"Mysterious, stern","Underworld, death",Helmet,Black,"Death, wealth",Married,Cronus,Rhea,Persephone,"Melinoe, Zagreus"
Korean,Haemosu,God,"Sun God, Bringer of Light",Sky,Male,Radiant and Warm,"Sunlight, Life","Sun Disk, Rays",Yellow,"Light, Life",,,,,
Iroquois,Hahgwehdiyu,God,Creator,Iroquois Nations,Other,Deity,Creation,"Sky, Earth",,Creation,,,,,
Hittite,Hannahanna,God,Mother Goddess,Hittite Regions,Female,Goddess,"Motherhood, Fertility","Grain, Womb",,"Motherhood, Fertility",,,,,
Hindu,Hanuman,God,"Monkey God, Devotee of Rama","Forests, Temples",Male,Devoted and Mighty,"Devotion, Strength","Mace, Mountain",Orange,"Devotion, Strength",,"Anjana, Kesari",,,
Persian,Haoma,God,God of Plants and Healing,Persia,Male,Healing and Life-Giving,"Plants, Healing",Plant,Green,"Healing, Life",,,,,
Zoroastrian,Haoma,Anthropomorphism,Divine plant,-,Other,Deity,"Immortality, ritualistic drinks",Plant,-,Associated with immortality,-,-,-,-,Various deities
Egyptian,Hapi,God,God of the Nile and Fertility,Egypt,Male,Nurturing and Abundant,"Nile, fertility","Water jars, lotus",Green,"Fertility, abundance",,,,,
Caddo,Hashtali (Morning Star),God,Sky God and Bringer of Light,Caddo Nation,Male,Sky Deity,"Morning Star, Light, Guidance",Celestial Symbols,"Blue, Yellow","Light, Guidance",,,,,
Creek,Hatakni,Spirit,Spirit,Creek Nation,Other,Spirit,Nature,,,Spirit,,,,,
Egyptian,Hathor,God,Goddess of Love and Motherhood,Egypt,Female,Joyful Mother,"Love, Motherhood, Music","Cow, Sistrum",Gold,"Love, Joy, Music",Married,Nut,Ra,Horus,"Ihy, Harsomptus"
Arab,Haubas,God,God of Thunder and Rain,Arabian Peninsula,Male,Thunderous and Fertile,"Thunder, Rain, Fertility",Thunderbolt,Blue,"Fertility, Rain",,,,,
Tahitian,Hau-maka,God,God of the sea and fish,"Oceans, Seas",Male,Benevolent and Protective,"Sea, fish",Fish,Blue,Harmony with nature,,,,,Various sea beings
Polynesian,Haumea,God,Fertility goddess and mother of gods,Earth,Female,Fertile and Nurturing,"Fertility, abundance",Earth,Brown,"Fertility, abundance",,,,,Various fertility-related beings
Maori,Haumia,God,God of wild plants and uncultivated food,Wilderness,Male,Wild and Resourceful,"Wild plants, sustenance","Wild plants, food",Green,"Sustainability, foraging",,Papatuanuku,Ranginui,,"Many, including wild plants spirits"
Hawaiian,Hauola,God,Goddess,Hawaii,Female,Goddess,"Health, Healing",Healing Herbs,Green,"Health, Healing",,,,,
Iroquois,Hawenneyu (Holder of the Heavens),God,Sky God and Guardian of Natural Order,Iroquois Confederacy,Male,Sky Deity,"Sky, Natural Order, Balance",Celestial Symbols,Blue,"Harmony with Nature, Balance",,Sky Woman,,,
Buddhist,Hayagriva,God,Wisdom King,Buddhist Traditions,Male,Deity,"Wisdom, Horse","Horse, Flame",Red,"Wisdom, Horse",,,,,
Yazidi,Hayyi,God,"Supreme God, Creator of the Universe",Yazidi,Male,Supreme Creator,"Creation, Universality","Solar Disk, Cosmic Serpent",Blue,"Universality, Cosmic Order",,,,,
Greek,Hecate,God,"Goddess of Magic, Crossroads, and Ghosts",Mount Olympus,Female,Triple Goddess,"Magic, Crossroads, Ghosts","Torch, Key, Serpent",Black,"Magic, Crossroads, Protection",,Perses,Asteria,,
Norse,Heimdallr,God,"Guardian of Bifrost, Watchman of the Gods",Asgard,Male,Vigilant and Observant,"Guarding, Alertness","Horn, Gjallarhorn","White, Gold","Vigilance, Alertness",,Nine Mothers,Odin,,
Norse,Hel,God,Queen of the Underworld,Helheim,Female,Stern and Rulerly,"Underworld, Death","Gloom, Death",Black,"Death, Rulership",,Angrboda,Loki,,"Jormungandr, Fenrir"
Hittite,Hepat,God,Goddess of Love and Fertility,Earth,Female,Loving and Fertile,"Love, fertility","Dove, myrtle tree","White, green","Love, fertility",,,,,"Many, including Telipinu"
Greek,Hephaestus,God,God of Fire and Blacksmiths,Mount Olympus,Male,Skilled and Artistic,"Fire, craftsmanship","Anvil, hammer",Orange,"Craftsmanship, creativity, diligence",Married,Hera,Zeus,Aphrodite,"Eileithyia, Eunomia, Euthenia"
Greek,Hera,God,"Queen of the gods, marriage, family",Mount Olympus,Female,"Protective, authoritative","Marriage, family, childbirth","Peacock feather, diadem",feather Gold,"Marriage, family",Married,Rhea,Cronus,Zeus,"Ares, Hephaestus, Hebe, Eileithyia"
Etruscan,Hercle,God,God of physical strength and bravery,,Male,Strong and Brave,"Strength, bravery","Club, lion skin","Red, brown","Strength, bravery",,Uni,Tinia,,"Many, including Leinth"
Greek,Hermes,God,Messenger of the Gods and God of Travel,Mount Olympus,Male,Clever and Agile,"Communication, travel, commerce","Caduceus, winged sandals",Yellow,"Communication, wit, commerce",Married,Maia,Zeus,Aphrodite,"Pan, Abderus"
Greek,Hestia,God,Goddess of the Hearth,Mount Olympus,Female,Warm and Nurturing,"Hearth, home",Fireplace,Red,"Home, hearth, hospitality",,Cronus,Rhea,,
Mandean,Hibil Ziwa,God,God of Light and Wisdom,Mandaean,Male,"Light, Wisdom","Knowledge, Enlightenment","Light, Wisdom",White,"Knowledge, Enlightenment",,"Ptahil, Ruha",,,
Hawaiian,Hi'iaka,God,"Goddess of hula, dance, and forests","Forests, Dance",Female,Creative and Nurturing,"Hula, dance, forests",Lehua flowers,Red,"Creativity, natural beauty",,Pele,,,Various forest beings
Finnish,Hiisi,Spirit,"Nature Spirit, spirit of hill forests",Finland,Male,Spirit,Nature,"Forest, Grove",Green,"Nature Spirit, spirit of hill forests",,,,,
Tahitian,Hina,God,Goddess associated with the moon,"Moon, night",Female,Lunar and Wise,"Moon, night, wisdom","Moon, lunar symbols",Silver,"Wisdom, lunar cycles",,Sky Father,Earth Mother,,"Many, including moon and night spirits"
Polynesian,Hina,God,Goddess associated with the moon,Sky,Female,Radiant and Nurturing,"Moon, night",Moon,Silver,"Lunar activities, fertility",,Papatūānuku,Rangi,,Various lunar-related beings
Polynesian,Hina,God,Goddess of the moon and fertility,Sky,Female,Gentle and Nurturing,"Moon, fertility",Moon,Silver,"Fertility, motherhood",,Papatūānuku,Rangi,,Various fertility beings
Polynesian,Hina-Kehua,God,Ghost goddess associated with night,Underworld,Female,Ghostly and Elusive,"Spirits, night","Shadows, spirits",Gray,Commemoration of the dead,,,,,Various spirit beings
Tahitian,Hina-uri,God,Goddess of the underworld and death,Underworld,Female,Mysterious and Enigmatic,"Underworld, death",Shadows,Black,Understanding mortality,,,,,Various underworld beings
Polynesian,Hine-Moana,God,Goddess of the sea,"Ocean, Seas",Female,Tranquil and Protective,"Sea, ocean fertility",Ocean,Blue,"Sea, fertility",,,,,Various sea creatures
Polynesian,Hine-Nui-Te-Po,God,Goddess of death and the underworld,Underworld,Female,Enigmatic and Powerful,"Underworld, afterlife",Darkness,Black,Acceptance of mortality,,,,,Various underworld beings
Zulu,Hlakanyana,Human,Trickster,Zulu Regions,Male,Hero,Trickery,Mantis,,Trickery,,,,,
Vietnamese,Hồ Đôi,God,God of Marriage and Love,Love and Marriage,Male,Romantic and Matchmaking,"Love, Marriage","Red Strings, Love Knot",Red,"Love, Marriage",,,,,
Norse,Hoenir,God,God of Silence and Forethought,Asgard,Male,Silent and Forethinking,"Silence, Forethought",Not specified,Not specified,"Silence, Forethought",,Not mentioned,Odin,,
Christian,Holy Spirit,God,Divine Comforter,Everywhere,Other,Divine Comforter,"Guidance, Inspiration","Dove, Flames",White,"Wisdom, Holiness",,,God the Father,,
Persian,Homa,God,"Divine Bird, Symbol of Purity and Prosperity",Persia,Male,Pure and Prosperous,"Purity, Prosperity",Bird Motif,White,"Purity, Prosperity",,,,,
Sami,Horagalles,God,God of Thunder and Lightning,Sami Lands,Male,Powerful and Thunderous,"Thunder, Lightning",Thunderbolt,"Blue, White","Power, Protection",,,,,"Many, including storm spirits"
Ainu,Horkew Kamuy,God,Fire God,Ainu Regions,Male,God,"Fire, Hearth","Fire, Flames",,"Fire, Hearth",,,,,
Egyptian,Horus,God,God of the sky,Duat (Underworld),Male,Guardian and sky ruler,Judgment and resurrection,"Eye of Horus, jackal","Gold, green,","Judgment, resurrection,",Married,Isis,Osiris,"Hathor, Bastet","Many, including Oenghus"
Chinese,Hou Tu,God,"Earth Mother, Sustainer of Life",Earth,Female,Nurturing and Life-Giving,"Earth, Sustenance","Grain, Fertility",Brown,"Nurturing, Sustenance",,,,,
Chinese,Hou Yi,God,Archer and Hero,Earth,Male,Skilled Archer and Protector,"Archery, Heroism",Bow and Arrow,Green,"Archery, Heroic Deeds",Married,,,Chang'e (Wife),
Laotian,Houane San,God,God of Rice,Agriculture,Male,Provider and Abundant,"Rice, Agriculture",Rice Plants,Green,"Agriculture, Abundance",,,,,
Aymara,Huari,God,God of Weather and Rain,Andean Region,Male,Weather Deity,"Rain, Weather Changes","Rain Clouds, Thunderbolt","Blue, White","Rain, Agricultural Abundance",,,,,
Arab,Hubal,God,God of the Moon,Mecca,Male,Lunar and Fierce,"Moon, Power, Divination",Crescent Moon Idol,Silver,"Lunar Power, Divination",,,,,
Aztec,Huitzilopochtli,God,Sun goddess,Templo Mayor (Great Temple),Female,Radiant and sun,Sun and warmth,"Quetzal feather headdress,","Red, green","Sun, warmth,",Married,Coatlicue,Coatlicue,"Many, including Haniyasu-hime","Many, including Xipe Totec, Tecciztecatl"
Aztec,Huitzilopochtli,God,Sun and War God,Mesoamerica,Female,Warrior and Sun God,"War, Sun, Human Sacrifice","Hummingbird, Serpent",Blue,"War, Sun, Sacrifice",Married,Coatlicue (Mother),Mixcoatl (Father),"Many, including Haniyasu-hime","Many, including Xipe Totec, Tecciztecatl"
Aztec ,Huitzilopochtli,God,"God of war, sun, and the patron deity of the Mexican",Mesoamerica,Male,Deity,"War, Sun, Patron deity","Hummingbird, Serpent",Blue,"War, Sun",-,Coatlicue,Mixcoatl,-,Various deities
Mayan,Hunab Ku,God,Supreme deity representing the source of all,Mesoamerica,Other,Cosmic Source,"Cosmic Source, Unity",Galactic Core,Multicolored,"Unity, Cosmic Harmony, Creative Source",,,,,Various Aspects
Maya,Hunahpu and Xbalanque,Human,Hero Twins,Mesoamerica,Male,Heroic and Clever,"Trickery, Heroism","Blowgun, Jaguar","Red, Black","Heroism, Trickery",,Xquic (Mother),Xpiyacoc (Father),,
Korean,Hwanung,God,God of the heavens and creator of humanity,Sky,Male,Benevolent and Creative,"Heaven, creation","Clouds, crane","Blue, white","Creativity, benevolence",,,,,"Many, including Dangun"
Korean,Hyeonmu,Anthropomorphism,"Black Tortoise, Guardian of the North",North,Male,Protective and Strong,"Protection, Stability",Tortoise Shell,Black,"Protection, Stability",,,,,
Iroquois,Iagentci,Spirit,Spirit,Iroquois Nations,Other,Spirit,"Nature, Spirit","Forest, Animals",,"Nature, Spirit",,,,,
Xavante,Iaupé,God,Goddess of the Sun and Fertility,Xavante Territory,Female,Solar Deity,"Sun, Fertility, Life","Sun Disk, Fertility Symbols",Yellow,"Fertility, Life",,,,,
Sao,Ibeji,God,"Twin deities associated with duality, balance, and harmony",Cosmos,Other,Harmonious and Dualistic,"Duality, balance, harmony",Twin figures,Blue and Pink,"Duality, balance, harmony",,Olodumare,,,Various twin-related deities
Muisca,Idacansás,God,"First priest of the sacred city of Sugamuxi, ""Luz grande del día""",Muisca Confederation,Male,Deity,"Nature, Earth,  great magical powers, make rain and hail and transmit diseases and warmth","Earth, Agriculture",,"Nature, Earth",,,,,
Igbo,Idemili,God,Goddess of rivers and water bodies,Water,Female,Serene and Nurturing,"Rivers, water bodies","River, fish","Blue, green","Serenity, abundance",,,,,
Norse,Idun,God,Goddess of Youth and Apples,Asgard,Female,Eternal and Nurturing,"Youth, Apples","Apples, Basket","Green, Gold","Youth, Vitality",,Not mentioned,Not mentioned,,
Berber,Ifri,God,Goddess of caves and underworld,Underworld,Female,Mysterious and Protective,"Caves, underworld",Cave entrance,Black,"Mystery, protection of the dead",,,,,Various underworld beings
Inuit,Igaluk,God,God of the Moon and Night,Arctic Regions,Male,Calm and Reflective,"Moon, Night",Full Moon,Silver,"Reflection, Tranquility",,,,,"Many, including night spirits"
Inuit,Igloolik,God,God of Home and Hearth,Arctic Regions,Male,Warm and Protective,"Home, Hearth","Igloo, Fire","White, Red","Home, Warmth",,,,,"Many, including hearth spirits"
Zapotec,Ihuimeh,God,Earth Goddess,Zapotec Regions,Female,Goddess,"Earth, Fertility","Corn, Flowers",Green,"Earth, Fertility",,,,,
Igbo,Ikenga,God,God of achievement and success,,Male,Wise and Achiever,"Achievement, success","Horn, anvil","Red, white","Success, achievement",,,,,
Lakota,Iktomi,Spirit,Trickster,Lakota Nation,Male,Spirit,"Trickery, Wisdom",Spider,,"Trickery, Wisdom, Humor",,,,,
Hittite,Illuyanka,God,Serpent God,Hittite Regions,Male,God,"Chaos, Serpents",Serpent,,"Chaos, Serpents",,,,,
Finnish,Ilmarinen,Human,Blacksmith,Finland,Male,Hero,Blacksmithing,"Anvil, Hammer",Black,Craft,,Ilmatar,,,
Egyptian,Imhotep,God,God of Wisdom,Egypt,Male,Deified,"Wisdom, Healing",Step Pyramid,,"Wisdom, Healing",,,,,
Zulu,Impundulu,Anthropomorphism,Lightning Bird,Zulu Regions,Other,Mythical,"Thunder, Lightning","Lightning, Bird",,"Thunder, Lightning",,,,,
Mesopotamian,Inanna,God,Goddess of love and war,Sky,Female,Loving and fierce,Love and war,"Star, crescent moon","Blue, white","Love, war",Married,Ninlil,Enlil,Ki,"Many, including Change"
Sumerian,Inanna,God,"Goddess of Love, Fertility, and War",Sumer,Female,"Passionate, Powerful","Love, Fertility, War",Star of Inanna,Red,"Love, Fertility, War",,Ningal,Nanna,,"Dumuzid, Shara"
Sumerian,Inanna (Ishtar),God,"Goddess of love, fertility, war",-,Female,Deity,"Love, fertility, war","Star, Lion",-,"Love, Fertility, War",-,Nanna (Sin),Enlil,Dumuzid,Various deities
Shinto,Inari,God,Goddess of rice and fertility,Takamagahara (High Plain of Heaven),Female,Rice and fertility,"Rice and fertility,",Feathered serpent,"Gold, red","Rice, fertility",Married,Izanami,Izanagi,Amaterasu,"Many, including Quetzalcoatl, Xolotl"
Shinto,Inari Okami,God,"God/goddess of rice, fertility, and prosperity",Earth,Male,Nurturing and Fertile,"Rice, fertility, prosperity","Fox, rice sheaves","Red, white","Fertility, prosperity",,,,,"Many, including Uke Mochi"
Zulu,Indlovukati,God,Lioness Goddess,Zulu Regions,Female,Goddess,"Hunting, Protection",Lioness,,"Hunting, Protection",,,,,
Tuareg,Ineher,God,God of the sun and celestial forces,Sky,Male,Radiant and Powerful,"Sun, celestial forces",Sun disc,Gold and Red,"Solar energy, celestial power",,,,,
Inca,Inti,God,Sun God,Andean Region,Male,Solar Deity,"Sun, Light, Fertility, Agriculture","Sun Disk, Golden Rays","Gold, Yellow","Light, Fertility",Married,Pachamama,Viracocha,Mama Killa,Pachacamac
Ligurian,Intuersia,God,Goddess of Intuition and Wisdom,Liguria,Female,Wise and Intuitive,"Intuition, wisdom",Owl,Gray,"Intuition, wisdom",,,,,
Xavante,Iny,God,Goddess of the Sun and Fertility,Xavante Territory,Female,Solar Deity,"Sun, Fertility, Life","Sun Disk, Fertility Symbols",Yellow,"Fertility, Life",,,,,
Zulu,Inyamazane,Spirit,Nature Spirit,Zulu Regions,Female,Spirit,"Nature, Mountains",Mountains,,"Nature, Mountains",,,,,
Lakota,Inyan,Spirit,Rock Spirit,Lakota Nation,Other,Spirit,"Nature, Strength",Rock Symbols,,"Nature, Strength",,,,,
Polynesian,Io,God,Supreme being and creator,Polynesia,Other,Divine Creator,"Creation, Life, Harmony",,,"Creation, Harmony, Divine Intervention",,,,,Various Creations
Sardinian,Iola,God,Goddess of the Dawn,Sardinia,Female,Radiant and Renewing,"Dawn, new beginnings",Sun,Gold,"New beginnings, light",,,,,
Berber,Iqayen,God,Goddess of the sky and celestial bodies,Sky,Female,Celestial and Enigmatic,"Stars, planets, celestial events",Star cluster,Blue,"Cosmic order, celestial beauty",,,,,Various celestial beings
Tuareg,Irikuden,God,God of thunder and storms,Desert,Male,Thunderous and Powerful,"Thunder, storms",Thunderbolt,Grey and Black,"Thunder, storm, power",,,,,
Greek,Iris,God,Goddess of the Rainbow,Mount Olympus,Female,Graceful and Colorful,"Rainbows, communication",Rainbow,Multicolored,"Communication, messages, rainbows",,Thaumas,Electra,,
Sao,Irunmole,Spirit,Intermediate spirits between humans and Olodumare,Cosmos,Other,Divine and Influential,"Spiritual guidance, intermediaries",Radiant light,Gold,"Spiritual connection, guidance",,Olodumare,,,Various intermediary spirits
Berber,Irzem,God,God of dreams and the subconscious,Dreams,Male,Mysterious and Dreamlike,"Dreams, subconscious",Crescent moon,Indigo,"Dreams, intuition, inner knowledge",,,,,Various dream and subconscious deities
Canaanite,Ishara,God,Goddess of love,-,Female,Deity,"Love, oaths",-,-,Love and oaths,-,-,-,-,-
Assyrian,Ishtar,God,Goddess of Love and War,Assyria,Female,Powerful and Capricious,"Love, War, Fertility",Eight-Pointed Star,Red,"Love, Fertility",Married,Lahmu,Lahamu,Tammuz,"Many, including Ninurta"
Mesopotamian,Ishtar,God,Goddess of Love and War,Mesopotamia,Female,Complex Goddess,"Love, War, Fertility","Eight-Pointed Star, Lion",Red,"Love, Fertility, Power",Married,Sin,Anu,Tammuz,Various Deities
Egyptian,Isis,God,Goddess of Magic and Motherhood,Egyptian,Female,"Magic, Motherhood","Magic, Fertility","Ankh, Throne",Blue,"Magic, Fertility",Married,Nut,Geb,Osiris,"Horus, Anubis"
Maya,Itzamná,God,Supreme Deity,Mesoamerica,Male,Creator and Wise,"Creation, Wisdom","Celestial, Serpent",White,"Creation, Wisdom",,,,,
Tuareg,Iwellemmedan,Spirit,Spirit of the desert and guardian,Desert,Other,Guardian and Protective,Protection of the desert,Dunes,Varied,"Desert protection, guidance",,,,,
Maya,Ixchel,God,Goddess of the Moon and Fertility,Yucatan Peninsula,Female,Nurturing and Fertile,"Moon, Fertility","Moon, Rabbit",White,"Moon, Fertility",,,Itzamná,,
Maya,Ixkik,God,Goddess of Chocolate,Mesoamerica,Female,Sweet and Tempting,"Chocolate, Pleasure","Cacao Pod, Sweets",Brown,"Chocolate, Pleasure",,,,,
Maya,Ixpiyacoc,God,Creator God,Mesoamerica,Male,Creator and Artisan,"Creation, Craftsmanship",Artisan Tools,,"Creation, Craftsmanship",,,,,
Sao,Iyami Osoronga,God,Powerful and mysterious female deities associated with primordial forces,Cosmos,Female,Mysterious and Enigmatic,"Primordial forces, feminine power",Cauldron,Black and Red,"Feminine power, primordial energy",,Olodumare,,,Various primordial deities
Muisca,Iyú,God,Deity ,Muisca Confederation,Male,Deity,"Water, Rivers",River Symbols,,"Water, Rivers",,,,,
Shinto,Izanagi,God,"Creator God, Husband of Izanami",Yomi-no-Kuni,Male,Wise and Creative,"Creation, Wisdom","Spear, Magatama",White,"Creation, Wisdom",Married,,,Izanami no Mikoto,"Many, including Amaterasu"
Shinto,Izanami,God,"Creator Goddess, Wife of Izanagi",Yomi-no-Kuni,Female,Gentle and Nurturing,"Creation, Nurturing","Mirror, Magatama",White,"Creation, Nurturing",Married,,,Izanagi no Mikoto,"Many, including Amaterasu"
Sami,Jabme-Áhkká,God,Goddess of the Herd and Reindeer,Sami Lands,Female,Caring and Vigilant,"Reindeer, Herding",Reindeer,Brown,"Herding, Care",,,,,"Many, including reindeer spirits"
Korean,Jacheongbi,God,Goddess of Birth and Fertility,Earth,Female,Nurturing and Fertile,"Birth, Fertility",Pregnant Belly,Green,"Fertility, Motherhood",,,,,
Chinese,Jade Emperor,God,Supreme Deity,Heaven,Male,Supreme ruler,Supreme ruler,"Flaming wheel, bagua","Red, blue","Transition, duality",Married,Wangmu,Jade Emperor,"Xi Wangmu,","Many, including Guanyin"
Taoist,Jade Emperor,God,Supreme deity in Taoism,Sky,Male,Wise and Benevolent,Supreme ruler of the heavens,Jade emperor's robe,Jade,"Wisdom, benevolence",Married,,,Queen Mother of the West,"Many, including Nezha"
Vietnamese,Jade Emperor,God,Supreme Deity and Ruler of Heaven,Celestial Realm,Male,Wise and Just,"Universal Rule, Justice","Jade Crown, Imperial Robes",Jade Green,"Justice, Order",,,,,
Roman,Janus,God,God of Beginnings and Endings,Italy,Male,Dual-faced and Wise,"Transition, doorways",Two Faces,Gold and Silver,"Transition, duality",,,,,
Xavante,Jarará,God,God of the Hunt,Xavante Territory,Male,Hunter Deity,"Hunting, Forest, Animal Spirits","Bow, Arrows, Forest Symbols","Green, Brown","Hunting Skills, Harmony with Nature",,,,,Animals
Croatian,Jarilo,God,"God of Spring, Fertility, and Youth",Croatia,Male,Youthful and Vital,"Spring, fertility, youth",Green Shoots,Light Green,"Renewal, fertility",,,,,
Guaraní,Jasy Jatere,Spirit,Forest Spirit and Protector of the Yvoty (Fruit),Guaraní Region,Male,Forest Guardian,"Forests, Fruits, Protector of Children",Forest Symbols,"Green, Brown","Protection of Children, Harmony with Nature",,Nhanderuvuçu,,,
Karajá,Javú,God,God of the Hunt,Karajá Region,Male,Hunter Deity,"Hunting, Forest, Animal Spirits","Bow, Arrows, Forest Symbols","Green, Brown","Hunting Skills, Harmony with Nature",,,,,Animals
Christian,Jesus,Human,"Savior, Messiah",Judea,Male,"Son of God, Savior","Love, Forgiveness","Cross, Lamb",White,"Love, Salvation",,Mary,Joseph,,
Christian,Jesus Christ,God,"Son of God, Savior",Earth,Male,"Redeemer, Teacher","Salvation, Compassion","Cross, Lamb of God",Red,"Love, Forgiveness",,Virgin Mary,God the Father,,
Indonesian,Jin Fin Ho,God,"Monkey God, Trickster Deity",Borneo,Male,Playful and Clever,"Trickery, Mischief","Monkey, Bananas",Brown,"Playfulness, Trickery",,,,,
Jewish,Jophiel,Spirit,Archangel of Beauty and Art,Heaven,Male,Guardian of Divine Beauty,"Art, Beauty, Creativity",Golden Scepter,Lavender,"Appreciation, Creativity",,,,,
Korean,Jujak,Anthropomorphism,"Vermilion Bird, Guardian of the South",South,Female,Elegant and Resplendent,"Protection, Prosperity",Phoenix Wings,Red,"Protection, Prosperity",,,,,
Aboriginal,Julana,God,Sun goddess and creator of fire,Sky,Female,Radiant and Creative,"Sun, fire","Sun, fire",Yellow,"Creativity, illumination",,,,,Various fire-related beings
Korean,Jumong,Human,"Founding King of Goguryeo, Heroic Archer",Goguryeo,Male,Heroic and Skilled Archer,"Leadership, Archery",Bow and Arrow,"Red, black","Heroism, Archery",Married,Lady Yuhwa,Hwanung (Sky God),Yes,Multiple
Roman,Juno,God,Queen of the Gods,Mount Olympus,Female,Maternal and regal,Family and marriage,"Peacock feather, diadem",Peacock colors,"Marriage, family",Married,Ops,Saturn,Jupiter,"Mars, Vulcan, Bellona"
Sami,Juoksahkka,Spirit,Female Water Spirit,Sami Lands,Female,Graceful and Enchanting,"Water, Lakes",Water Lily,"Blue, Green","Enchantment, Gracefulness",,,,,Spirits of water
Roman,Jupiter,God,King of the Gods,Mount Olympus,Male,Mighty ruler,Ruling,Thunderbolt,"Sky blue, white, gold","Leadership, justice",Married,Ops,Saturn,"Many, including Hera","Many, including Ares"
Tupinambá,Jurupari,Spirit,Spirit of Initiation and Male Fertility,Tupinambá Region,Male,Fertility Spirit,"Male Initiation, Fertility",Phallic Symbols,Various,"Male Fertility, Initiation",,,,,
Croatian,Jutrobog,God,God of Dawn and New Beginnings,Croatia,Male,Hopeful and Inspirational,"Dawn, new beginnings",Rising Sun,Gold,"Hope, new beginnings",,,,,
Sara,Kaba,Anthropomorphism,Sacred forest with spiritual significance,Sara homeland,Other,Sacred and Mystical,"Spiritual retreat, connection",Forest,Varied,"Spiritual connection, sanctuary",,,,,
Hopi,Kachina,Spirit, spirits or personifications of things in the real world,Hopi Mesas,Other,human-like relationships,"Nature, Ancestors",Kachina Masks,,Harmony,,,,,
Polynesian,Kahōtia,God,Goddess of hawks and falcons,Sky,Female,Swift and Observant,"Hawks, falcons","Hawks, falcons",Various,"Agility, keen observation",,,,,Various bird-related beings
Hindu,Kali,God,Goddess of Destruction and Time,Cosmic Realm,Female,Destructive Force,"Destruction, Time, Change","Severed Heads, Sword",Black,"Transformation, Liberation, Power",Married,Parvati,Shiva,Shiva,
Xavante,Kamaiurá,Spirit,Ancestor Spirits and Protectors,Xavante Territory,Other,Ancestral Spirits,"Ancestral Guidance, Protection",Ancestral Symbols,Various,"Ancestral Connection, Protection",,,,,
Hawaiian,Kamapua'a,God,"God of agriculture and wild pigs,  a shapeshifter who can transform into various forms, including that of a handsome man or a wild boar. ",Agriculture,Male,Caring and Wild,"Agriculture, wild pigs, fertility, and water",Pigs,Various,Agricultural abundance,Married,,,Pele,Various agricultural beings
Hawaiian,Kamohoalii,God,Shark god and brother of Pele,Oceans,Male,Protective and Agile,"Sharks, protection","Shark, ocean motifs",Blue,"Protection, agility",,Haumea,Kane Milohai,,"Many, including shark spirits"
Hawaiian,Kamohoali'i,God,God of sharks and protection,"Oceans, Seas",Male,Protective and Swift,"Sharks, protection",Shark images,Various,"Protection, swiftness",,,,,Various sea beings
Ainu,Kamuy Fuchi,God,Hearth Goddess,Ainu Regions,Female,Goddess,"Hearth, Home","Fire, Hearth",,"Hearth, Home",,,,,
Ainu,Kamuy Hokai,God,Hunting,Ainu,Male,Deity,Hunting,,,Hunting,,,,,
Ainu,Kamuy Kotan,God,God of the Village,Ainu Regions,Male,God,"Village, Protection",Village Symbols,,"Village, Protection",,,,,
Ainu,Kamuy Mosir,God,God of Land,Ainu,Male,Deity,Land,,,God of Land,,,,,
Ainu,Kamuy Yukar,Anthropomorphism,Ainu sagas,Ainu,Other,Object,Ainu mosir,,,Ainu sagas,,,,,
Ainu,Kamuy-huci,God,"Goddess of the hearth, guardian of the home, and also the judge of domestic affairs",Ainu,Female,Deity,"Land, People Teacher, keeper of the gateway between the world of humans and the world of kamuy","Mountains, hearth fire ",,"Goddess of the hearth, guardian of the home, and also the judge of domestic affairs",,the fire-producing drill ,,,
Polynesian,Kanaloa,God,God of the sea and underworld,"Oceans, Underworld",Male,Mysterious and Tranquil,"Sea, underworld, tranquility","Ocean, underworld symbols","Blue, black","Tranquility, ocean mysteries",,,,,"Many, including sea and underworld spirits"
Hawaiian,Kanaloa,God,God of the sea and ocean,"Oceans, Seas",Male,Benevolent and Protective,"Sea, ocean",Fish hook,Blue,Harmony with nature,,,,,Various sea beings
Cherokee,Kananesgi,Human,Lucky Hunter,Cherokee Nation,Male,Hero,Hunting,,,Luck,,,,,
Hawaiian,Kane,God,Supreme creator god,Sky,Male,Wise and All-Powerful,"Creation, wisdom",Wooden images,White,"Wisdom, divine creation",,,,,Various cosmic beings
Kayapo,Kanhok,God,Earth Goddess and Protector of Nature,Kayapó Territory,Female,Earth Guardian,"Nature, Forests, Guardian of the Environment","Trees, Earth Symbols","Green, Brown","Nature Conservation, Harmony with Earth",,,,,
Hindu,Kartikeya,God,"God of war, associated with courage and strength",India,Male,Deity,"War, Courage, Strength","Peacock, Spear",Red,"Courage, Strength",-,Parvati,Shiva,-,Various deities
Canaanite,Kaus,God,God of archery,-,Male,Deity,"Archery, hunting",-,-,Archery and hunting,-,-,-,-,-
Tuareg,Kel Essuf,Spirit,Warrior spirits protecting the Tuareg people,Desert,Other,Courageous and Defending,Warrior ethos,Sword,Varied,"Courage, defense of the tribe",,,,,
Tuareg,Kel Tamasheq,Human,Collective term for Tuareg people,Desert,Other,Resilient and Nomadic,Nomadic lifestyle,Camel,Varied,"Nomadism, resilience",,,,,
Guaraní,Kerana,God,Goddess of the Moon and Fertility,Guaraní Region,Female,Lunar Deity,"Moon, Fertility, Night","Crescent Moon, Fertility Symbols",Silver,"Fertility, Feminine Energy",Married,Angatupyry,Karai,Tupã (possible),Ao Ao (possible)
Mongolian,Khan-Dei,God,God of War,Mongolian Regions,Male,God,War,Weapons,Red,War,,,,,
Zoroastrian,Khashm,God,God of metals and minerals,-,Male,Deity,"Metals, minerals",-,-,"Metals, minerals",-,-,-,-,Various deities
Egyptian,Kherty,God,God of Silence,Egypt,Male,God,"Silence, Death",Mummy,,"Silence, Death",,,,,
Egyptian,Khnum,God,God of Creation,Egyptian,Male,Creator God,"Creation, Pottery","Ram, Potter's Wheel",Blue,"Creation, Pottery",,Hathor,,,"Anuket, Satis"
Egyptian,Khonsu,God,God of the Moon and Time,Egypt,Male,Timekeeper and Compassionate,"Moon, time",Crescent moon,Silver,"Time, protection, healing",,,Amun-Ra,,
Persian,Khosrow,God,God of the Sun and Light,Persia,Male,Radiant and Illuminating,"Sun, Light",Sun Disk,Yellow,"Illumination, Light",,,,,
Zoroastrian,Khwarshēd,God,Goddess of the sun,-,Female,Deity,Sun,Sun,-,Sun,-,-,-,-,Various deities
Sumerian,Ki (Ninhursag),God,Earth goddess,-,Female,Deity,"Fertility, childbirth",Mountain,-,"Fertility, Childbirth",-,-,-,-,Various deities
Sumerian,Ki (Ninhursag),God,Earth goddess,Earth,Female,Deity,"Fertility, childbirth",Mountain,-,"Fertility, Childbirth",-,-,-,-,Various deities
Sara,Kifalme,Spirit,"Lion spirit, symbol of courage",Sara homeland,Male,Courageous and Fearless,"Courage, bravery",Lion,Golden,"Courage, bravery",,,,,
Sara,Kifaru,Spirit,"Rhino spirit, protector of the land",Sara homeland,Male,Sturdy and Protective,"Land conservation, protection",Rhino,Grey,"Environmental protection, stability",,,,,
Tlingit,Killer Whale,Spirit,Sea Spirit and Symbol of Family,Tlingit Nation,Female,Sea Spirit,"Sea, Family, Harmony",Killer Whale Symbols,"Black, White","Family, Harmony",,,,,
Sara,Kirdi,Human,Collective term for Sara people,Sara homeland,Other,Resilient and Diverse,Cultural diversity,Drum,Varied,Unity in diversity,,,,,
Nez Perce,Kisaru'lute,Anthropomorphism,Monster,Nez Perce Region,Other,Monster,"Chaos, Destruction",Monster,,Monster,,,,,
Sumerian,Kishar,God,Earth,Sumer,Female,Goddess,Earth,,,Earth,,,,,
Hopi,Kokopelli,God,Fertility Deity,Hopi Mesas,Male,Deity,"Fertility, Music",Humpbacked Flute Player,,Fertility,,,,,
Wabanaki,Koluscap (Glooscap),Human,Heroic Transformer and Protector of Humanity,Wabanaki Confederacy,Male,Heroic Transformer,"Creation, Heroism, Protection","Heroic Symbols, Sacred Icons",Various,"Heroism, Protection of Humanity",,Sky Woman,,,Various (Including Animals and Humans)
Nez Perce,Koolkoolau,Anthropomorphism,Monster,Nez Perce Region,Other,Monster,"Chaos, Destruction",Monster,,Monster,,,,,
Kayapo,Kôt,God,God of the Sun,Kayapó Territory,Male,Solar Deity,"Sun, Light, Life","Sun Disk, Radiant Symbols","Yellow, Red","Life, Light",,,,,
Canaanite,Kothar-wa-Khasis,God,Craftsman god,-,Male,Deity,"Crafts, skill, wisdom",-,-,Skill and wisdom,-,-,-,-,Various deities
Albanian,Kreshnik,Human,Hero,Albanian Regions,Male,Hero,Heroism,Weapons,,Heroism,,,,,
Hindu,Krishna,God,Supreme Personality of Godhead,"Vrindavan, Dwarka",Male,Charming and Divine,"Love, Playfulness","Flute, Peacock Feather",Blue,"Divine Love, Devotion",Married,"Devaki, Yashoda",Vasudeva,Radha,Various Consorts
Hawaiian,Ku,God,God of war,Land,Male,Fierce and Warrior-like,"War, conflict","Weapons, war clubs",Red,"Courage, strength, discipline",,,,,Various war-related beings
Buddhist,Kuan Yin,God,"Compassion, mercy, associated with healing",East Asia,Female,Bodhisattva,"Compassion, Healing",Willow branch,White,"Compassion, Mercy, Healing",-,-,-,-,Various beings
Buddhist,Kuan Yin (Guanyin),God,Bodhisattva of Compassion,Cosmic,Female,Compassionate Being,"Compassion, Mercy","Willow Branch, Vase",White,"Compassion, Mercy",,,,,
Chinese,Kui Xing,God,God of Examinations,Heaven,Male,Scholarly and Examining,"Examinations, Scholarship","Brush, Writing Tools",Green,"Scholarship, Success",,,,,
Karajá,Kuiumekô,God,Goddess of the Moon,Karajá Region,Female,Lunar Deity,"Moon, Night, Fertility","Crescent Moon, Night Symbols",Silver,"Fertility, Femininity",,,,,
Nenets,Kujatai,God,God of the Hunt and Animals,Nenets Region,Male,Skilled and Protectorate,"Hunting, Animal Welfare","Bow, Reindeer","Brown, Green","Respect for Nature, Skill in Hunting",,,,,"Many, including animal spirits"
Maya,Kukulkan,God,Feathered Serpent God,Mesoamerica,Male,Serpent and Divine,"Wind, Agriculture",Feathered Serpent,"Green, Blue","Wind, Agriculture",,,,,
Hittite,Kumarbi,God,"God of Earth and Fertility, God of Sky",Earth,Male,Fertile and Powerful,"Earth, fertility","Sheaf of wheat, plough","Brown, green","Fertility, abundance",,,,,"Many, including Ullikummi"
Shinto,Kunitokotachi,God,Primordial deity of the origin of the land,Japan,Other,Earthly Origin,"Earth, Origin, Land",Earth and Mountain,Brown,"Land, Creation, Stability",,,,,Various Deities
Slavic,Kupala,God,God of the summer solstice and fertility,Earth,Male,Joyful and Fertile,"Summer, fertility, celebration","Wreath, flowers","Green, gold","Fertility, celebration",,Mokosh,Svarog,,
Guaraní,Kurupi,God,Fertility God and Protector of Wild Nature,Guaraní Region,Male,Fertility Deity,"Fertility, Wild Nature, Guardian of the Forest","Phallic Symbols, Forest Icons","Green, Brown","Fertility, Protection of Nature",,Nhanderuvuçu,,,
Chukchi,Kutkh,God,Deity,Chukchi Regions,Male,Deity,"Nature, Trickery","Bird, Sea",,"Nature, Trickery",,,,,
Sara,Kwekwe,Spirit,"Guinea fowl spirit, symbol of abundance",Sara homeland,Female,Abundant and Alert,"Abundance, fertility",Guinea Fowl,Brown,"Fertility, alertness",,,,,
Caribbean,La Diablesse,Spirit,Temptress and Folkloric Figure,Trinidad and Tobago,Female,Seductress,"Temptation, Folklore, Mischief","Elegant Dress, Concealed Face",Red,"Folklore, Temptation",,,,,
Caribbean,La Sirene,God,Mermaid Goddess of the Sea,Haiti,Female,Beautiful Seductress,"Sea, Beauty, Seduction","Mermaid, Mirror","Blue, Silver","Beauty, Seduction",Married,,,Agwe (possible),Loa (possible)
Spanish,Laberis,God,God of the Lusitanian Sun,Lusitania,Male,Radiant and Solar,"Sun, Radiance","Sun, Fire","Gold, Red","Sun, Radiance",,,,,
Slavic,Lada,God,Goddess,Slavic Regions,Female,Goddess,"Love, Beauty","Grain, Flowers",White,"Love, Beauty",,,,,
Sumerian,Lahamu,God,War,Sumer,Female,Goddess,War,,,War,,,,,
Sumerian,Lahmu,God,War,Sumer,Male,God,War,,,War,,,,,
Mesopotamian,Lahmu and Lahamu,God,Primordial deities of creation,Mesopotamia,Other,Cosmic Parents,"Creation, Primordial Beings",,,"Creation, Primordial Existence",,,,,Various Primordial Beings
Baltic,Laima,God,Goddess of Fate and Fortune,,Female,Wise and Fateful,"Fate, fortune","Spindle, thread","White, blue","Wisdom, fate",,Baltic,Baltic,,"Many, including Kārlis"
Hawaiian,Laka,God,Goddess,Hawaii,Female,Goddess,"Hula, Forest",Hula Implements,Green,Goddess,,,,,
Hindu,Lakshmi,God,Goddess of wealth,Cosmic realm,Female,"Wealthy and benevolent,",Wealth and prosperity,"Lotus, veena","Blue, white","Wealth, prosperity,",Married,Lakshmi,Vishnu,"Parvati, Lakshmi,","Many, including Hathor, Anubis"
Hindu,Lakshmi,God,"Goddess of wealth, fortune, and prosperity",India,Female,Deity,"Wealth, Fortune, Prosperity","Lotus, Elephant",Gold,"Wealth, Prosperity",,Durga,Vishnu,-,Various deities
Berber,Lamashtu,God,Demon goddess causing harm to mothers,Underworld,Female,Malevolent and Destructive,"Harm, nightmares, infant mortality",Lion's head,Black,Protection against evil,,,,,Various malevolent spirits
Etruscan,Laran,God,God of War and Thunder,Etruria,Male,Fierce and Thunderous,"War, thunder",Thunderbolt,Red,"Courage, strength, victory",,Uni,Tinia,,Maris
Spanish,Latobius,God,God of the Lusitanian Sky,Lusitania,Male,Celestial and Airy,"Sky, Celestial","Sun Disk, Clouds","Blue, White","Sky, Celestial",,,,,
Dahomey,Legba,God,God of communication,,Male,Communicative and Wise,"Communication, wisdom","Key, crossroads","Red, white","Communication, wisdom",,,,,
Chinese,Lei Gong,God,God of Thunder and Lightning,Heaven,Male,Powerful and Vigilant,"Thunder, Lightning","Drum, Mallet",Blue,"Power, Vigilance",,,,,
Sami,Leibolmai,God,Fertility God,Sami Lands,Male,Fertile and Generous,"Fertility, Abundance",Phallus,Green,"Fertility, Generosity",,,,,"Many, including plant spirits"
Hittite,Lelwani,God,Goddess of love and fertility,,Female,Loving and Fertile,"Love, fertility","Dove, myrtle tree","White, green","Love, fertility",,,,,"Many, including Telipinu"
Finnish,Lemminkäinen,Human,Adventurer,Finland,Male,Hero,"Hunting, Love",Swan,Red,Bravery,Married,Kyllikki,Lemminkäinen,Kyllikki,Tuuri
Luba,Libanza,Spirit,Ancestor Spirit,Luba Kingdom,Other,Spirit,"Ancestry, Protector",Ancestor Symbols,,"Ancestry, Protector",,,,,
Anarchist,Liberty,Spirit,Symbol of Anarchy and Freedom,Global,Female,Icon of Freedom,"Anarchy, Freedom, Equality","Broken Chains, Torch",Black,"Anarchy, Freedom, Equality",,,,,Anarchists
Jewish,Lilith,God,Night Demon or Goddess,Earth,Female,Seductive and Rebellious,"Night, Feminine Power, Independence","Owl, Serpent",Black,"Freedom, Independence",,,,,
Scottish/Irish,Lir,God,God of the Sea and Father of Manannan Mac Lir,Ireland,Male,Serene and Connected to the Sea,"Sea, Fatherhood","Waves, Sea Creatures","Blue, Silver","Sea, Fatherhood",,,,,Manannan Mac Lir
Sara,Logone River,Anthropomorphism,Sacred river with spiritual significance,Sara homeland,Other,Sacred and Flowing,"Spiritual cleansing, life",River,Varied,"Spiritual connection, life flow",,,,,
Norse,Loki,God,Trickster god,Asgard,Male,"Tricky and cunning,",Trickery and mischief,"Serpent, fire","Red, orange","Trickery, transformation,",Married,Laufey,Laufey,"Sif, Jarnsaxa","Many, including Fenrir, Jormungandr"
Vietnamese,Long Mạ,God,Dragon King of the Rain,Rain Clouds,Male,Benevolent and Fertile,"Rain, Fertility","Dragon, Rain Clouds",Blue,"Fertility, Rain",,,,,
Hawaiian,Lono,God,"God of fertility, agriculture, and peace",Agriculture,Male,Nurturing and Peaceful,"Agriculture, peace",Fertility symbols,Green,"Fertility, peace, abundance",,,,,Various agricultural beings
Finnish,Louhi,Anthropomorphism,Witch,Pohjola,Female,Villain,"Sorcery, Control",North Wind,Black,Power,,,,,
Luba,Lu,God,Sun God,Luba Kingdom,Male,God,"Sun, Light",Sun Disk,Gold,"Sun, Light",,,,,
Celtic,Lugh,God,God of light and arts,Magical realm,Male,Light and arts,Death and judgment,"Sword, cauldron","Green, brown","Death, judgment",Married,Anu,Dagda,"The Dagda, Danu","Many, including Oenghus"
Celtic ,Lugh,God,"God of light, associated with arts and crafts",Europe,Male,Deity,"Light, Arts, Crafts","Spear, Wheel",Gold,"Light, Creativity, Skills",-,Ethniu,Cian,-,Various deities
Fijian,Lutunasobasoba,God,"God of the arts, culture, and creativity",Culture,Male,Creative and Artistic,"Arts, culture, creativity",Various arts,Various,"Artistic expression, creativity",,,,,Various artistic beings
Caribbean,Lwa of the Windward,God,Collective Spirits of the Windward,Caribbean Islands,Other,Elemental Spirits,"Wind, Weather, Elemental Forces","Wind, Clouds, Elemental Symbols",Various,"Elemental Forces, Nature Connection",,,,,
Hopi,Maasaw,God,Earth God and Guardian of the Underworld,Hopi Reservation,Male,Underworld Deity,"Underworld, Death, Keeper of the Dead",Underground Symbols,"Black, Brown","Connection with the Underworld, Respect for Death",,,,,
Egyptian,Ma'at,God,Goddess of Truth and Justice,Egypt,Female,Just and Balanced,"Truth, justice",Feather of Ma'at,White,"Truth, justice, balance",,,,,
Scottish/Irish,Macha,God,Goddess of War and Sovereignty,Ireland,Female,Warlike and Regal,"War, Sovereignty","Horses, Crow","Red, Black","War, Sovereignty",,Ernmas,,,
Sami,Maderakka,God,Earth Goddess,Sami Lands,Female,Nurturing and Fertile,"Earth, Fertility","Earth, Grain","Green, Brown","Fertility, Nature",,,,,"Many, including plant spirits"
Laotian,Mae Tuptim,God,Goddess of Fertility and Rain,Nature,Female,Fertile and Nurturing,"Fertility, Rain","Rain, Fruits",Green,"Fertility, Nourishment",,,,,
Egyptian,Mafdet,God,Cat Goddess,Egypt,Female,Goddess,"Justice, Execution",Cat,,Justice,,,,,
Buddhist,Mahakala,God,Protector Deity,Various,Male,Wrathful Protector,"Protection, Dharma Defense","Skull Cup, Trishula",Black,"Protection, Wisdom",,,,,
Cheyenne,Ma'heo'o,God,Creator,Cheyenne Nation,Other,Deity,Creation,Thunderbird,,Creator,,,,,
Hawaiian,Mahuiki,God,Fire Goddess,Hawaii,Female,Goddess,Fire,Fire,Red,Fire,,,,,
Albanian,Mallkoj,Spirit,Guardian Spirit,Albanian Regions,Other,Spirit,"Guardian, Blessings","Eye, Hand",,"Guardian, Blessings",,,,,
Caribbean,Mama Glo,Spirit,Earth Mother and Fertility Spirit,Haiti,Female,Fertility Goddess,"Fertility, Agriculture, Nurturing","Earth, Plants, Maternal Figure","Brown, Green","Fertility, Nurturing",,,,,
Quechua,Mama Killa,God,Goddess of the Moon,Andean Region,Female,Lunar Deity,"Moon, Night, Fertility","Crescent Moon, Silver Disk",Silver,"Fertility, Femininity",,Pachamama,Inti,,
Inca,Mama Ocllo,God,Fertility,Andes,Female,Goddess,Fertility,,,Fertility,,,,,
Inca,Mama Quilla,God,Creator god,Koricancha (Golden Temple),Male,Earth and fertility,Earth and fertility,"Sun disk, llama","Gold, red","Earth, fertility",Married,Pachamama,Viracocha,Pachamama,"Many, including Manco Capac, Mama Ocllo"
Vodou,Maman Brigitte,God,Guardian of the Cemetery,"Haiti, New Orleans",Female,"Guardian of Graves, Ghede Queen","Death, Afterlife, Ancestors","Cross, Rum, Peppers","Black, Purple","Death, Afterlife",,Bondye,Baron Samedi,,"Many, including Ghede"
Sumerian,Mami,God,Mother,Sumer,Female,Goddess,Mother,,,Mother,,,,,
Caribbean,Mami Wata,Spirit,Water Spirit and Mermaid Goddess,"West Africa, Caribbean",Female,"Water Spirit, Seductress","Water, Prosperity, Fertility","Mermaid, Serpent","Blue, Green","Prosperity, Fertility",,,,,
Celtic,Manannan Mac Lir,God,God of the Sea and Otherworld,Isle of Man,Male,"Mysterious and Otherworldly, radiant and kind","Sea, Otherworld","Waves, Cloak","Blue, Silver","Otherworld, Sea",,,Lir,,Niamh
Arab,Manat,God,Goddess of Fate and Time,Arabian Peninsula,Female,Wise and Fateful,"Fate, Time, Destiny",Crescent Moon,Black,"Destiny, Time",,,,,
Mandean,Manda d Hiia,Spirit,Knowledge and Wisdom,Mandaean,Male,"Knowledge, Wisdom",Enlightenment,"Scroll, Lamp",White,"Knowledge, Enlightenment",,"Ptahil, Ruha",,,
Algonquin,Manitou,Spirit,Spiritual Force and Essence of Life,Algonquian Tribes,Other,Spiritual Essence,"Spiritual Power, Life Force","Nature Symbols, Sacred Icons",Various,"Connection with the Sacred, Life Force",,,,,
Buddhist,Manjushri,God,Bodhisattva of Wisdom,Cosmic,Male,Wisdom Incarnate,"Wisdom, Intelligence","Sword, Book",Blue,"Wisdom, Intelligence",,,,,
Mesopotamian,Marduk,God,God of wisdom and water,Sky,Male,"Wise and watery,",Wisdom and water,"Willow, moon,","White, yellow","Wisdom, water",Married,Ki,An,Xi Wangmu,"Many, including Guanyin,"
Assyrian,Marduk,God,Chief God of Babylon,Babylonia,Male,Supreme Deity of Babylon,"Babylon, Creation, Victory","Dragon, Spade","Blue, Gold","Victory, Justice",Married,Damkina,Ea,Sarpanitu,"Nabu, Nergal"
Babylonian,Marduk,God,Chief god of Babylon,-,Male,Deity,"Creation, fertility","Dragon, Marduk's spade",-,"Creation, fertility",-,Ea (Enki),Damkina,Sarpanit,Various deities
Spanish,Maris,God,God of the Sea,Iberian Peninsula,Male,Powerful and Mysterious,"Sea, Power","Trident, Sea Waves","Blue, Silver","Sea, Power",,,,,
Roman,Mars,God,God of war,Mount Olympus,Male,Warrior,War and conflict,"Spear, shield","Red, gold","War, courage",Married,Juno,Jupiter,Venus,"Cupid, Harmonia"
Communist,Marx,Human,"Philosopher, Revolutionary",Global,Male,Visionary Leader,"Socialism, Class Struggle",Communist Manifesto,Red,"Socialism, Marxism, Equality",Married,Henriette Pressburg (Mother),Heinrich Marx (Father),Jenny von Westphalen,"Jenny, Laura, Eleanor"
Slavic,Marzanna,God,Goddess,Slavic,Female,Goddess,"Death, Winter",Straw Effigy,White,Goddess,,,,,
Hopi,Masauwu,God,"Guardian, God of the Dead",Hopi Mesas,Male,"he commands authority over the underworld, fire, and death","Dead, Underworld, Fire",Skeleton,,"Guardian, God of the Dead",,,,,
Wabanaki,Mateguas (Water Spirit),Spirit,Water Spirit and Guardian of Aquatic Realms,Wabanaki Confederacy,Female,Water Spirit,"Water, Aquatic Life, Healing","Water Symbols, Healing Icons",Blue,"Connection with Water, Healing",,,,,
Sami,Máttaráhkká,God,Goddess of the Bear,Sami Lands,Female,Protective and Courageous,"Bears, Protection",Bear,Brown,"Protection, Courage",,,,,"Many, including bear spirits"
Vietnamese,Mẫu Thượng Ngàn,God,Mother Goddess of the Forest and Mountains,Forests,Female,Nurturing and Protective,"Forest, Mountains","Forest Animals, Mountains",Green,"Nature, Protection",,,,,
Polynesian,Maui,God,"Hero, demigod, and trickster",Pacific Islands,Male,Clever and Mischievous,"Trickery, transformation, heroism","Fishhook, tattoos","Brown, green","Trickery, heroism",Married,Hina,Makea,"Numerous, including humans and creatures",
Polynesian,Māui,Human,Heroic figure and culture hero,"Land, Sky",Male,Clever and Adventurous,Cultural achievements,Fish hook,Various,"Perseverance, cleverness",,Papatūānuku,Rangi,,Various cultural beings
Dahomey,Mawu-Lisa,God,"Supreme deity, creator goddess",Sky,Female,Supreme Deity,"Creation, life","Sun, moon",Gold,"Creation, life",Married,,,Lisa,Oba Koso (Shango)
Vietnamese,Mazu,God,Goddess of the Sea and Protector of Sailors,Seas,Female,Compassionate and Protective,"Sea, Protection",Nautical Symbols,Blue,"Sea, Protection",,,,,
Fijian,Mbete,God,God of wind and storms,Wind,Male,Powerful and Unpredictable,"Wind, storms",Wind symbols,Various,"Power of nature, unpredictability",,,,,Various storm-related beings
Sara,Mbongo,Spirit,"Elephant spirit, symbol of strength",Sara homeland,Male,Strong and Majestic,"Strength, leadership",Elephant,Grey,"Strength, leadership",,,,,
Yazidi,Melek Mirza,Spirit,Peacock Angel,Yazidi,Male,Divine Protector,"Protection, Harmony","Peacock, Sword",Blue,"Protection, Harmony",,,,,
Yazidi,Melek Taus,God,"Peacock Angel, Chief Deity",Yazidi,Male,"Wisdom, Protection","Peacock, Cosmic Order","Peacock, Sun Disk",Blue,"Wisdom, Protection",,,,,
Phoenician,Melqart,God,God of City,Phoenician Regions,Male,God,"City, Protector","Lion, Club",Red,"City, Protector",,,,,
French,Melusine,God,Water Nymph and Sorceress,French Region,Female,Enchantress,"Water, Transformation",Water Symbols,Blue,Transformation,,,,,
Chinese,Meng Po,God,Lady of Forgetfulness,Underworld,Female,Gentle and Forgetful,"Forgetfulness, Reincarnation",Bowl of Forgetfulness,Gray,"Forgetfulness, Reincarnation",,,,,
Xavante,Mẽnhẽ,God,Goddess of the Moon,Xavante Territory,Female,Lunar Deity,"Moon, Night, Fertility","Crescent Moon, Night Symbols",Silver,"Fertility, Femininity",,,,,
Etruscan,Menrva,God,"Goddess of wisdom, arts, and war",Sky,Female,Wise and Skilled,"Wisdom, arts, war","Owl, helmet, spear","Gold, blue","Wisdom, arts, courage",,Uni,Tinia,,"Many, including Hercle"
Roman,Mercury,God,Messenger god,Mount Olympus,Male,Messenger,"Communication,","Caduceus,","Multi-colored,","Communication, wit",Married,Maia,"Jupiter,","Venus, Maia","Hermes, Perseus"
Jewish,Metatron,Spirit,Angelic Scribe,Heaven,Male,Messenger and Recorder,"Communication, Recording, Divine Secrets","Scrolls, Wings",Gold,"Revelation, Communication",,,,,
Aztec,Mictlantecuhtli,God,God of the Dead,Mesoamerica,Male,Lord of the Underworld,"Death, Afterlife","Skull Face, Skeleton Body","Black, White","Death, Afterlife",,Coatlicue (Mother),,,
Toltec,Mictlantecuhtli,God,God of the Dead,Mesoamerica,Male,Lord of the Underworld,"Death, Afterlife","Skull Face, Skeleton Body","Black, White","Death, Afterlife",,,,,
Finnish,Mielikki,God,Forest Queen,Finland,Female,Goddess,Forest,Deer,Green,Forest Queen,,,,,
Armenian,Mihr,God,God of the Sun,Armenian Regions,Male,God,"Sun, Light",Solar Disk,Gold,"Sun, Light",,,,,
Norse,Mimir,Spirit,Wisdom Keeper and Guardian of the Well of Wisdom,Asgard,Male,Wise and Knowledgeable,"Wisdom, Knowledge","Well, Head","Blue, Grey","Wisdom, Knowledge",,Not mentioned,Not mentioned,,
Roman,Minerva,God,Goddess of Wisdom and War,Rome,Female,Wise and Strategist,"Wisdom, war",Owl,Blue,"Wisdom, war",,Jupiter,Metis,,
Persian,Mithra,God,God of Sun and Contracts,Persian,Male,Sun God,"Sun, Contracts","Sun, Bull",Red,"Sun, Contracts",,Anahita,Ahura Mazda,,
Zoroastrian,Mithra,God,God of the sun,-,Male,Deity,"Sun, light, contracts",-,-,"Sun, light, contracts",-,-,-,-,Various deities
Slavic,Mokosh,God,Goddess of Earth and Fertility,Earth,Female,Nurturing and Abundant,"Agriculture, fertility","Sheaf of wheat, plough","Green, brown","Fertility, abundance",,Mati Syra Zemlya,Rod,,"Many, including Yarilo"
Croatian,Morana,God,Goddess of Winter and Death,Croatia,Female,Enigmatic and Stern,"Winter, death",Snowflake,Dark Blue,"Transformation, cycles",,,,,
Slavic,Morana,God,Goddess of Winter,Slavic Regions,Female,Goddess,"Winter, Death, Psychopomp","Snowflakes, Scythe",White,"Winter, Death",,,,,
Slavic,Morozko,God,Frosty winter deity,Winter,Male,Stern and Frosty,"Winter, frost, cold","Frosty figure, ice staff","White, blue","Winter, endurance",,Mother (varies),Father (varies),,
Celtic,Morrigan,God,Goddess of War and Fate,Celtic Lands,Female,War Goddess,"War, Fate, Sovereignty","Crow, Spear",Red,"War, Fate, Sovereignty",Married,Ernmas,The Dagda,The Dagda,Various Deities
Arab,Moses,Human,"Prophet, Lawgiver","Egypt, Sinai Peninsula",Male,"Leader, Lawgiver","Exodus, Ten Commandments","Burning Bush, Staff",,"Justice, Freedom",Married,Jochebed,Amram,Zipporah,"Gershom, Eliezer"
Ugaritic,Mot,God,God of Death,Ugaritic Regions,Male,God,"Death, Underworld","Death, Scythe",Black,"Death, Underworld",,,,,
Canaanite,Mot,God,God of death,-,Male,Deity,"Death, underworld",-,-,Death and the underworld,-,-,-,-,-
Sara,Moundang,Spirit,Ancestor spirits and protectors,Sara homeland,Other,Protective and Guiding,Ancestral guidance,Ancestral,Varied,Ancestral connection,,,,,
Arab,Muhammad,Human,Prophet,Arabian Peninsula,Male,Seal of the Prophets,"Monotheism, Quran","Crescent Moon, Quran",Green,"Compassion, Submission",Married,Amina,Abdullah,Khadija,"Fatimah, Ali"
Sumerian,Mummu,God,Chaos,Sumer,Male,God,Chaos,,,Chaos,,,,,
Egyptian,Mut,God,Mother Goddess,Egypt,Female,Goddess,"Motherhood, Royalty",Vulture,Blue,Motherhood,,Nut,Geb,,"Khonsu, Astarte"
Spanish,Nabia,God,Goddess of Waters and Healing,Lusitania,Female,Healing and Nurturing,"Waters, Healing","Water Basin, Healing Herbs","Blue, Green","Waters, Healing",,,,,
Assyrian,Nabu,God,God of Wisdom and Writing,Assyria,Male,God of Wisdom and Knowledge,"Wisdom, Writing, Scribes","Tablet, Reed Pen",Blue,"Wisdom, Knowledge",,Sarpanitu,Marduk,,
Fijian,Nakini,God,Goddess of fire and volcanoes,Volcanoes,Female,Passionate and Destructive,"Fire, volcanoes",Flames,Red,"Transformation, destruction",,,,,Various volcanic beings
Hawaiian,Namaka,God,Goddess of the sea and sea creatures,"Oceans, Seas",Female,Fierce and Protective,"Sea, sea creatures",Shells,Blue,Protection of the sea,,,,,Various sea beings
Sumerian,Nammu,God,Primeval Sea,Sumer,Female,Goddess,Primeval Sea,,,Primeval Sea,,,,,
Ojibwe,Nanabozho,Human,Trickster Hero and Teacher of Wisdom,Ojibwe Nation,Male,Trickster Hero,"Trickery, Wisdom, Creator of Life","Trickster Symbols, Sacred Icons",Various,"Wisdom, Humor, Creation",,Sky Woman,,,Various (Including Animals and Humans)
Armenian,Nane,God,Mother Goddess,Armenian Regions,Female,Goddess,"Motherhood, Fertility","Moon, Stars",,"Motherhood, Fertility",,,,,
Laotian,Nang Khotmok,God,Goddess of the Moon,Moon,Female,Serene and Mysterious,"Moon, Night","Crescent Moon, Stars",Silver,"Serenity, Mystery",,,,,
Laotian,Nang Tani,Spirit,Spirit of the Banana Tree,Nature,Female,Protective and Graceful,"Banana Trees, Nature",Banana Leaves,Green,"Protection, Grace",,,,,
Laotian,Nang Thorani,God,Goddess of the Earth,Earth,Female,Nurturing and Abundant,"Earth, Agriculture","Earth, Plants",Brown,"Fertility, Abundance",,,,,
Fijian,Nangkato,God,Goddess of healing and medicinal plants,Nature,Female,Nurturing and Healing,"Healing, medicinal plants",Plant symbols,Green,"Health, well-being",,,,,Various healing beings
Sumerian,Nanna,God,God of the Moon,Sumer,Male,"Moon God, Illuminating","Moon, Light",Crescent Moon,Silver,"Illumination, Cycles",,Ningal,Enlil,,Utu
Sumerian,Nanna (Sin),God,God of the moon,-,Male,Deity,Moon,Crescent moon,-,Moon,-,Anu,Enlil,Ningal,Various deities
Inuit,Nanook,God,God of Bears and Hunting,Arctic Regions,Male,Fierce and Mighty,"Bears, Hunting",Polar Bear,White,"Hunting Skills, Strength",,,,,"Many, including bear spirits"
Celtic,Nantosuelta,God,Gaulish Goddess of Nature,Celtic,Female,Nature Goddess,"Nature, Healing","Cornucopia, Sickle",Green,"Nature, Healing",,,,,Sucellus
Fijian,Navuavu,God,God of navigation and seafaring,Oceans,Male,Skilled and Protective,"Navigation, seafaring",Boat symbols,Blue,"Safe travels, protection at sea",,,,,Various sea beings
Fijian,Ndengi,God,God of the forest and wild animals,Forests,Male,Protective and Wild,"Forests, wild animals",Tree symbols,Green,"Nature, protection of wildlife",,,,,Various forest beings
Cambodian,Neak Ta,Spirit,Local Guardian Spirits,Specific Locations,Other,Protective and Benevolent,"Local Area, Protection","Offerings, Statues",Varies,Local Protection,,,,,
Cambodian,Neak Ta Pring,God,God of the Mountains,Mountains,Male,Strong and Protective,"Mountains, Protection","Mountain Peaks, Sword",Brown,"Strength, Protection",,,,,
Cambodian,Neang Kongheng,God,Goddess of Music and Dance,Arts and Culture,Female,Artistic and Joyful,"Music, Dance",Musical Instruments,Gold,"Art, Joy",,,,,
Cambodian,Neang Neak,God,"Water Nymph, Guardian of Water and Rivers","Water, Rivers",Female,Graceful and Protective,"Water, Rivers, Nature","Water Lily, Flowing Robes",Blue,"Water, Nature",,,,,
Cambodian,Neang Neak Borei,God,Goddess of Lightning and Thunder,Skies,Female,Powerful and Dynamic,"Lightning, Thunder","Thunderbolt, Clouds",Blue,"Power, Protection",,,,,
Cambodian,Neang Pov,God,Goddess of Rice and Agriculture,Fields,Female,Nurturing and Abundant,"Agriculture, Fertility","Rice, Harvest Tools",Green,"Agriculture, Fertility",,,,,
Cambodian,Neang Preah,God,Goddess of Love and Compassion,Love,Female,Compassionate and Loving,"Love, Compassion","Lotus Flower, Heart",Pink,"Love, Compassion",,,,,
Cambodian,Neang Sovatha,God,Goddess of Wisdom and Knowledge,Wisdom,Female,Wise and Intelligent,"Wisdom, Knowledge","Scrolls, Owl",Blue,"Wisdom, Learning",,,,,
Egyptian,Nehebkau,God,Snake Deity,Egypt,Other,Deity,Protection,Two-headed Snake,,Protection,,,,,
Egyptian,Neith,God,War Goddess,Egypt,Female,Goddess,War,"Bow, Arrow",Red,War,,,,,
Greek,Nemesis,God,Goddess of Retribution,Mount Olympus,Female,Just and Unyielding,Retribution,"Scales, whip",Indigo,"Retribution, justice, balance",,Nyx,Erebus,,
Egyptian,Nephthys,God,Funerary Goddess,Egypt,Female,Goddess,"Mourning, Death",Funerary Symbols,Black,Mourning,,Nut,Geb,,"Anubis, Astarte"
Roman,Neptune,God,God of the Sea and Water,Rome,Male,Mighty and Oceanic,"Sea, water",Trident,Deep Blue,"Ocean, water",Married,Saturn,Ops,Salacia,Triton
Assyrian,Nergal,God,God of War and the Underworld,Assyria,Male,God of War and Death,"War, Death, Underworld","Lion, Weapon, Flame","Red, Black","Courage, Death",Married,Enlil,Ninlil,Ereshkigal,Namtar
Sumerian,Nergal,God,God of the Underworld,Sumer,Male,"Underworld God, Death","Underworld, Death","Lion, Underworld Gate","Red, Black","Death, Underworld",Married,,Enlil,Ereshkigal,
Germanic,Nerthus,God,Germanic Earth Goddess,Germanic,Female,Earth Goddess,"Earth, Fertility","Wagon, Boar",Green,"Earth, Fertility",,,,,
Taoist,Nezha,God,Deity of protection and courage,,Male,Courageous and Loyal,"Protection, courage","Fire-tipped spear, magic sash","Red, gold","Protection, courage",,Lady Yin,Li Jing,,
Chinese,Nezha,God,God of Protection and Triumph,Earth,Male,Courageous and Fearless,"Protection, Triumph","Fire Wheels, Spear",Red,"Courage, Victory",,Li Jing (Father),Lady Yin (Mother),,
Sara,Ngaoundéré,Anthropomorphism,Sacred city and spiritual center,Sara homeland,Other,Holy and Sacred,"Spiritual pilgrimage, trade",Shrine,Varied,"Spiritual center, pilgrimage",,,,,
Aboriginal,Ngariman,God,"Moon god, associated with cycles of the moon",Sky,Male,Regulator of Lunar Cycles,"Moon, time",Moon,White,"Time, cycles",,,,,Various moon-related beings
Sara,Ngondo,Spirit,Rain spirit and bringer of life,Sara homeland,Other,Life-giving and Refreshing,"Rain, agricultural abundance",Raindrops,Blue,"Life, abundance",,,,,
Guaraní,Nhanderuvuçu,Spirit,Great Spirit and Creator of All Things,Guaraní Region,Male,Supreme Creator,"Creation, Life, Natural Order",Celestial Symbols,Various,"Harmony with Nature, Creation",,,,,
Celtic,Niamh,Human,"Otherworldly Woman, Lover of Oisin",Tir na nOg,Female,Enchanting and Eternal,"Otherworld, Eternal Love","Golden Hair, Swans","Gold, White","Otherworld, Eternal Love",Married,,Manannan Mac Lir,Oisin,"Oscar, Plor na mBan, and others"
Sumerian,Nidaba,God,"Goddess of writing, learning",-,Female,Deity,"Writing, learning","Grain, stylus",-,"Writing, learning",-,Enki,Nisaba (Nidaba),-,Various deities
Sumerian,Nidaba,God,"Goddess of writing, learning",-,Female,Deity,"Writing, learning","Grain, stylus",-,"Writing, learning",-,Enki,Nisaba,-,Various deities
Cheyenne,Nih'oke,Spirit,Spirit,Cheyenne Nation,Other,Spirit,Nature,,,Spirit,,,,,
Greek,Nike,God,Goddess of Victory,Mount Olympus,Female,Triumphant and Competitive,Victory,Wings,White,"Victory, success, competition",,Pallas,,,
Nez Perce,Nimi'ipuu,Spirit,Spirit,Nez Perce Region,Other,Spirit,Nature,,,Spirit,,,,,
Sumerian,Ninazu,God,God of the Underworld,Sumer,Male,"Underworld God, Healing","Underworld, Healing","Serpent, Healing Rod","Black, Green","Healing, Underworld",,Ninhursag,Enki,,
Sumerian,Ningal,God,Goddess of Reeds and Marshes,Sumer,Female,"Reeds, Marshes","Nature, Wetlands",Reed Bundle,Green,"Nature, Wetlands",Married,Ninhursag,Enki,Nanna,
Sumerian,Ningishzida,God,"God of the underworld, vegetation",-,Male,Deity,"Underworld, vegetation",Serpent,-,"Underworld, vegetation",-,-,-,-,Various deities
Sumerian,Ninhursag,God,"Mother Goddess, Lady of the Mountains",Sumer,Female,"Nurturing, Healing","Nature, Healing",Lush Vegetation,Green,"Nurturing, Healing",Married,,"An, Enki",Enki,"Enbilulu, Ninazu, Nisaba"
Sumerian,Ninhursag,God,"Mother goddess, associated with fertility",-,Female,Deity,"Fertility, nature",-,-,"Fertility, Nature",-,"Lahmu, Lahamu","Anu, Anshar",Enki,Various deities
Sumerian,Ninisina,God,Healing,Sumer,Female,Goddess,Healing,,,Healing,,,,,
Sumerian,Ninkasi,God,Goddess of beer and brewing,-,Female,Deity,"Beer, brewing",-,-,"Beer, brewing",-,Enki,Nisaba (Nidaba),-,Various deities
Assyrian,Ninlil,God,Goddess of the Air,Assyria,Female,Air Goddess,"Air, Wind, Agriculture","Grain, Cloud",Blue,"Fertility, Agriculture",Married,Ki,An,Enlil,"Many, including Ninurta"
Sumerian,Ninlil,God,Goddess of the Air,Sumer,Female,"Air Goddess, Wind","Air, Wind","Grain Sheaf, Wind","Blue, White","Air, Wind, Fertility",,,An,,"Ninurta, Nanna, Enlil, Inanna"
Sumerian,Ninmah,God,Creation,Sumer,Female,Goddess,Creation,,,Creation,,,,,
Sumerian,Ninsar,God,Vegetation,Sumer,Female,Goddess,Vegetation,,,Vegetation,,,,,
Sumerian,Ninsikil,God,Beer,Sumer,Female,Goddess,Beer,,,Beer,,,,,
Sumerian,Ninsubur,God,Messenger,Sumer,Female,Goddess,Messenger,,,Messenger,,,,,
Sumerian,Ninti,God,Rib,Sumer,Female,Goddess,"Healing, Rib",,,Rib,,,,,
Sumerian,Nintu,God,Birth,Sumer,Female,Goddess,Birth,,,Birth,,,,,
Assyrian,Ninurta,God,God of Agriculture and War,Assyria,Male,Warrior and Farmer,"Agriculture, War, Healing","Eagle, Plow, Bow and Arrows","Blue, Green","Agriculture, Victory",Married,Ishtar,Enlil,Bau,"Many, including Ninurta-banda"
Sumerian,Ninurta,God,God of Agriculture and War,Sumer,Male,"Warrior, Farmer","Agriculture, War","Winged Disc, Plow",Black,"Agriculture, Bravery, Victory",,Ninhursag,Enlil,,Various deities
Sumerian,Nisaba,God,Goddess of Grain and Writing,Sumer,Female,"Grain Goddess, Scribe","Grain, Writing","Grain Sheaf, Writing",Gold,"Grain, Writing, Knowledge",,Ninhursag,Enki,,
Norse,Njord,God,God of the Sea and Seafaring,Asgard,Male,Calm and Seafaring,"Sea, Seafaring","Ship, Sea Creatures","Blue, Gold","Seafaring, Prosperity",Married,,Not mentioned,Skadi,Freyr and Freyja
Icelandic,Njörðr,God,God of the Sea and Seafaring,Iceland,Male,Seafaring Deity,"Sea, Seafaring, Wealth","Ships, Sea",Gold,"Seafaring, Wealth",,,,,"Freyja, Freyr"
Sara,Nkasa,Spirit,"Crocodile spirit, guardian of rivers",Sara homeland,Female,Patient and Tenacious,"River protection, patience",Crocodile,Green,"River protection, patience",,,,,
Sara,Nkiro,Spirit,"Python spirit, symbol of transformation",Sara homeland,Female,Wise and Transformative,"Wisdom, change",Python,Brown,"Wisdom, adaptability",,,,,
Ojibwe,Nokomis,Spirit,Earth Spirit,Ojibwe Regions,Female,Spirit,"Earth, Motherhood","Earth, Corn",,Motherhood,,,,,
Zulu,Nomkhubulwane,God,"Goddess of rain, agriculture, and fertility",Earth,Female,Nurturing and Abundant,"Rain, agriculture, fertility","Grain, raindrops","Green, brown","Fertility, abundance",,,,,
Sardinian,Noraia,God,Goddess of the Sea,Sardinia,Female,Maritime and Protective,"Sea, protection",Waves,Blue,"Maritime activities, protection",,,,,
Norse,Norns,Spirit,Fates who Weave the Threads of Destiny,Norns' Well,Female,Enigmatic and Inevitable,"Destiny, Fate","Thread, Well",Grey,"Destiny, Inevitability",,Not specified,Not specified,,
Cheyenne,Notanevona,Spirit,Spirit,Cheyenne Nation,Other,Spirit,Nature,,,Spirit,,,,,
Scottish/Irish,Nuada Silverhand,God,King of the Tuatha De Danann,Ireland,Male,Regal and Skilled in Combat,"Leadership, Combat","Silver Arm, Sword",Silver,"Leadership, Combat",,,,,
Mixtec,Ñuhuè,God,Goddess of Water,Mesoamerica,Female,Water and Aquatic Life,"Water, Rivers",Water Symbols,Blue,"Water, Life",,,,,
Inuit,Nuliajuk,God,Sea Goddess and Mother of Sea Mammals,Arctic Regions,Female,Nurturing and Protective,"Sea, Sea Mammals","Sea, Whale","Blue, White","Sea Life, Motherhood",,,,,"Many, including sea mammal spirits"
Nenets,Num,God,"Creator God, Source of All Life",Nenets Region,Other,Benevolent and Creative,"Creation, Life","Sun, Reindeer",Gold,"Creativity, Life",,,,,"Many, including lesser deities"
Spanish,Numantia,God,Goddess of the City of Numantia,Numantia (Spain),Female,Protective and Resilient,"City, Protection","City Walls, Shield","Brown, Gold","City, Protection",,,,,
Spanish,Numinos,God,God of the Sacred,Iberian Peninsula,Male,Sacred and Divine,"Sacred, Divine",Sacred Symbols,"White, Gold","Sacred, Divine",,,,,
Nenets,Num-Koyan,God,Goddess of Fire,Nenets Region,Female,Transformative and Cleansing,"Fire, Purification","Flames, Torch","Red, Orange","Transformation, Cleansing",,,,,"Many, including hearth spirits"
Siberian,Num-Torum,God,"Creator God, Master of All Spirits",Siberia,Male,Wise and Benevolent,"Creation, Spirituality","Solar Disc, Eagle",Gold,"Wisdom, Spirituality",,,,,"Many, including Ak Ana"
Turkish,Num-Torum's Sons,Human,Heroes,Turkic Regions,Male,Heroes,Heroism,Weapons,,Heroism,,,,,
Nenets,Num-Toyon,God,God of the Sun and Day,Nenets Region,Male,Radiant and Warm-hearted,"Sun, Day","Sun, Deer Antlers",Gold,"Light, Warmth",,,,,"Many, including lesser deities"
Nenets,Num-Urka,God,God of the Earth and Nature,Nenets Region,Male,Grounded and Protective,"Earth, Nature","Mountain, Tree","Brown, Green","Grounding, Nature",,,,,"Many, including nature spirits"
Egyptian,Nun,God,Primordial deity of the primordial waters,Egypt,Other,Watery Abyss,"Primordial Waters, Chaos","Water, Infinite Expanse",Blue,"Primordial Waters, Chaos, Potential",,,,,Various Primordial Beings
Sardinian,Nur,God,Earth and Fertility Goddess,Sardinia,Female,Fertile and Life-Giving,"Earth, fertility",Grain,Brown,"Fertility, abundance",,,,,
Ainu,Nusa Kamuy,God,the community-founding kamuy,Ainu,Male,Deity,he represents the dead and serves as a messenger to the other kamuy,,,the community-founding kamuy,,,,,
Sumerian,Nuska,God,Fire,Sumer,Male,God,Fire,,,Fire,,,,,
Sumerian,Nusku,God,God of fire and light,-,Male,Deity,"Fire, light","Fire, Lamp",-,"Fire, light",-,Anu,Ki (Ninhursag),-,Various deities
Egyptian,Nut,God,Sky Goddess,Egypt,Female,Goddess,"Sky, Stars","Starry Sky, Cow",Blue,Infinity,,Tefnut,Shu,,"Osiris, Isis, Seth"
Ainu,Nutune Kamuy,God,Sea,Ainu,Male,Deity,Sea,,,Sea,,,,,
Chinese,Nuwa,God,Creator Goddess,China,Female,Creator of Humans,"Creation, Humanity, Balance","Serpent Tail, Palettes",Multicolor,"Creation, Balance, Harmony",Married,,,Fuxi,Humanity
Chinese,Nüwa,God,"Creator Goddess, Shaper of Humanity",Earth,Female,Creative and Caring,"Creation, Humanity","Serpent, Clay Figurines",Multicolored,"Creativity, Caring",,,,,Humanity
Indonesian,Nyai Roro Kidul,God,"Queen of the Southern Sea, Goddess of the Underworld",Indian Ocean,Female,Mysterious and Powerful,"Sea, Underworld","Ocean, Green Color",Green,"Mystery, Sea",,,,,
Akan,Nyame,God,"Sky god, Supreme God",Sky,Male,Supreme Deity,"Creation, life","Sun, moon",Gold,"Creation, life",,,,,Onyankapon 
Nenets,Nyrylgyn,God,God of Dreams and Visions,Nenets Region,Male,Mysterious and Inspirational,"Dreams, Visions","Moon, Star","Silver, Blue","Imagination, Inspiration",,,,,"Many, including dream spirits"
Sao,Oba,God,Goddess of rivers and wealth,Rivers,Female,Wealthy and Benevolent,"Rivers, wealth",River current,Blue,"Wealth, prosperity, river blessings",,Yemoja,Olokun,,Various river and wealth deities
Sao,Obatala,God,"God of wisdom, purity, and creation",Sky,Male,Wise and Pure,"Wisdom, purity, creation",Ivory staff,White,"Wisdom, purity, creative expression",,Olodumare,,,Various wisdom and creation deities
Yoruba,Obatala,God,God of Wisdom and Purity,Yoruba lands,Male,"Wise, Pure","Wisdom, Peace",White Cloth,White,"Wisdom, Peace",,Yemoja,Olorun,,Orunmila
Yoruba,Ochosi,God,God of Hunting and Justice,Yoruba lands,Male,"Hunter, Just","Hunting, Justice",Bow and Arrow,"Blue, Yellow","Hunting, Justice",Married,Yemoja,Olorun,Oshun,Orunmila
Yoruba,Ochun,God,Goddess of Rivers and Love,Yoruba lands,Female,"Sweet, Compassionate","Rivers, Love","Rivers, Mirror",Yellow,"Love, Compassion",Married,Yemoja,Olorun,Shango,"Oya, Ogun"
Sao,Ode,God,"God of hunting, wilderness, and abundance",Forests,Male,Wild and Abundant,"Hunting, wilderness, abundance",Bow and arrow,Green,"Hunting skills, abundance, nature",,Olodumare,,,Various hunting and wilderness deities
Norse,Odin,God,"Allfather, God of Wisdom and War",Asgard,Male,All-fatherly,Wisdom and creation,"Gungnir (spear), wolves","Blue, silver","Wisdom, creation",Married,Bestla,Borr,"Frigg, many others","Many, including Thor, Loki"
Vodou,Ogun,God,God of War and Iron,"Haiti, New Orleans",Male,"Warrior, Smith, Protector","War, Iron, Labor","Machete, Sword, Anvil","Red, Blue","Warrior Code, Labor",Married,Bondye,,Erzulie Freda,"Many, including Ghede"
Sao,Ogun,God,"God of iron, war, and labor",Earth,Male,Courageous and Industrious,"Iron, war, labor",Machete,Iron Gray,"Strength, labor, protection",,Olodumare,,,Various iron and war deities
Caribbean,Ogun,Spirit,Warrior Spirit,"Haiti, Cuba, Trinidad",Male,"Warrior, Blacksmith","War, Iron, Labor","Machete, Anvil","Iron, Black","Strength, Hard Work",,,,,
Yoruba,Ogun,God,God of Iron and War,Yoruba lands,Male,"Warrior, Smith","War, Iron",Iron Tools,Iron Gray,"Courage, Strength",Married,Yemoja,Olorun,Oshun,Shango
Scottish/Irish,Oisin,Human,"Poet and Warrior, Son of Fionn Mac Cumhaill",Ireland,Male,Poetic and Skilled in Combat,"Poetry, Combat","Harp, Sword","Green, Blue","Poetry, Combat",Married,Sadb,Fionn Mac Cumhaill,Niamh,
Powhatan,Okeus,God,Supreme Being and Source of All Existence,Powhatan Confederacy,Male,Supreme Being,"Creation, Existence, Universal Power",Cosmic Symbols,Cosmic Colors,"Existence, Universal Power",,,,,
Powhatan,Okeusuwah (Evening Star),Spirit,Evening Star Spirit and Guardian of Night,Powhatan Confederacy,Female,Evening Star Spirit,"Evening Star, Night, Comfort",Celestial Symbols,Black,"Night, Comfort",,,,,
Ainu,Okikurumi,God,Creator God,Ainu Regions,Male,God,Creation,"Mountains, Sea",,Creation,,,,,
Yoruba,Olabayi,God,Sky God,Yoruba Regions,Male,God,"Sky, Weather","Sky, Thunder",Blue,"Sky, Weather",,,,,
Nez Perce,Old Man Coyote,Spirit,Trickster,Nez Perce Region,Male,Spirit,Trickery,Coyote,,Humor,,,,,
Sao,Olodumare,God,"Supreme deity, creator of the universe",Cosmos,Other,Wise and Transcendent,"Creation, order",Solar disk,Gold,"Creation, order, cosmic balance",,,,,All beings and aspects of existence
Dahomey,Olokun,God,Goddess of the sea and wealth,Sea,Female,Wealthy and Mysterious,"Sea, wealth","Fish, pearls",Blue,"Wealth, mystery",,,,,
Sao,Olokun,God,Goddess of the sea and wealth,Oceans,Female,Enigmatic and Wealthy,"Sea, wealth",Conch shell,Blue,"Wealth, abundance, oceanic mysteries",,Olodumare,,,Various sea and wealth deities
Yoruba,Olorun,God,Supreme Deity,Yoruba cosmology,Male,"Creator, Source","Creation, Order","Sun, Light",Gold,"Creation, Cosmic Order",,,,,
Maasai,Oltaiyoni,Spirit,Spirit of the Mountain,Maasai Regions,Other,Spirit,"Mountain, Guardian",Mountain Symbols,,"Mountain, Guardian",,,,,
Yanomami,Omama,God,Sky Goddess and Mother of Humans,Amazon Rainforest,Female,Maternal Sky Deity,"Sky, Humans, Fertility","Sky, Celestial Symbols",Blue,"Fertility, Life",,,,,Humans
Olmec,Ometeotl,God,Dual-Deity (Ome and Teotl),Mesoamerica,Other,Cosmic Creator,"Creation, Dualism","Dual Faces, Abstract Symbols",,"Creation, Balance",,,,,
Aztec,Ometeotl,God,Supreme deity embodying duality and unity,Mesoamerica,Other,Cosmic Duality,"Duality, Unity, Creation",Dual Faces,,"Duality, Unity, Balance, Creation",,,,,Various Deities
Iroquois,Ondonti,Spirit,Spirit,Iroquois Nations,Other,Spirit,"Nature, Water","Water, River",,"Nature, Water",,,,,
Vietnamese,Ông Tao,God,"Kitchen God, Overseer of Household",Earth,Male,Observant and Reporting,Household Affairs,"Stove, Whisk",Red,Household Harmony,,,,,
Mongolian,Ongon,Spirit,Household Spirits and Ancestral Guardians,Earth,Other,Protective and Ancestral,"Household, Ancestral Spirits",Ancestral Symbols,Varies,"Ancestral Worship, Protection",,Gazar Eej,Udgan Eej,,
Roman,Ops,God,Goddess of Plenty,Italy,Female,Abundant and Nurturing,"Abundance, harvest",Sheaf of Wheat,Green,"Abundance, harvest",,,,,
Yoruba,Ori,Spirit,Guardian Spirit,Yoruba Region,Other,Spirit,"Destiny, Inner Head",Head Symbol,,Destiny,,,,,
Tahitian,Oro,God,God of war and fertility,"War, fertility",Male,Warlike and Fertile,"War, fertility, music","War clubs, war symbols",Red,"War, fertility, music",,Sky Father,Earth Mother,,"Many, including war and fertility spirits"
Sao,Orun,Spirit,Collective term for ancestral spirits and deceased individuals,Cosmos,Other,Ancestral and Ethereal,Ancestral connections,Ancestral spirits,Varied,"Ancestral guidance, remembrance",,Olodumare,,,Various ancestral spirits
Sao,Orunmila,God,"God of wisdom, divination, and knowledge",Cosmos,Male,Wise and Knowledgeable,"Divination, wisdom",Divination tools,Green,"Wisdom, knowledge, foresight",,Olodumare,,,Various divinatory and wisdom deities
Yoruba,Orunmila,God,God of Wisdom and Divination,Yoruba lands,Male,"Wise, Knowledgeable",Divination,"Opele Chain, Iroke",Green,"Wisdom, Divination",,Yemoja,Olorun,,Orunmila
Sao,Osanyin,God,"God of herbs, healing, and mystical knowledge",Forests,Male,Wise and Healing,"Herbs, healing, mystical knowledge",Bundle of herbs,Green,"Healing, herbal knowledge, mysticism",,Olokun,Orunmila,,Various herb and healing deities
Creek,Oshito,Spirit,Sun Spirit,Creek Nation,Other,Spirit,Sun,Sun,,Sun Spirit,,,,,
Sao,Oshosi,God,"God of hunting, justice, and divination",Forests,Male,Just and Skilled,"Hunting, justice, divination",Bow and arrow,Green,"Justice, divination, hunting skills",,Olokun,Obatala,,Various hunting and justice deities
Yoruba,Oshumaré,God,Rainbow Deity,Yoruba Region,Other,Deity,Rainbow,Rainbow,,Transformation,,,,,
Sao,Oshun,God,"Goddess of love, fertility, and rivers",Rivers,Female,Sensual and Nurturing,"Love, fertility, rivers",Water jug,Yellow,"Sensuality, fertility, creativity",,Olodumare,,,Various love and river deities
Yoruba,Oshun,God,Goddess of Love and Fertility,Yoruba lands,Female,"Sweet, Sensual","Love, Fertility","Rivers, Honey",Yellow,"Love, Fertility",Married,Yemoja,Olorun,Shango,"Oya, Ogun"
Yoruba,Oshun,God,"Goddess of love, fertility, and rivers",West Africa,Female,Deity,"Love, Fertility, Rivers","Rivers, Fan",Yellow,"Love, Fertility, Wealth",-,Oduduwa,Obatala,-,Various deities
Egyptian,Osiris,God,God of the afterlife,Duat (Underworld),Male,"Resurrected and ruler of the underworld,",Death and afterlife,"Crook and flail,","Gold, yellow","Afterlife, resurrection",Married,Isis,Osiris,"Isis, Nephthys","Many, including Hapi, Kebechsenef,"
Egyptian ,Osiris,God,"God of the afterlife, associated with resurrection",Egypt,Male,Deity,"Afterlife, Resurrection",Crook and flail,Green,"Afterlife, Resurrection",-,Nut,Geb,Isis,"Horus, Anubis, Set"
Sao,Osun,God,"Goddess of love, fertility, and rivers",Rivers,Female,Loving and Fertile,"Love, fertility, rivers",Heart,Yellow,"Love, fertility, emotional well-being",,Olodumare,,,Various love and river deities
Iroquois,Owayeonh,Spirit,Spirit,Iroquois Nations,Other,Spirit,"Wind, Air",Wind,,"Wind, Air",,,,,
Sao,Oya,God,"Goddess of wind, storms, and transformation",Sky,Female,Powerful and Transformative,"Wind, storms, transformation",Tornado,Purple,"Change, transformation, vitality",,Olodumare,,,Various wind and storm deities
Yoruba,Oya,God,Goddess of Wind and Transformation,Yoruba lands,Female,"Fierce, Transformative","Wind, Change","Winds, Tornadoes",Burgundy,"Change, Transformation",Married,Yemoja,Olorun,Shango,
Inca,Pachamama,God,Sun god,Koricancha (Golden Temple),Male,Creator and life,Creation and life,"Sun disk, corn cob","Gold, black","Creation, life",Married,Viracocha,Viracocha,"Mama Quilla,","Many, including Xochiquetzal,"
Egyptian,Pakhet,God,Lioness Goddess,Egypt,Female,Goddess,"Hunting, War",Lioness,Gold,"Hunting, War",,,,,
Buddhist,Palden Lhamo,God,Guardian Goddess,Tibet,Female,Wrathful Protector,"Protection, Terrifying Aspect","Mule, Trampling Demon",Blue/Black,"Protection, Justice",,,,,
Tibetan,Palden Lhamo,God,Guardian Goddess,Tibetan Buddhism,Female,Deity,"Protection, Wrath","Mule, Blue Lotus",Blue,"Protection, Wrath",,,,,
Sicilian,Palici,God,Twin Gods of Geysers and Springs,Sicily,Male,Protective and Benevolent,"Geysers, springs","Springs, geysers",Blue,"Purification, protection",,,,,
Greek,Pan,God,God of the Wild,Greek,Male,Wild God,"Nature, Music","Goat, Pan Pipes",Brown,"Nature, Music",,,Hermes,,
Greek,Panacea,God,Goddess of Healing,Mount Olympus,Female,Healing and Soothing,"Healing, medicine",Bowl of medicine,Green,"Healing, health, wellness",,Asclepius,Epione,,
Caribbean,Papa Bois,Spirit,Nature and Forest Spirit,Trinidad and Tobago,Male,Guardian of Nature,"Forests, Wildlife, Nature Conservation","Horns, Cloak of Leaves","Green, Brown","Nature, Conservation",,,,,
Caribbean,Papa Legba,God,Gatekeeper and Loa of Crossroads,"Haiti, Vodou",Male,Guardian of Crossroads,"Communication, Opportunity, Spirituality","Old Man, Crossroads Symbol","Red, Black","Communication, Opportunity",,Bondye,Maman Brigitte,,"Many, including Ghede"
Polynesian,Papatūānuku,God,"Earth goddess, mother of all",Earth,Female,Nurturing and Protective,"Earth, nature",Earth,Brown,"Nature, motherhood",,,,,Various nature-related beings
Sumerian,Papsukkal,God,Messenger,Sumer,Male,God,Messenger,,,Messenger,,,,,
Zoroastrian,Parendi,Spirit,Spirit of victory,-,-,Deity,Victory,-,-,Victory,-,-,-,-,Various deities
Hindu,Parvati,God,Goddess of Power and Love,Mount Kailash,Female,Gentle and Fierce,"Love, Motherhood","Trishula, Lotus",Red,"Power, Love",Married,Himavan,,Shiva,"Ganesha, Kartikeya"
Powhatan,Paukunawaw,Spirit,Sun Spirit and Guardian of Day,Powhatan Confederacy,Male,Solar Spirit,"Sun, Day, Light","Sun Disk, Radiant Symbols","Yellow, Red","Light, Warmth",,,,,
Nenets,Peksegei,God,God of Thunder and Lightning,Nenets Region,Male,Powerful and Thunderous,"Thunder, Lightning","Thunderbolt, Drum","Blue, White","Power, Energy",,,,,"Many, including storm spirits"
Hawaiian,Pele,God,"Goddess of fire, volcanoes, and creator","Fire, volcanoes",Female,"Passionate and Creative, Destructive","Fire, volcanoes, creation","Fire, lava, hibiscus flower","Red, yellow","Transformation, Creativity, passion",,Haumea,Kane Milohai,Kamapua'a,"Many, including fire and lava spirits"
Baltic,Perkūnas,God,God of thunder and the sky,Sky,Male,Thunderous and Protective,"Thunder, protection, war","Axe, thunderbolts","Red, gold","Protection, war",,Saule,Dievas,,"Many, including giants and demons"
Greek,Persephone,God,Goddess of Spring and the Underworld,Underworld,Female,Compassionate and Resilient,"Spring, afterlife",Pomegranate,Green,"Renewal, transition, growth",Married,Demeter,Zeus,Hades,
Slavic,Perun,God,God of Thunder and Lightning,Sky,Male,Thunderous and Strong,"Thunder, storms","Axe, hammer","Red, white","Power, courage",,Svarog,Svarog,,"Many, including Veles"
Laotian,Phi Am,Spirit,Guardian Spirit of Places,Specific Locations,Other,Protective and Localized,Local Protection,"Offerings, Statues",Varies,Local Guardian,,,,,
Laotian,Phi Kong Koi,Spirit,House Spirit,Houses,Other,Mischievous and Protective,"Homes, Protection","Ancestral Altar, Incense",White,"Home, Protection",,,,,
Laotian,Phi Phrai,Spirit,Ghost Spirit,Spirit Realm,Other,Vengeful and Restless,"Ghostly Haunting, Revenge",Ghostly Apparition,Grey,"Restless Spirits, Vengeance",,,,,
Laotian,Phi Pop,Spirit,Spirit of the Ancestors,Ancestral Spirits,Other,Respectful and Ancestral,"Ancestral Worship, Guidance","Ancestral Altar, Offerings",White,Ancestral Connection,,,,,
Laotian,Phya Khankhaak,God,God of the Sky and Weather,Sky,Male,Powerful and Commanding,"Sky, Weather","Clouds, Lightning",Blue,"Power, Authority",,,,,
Laotian,Phya Naga,God,"Serpent Deities, Guardians of Water","Rivers, Waters",Other,Protective and Serpentine,"Water, Protection","Serpent, Water",Blue,"Protection, Water",,,,,
Mapuche,Pillán,Spirit,Spirits of Ancestors and Natural Forces,Mapuche Territory,Other,Ancestral Spirits,"Nature, Elements, Protection","Wind, Lightning, Natural Symbols",Various,Ancestral Connection,,,,,
Inuit,Pinga,God,Goddess of the Hunt and Fertility,Arctic Regions,Female,Nurturing and Skillful,"Hunting, Fertility",Bow and Arrows,"Green, Brown","Fertility, Hunting Success",,,,,"Many, including animal spirits"
Ainu,Pirka-us Kamuy,God,Marsh,Ainu,Male,Deity,Marsh,,,Marsh,,,,,
Zapotec,Pitao Cozobi,God,God of Maize and Rain,Mesoamerica,Male,Maize God and Rain God,"Maize, Rain, Agriculture",Maize Symbols,Green,"Maize, Rain, Agriculture",,,,,
Roman,Pluto,God,God of the Underworld,Rome,Male,Mysterious and Underworldly,"Underworld, wealth",Cerberus,Black,"Underworld, wealth",Married,Saturn,Ops,Proserpina,
Polynesian,Po,God,Personification of darkness,Underworld,Other,Enveloping and Mysterious,"Darkness, night",Night sky,Black,Appreciation of night,,,,,Various night-related beings
Hawaiian,Po,Spirit,Primordial darkness and chaos,Hawaii,Other,Cosmic Darkness,"Darkness, Chaos, Primordial State",,,"Darkness, Chaos, Origin",,,,,Various Cosmic Forces
Nenets,Poley,God,Goddess of the Hearth and Home,Nenets Region,Female,Domestic and Protective,"Hearth, Home","Hearth, Cooking Utensils","Red, Brown","Hearth, Home",,,,,"Many, including household spirits"
Hawaiian,Poliahu,God,Snow Goddess,Hawaii,Female,Goddess,"Snow, Ice",Snowflakes,White,Snow Goddess,,,,,
Hawaiian,Poli'ahu,God,Goddess of snow and ice,Mountains,Female,Graceful and Pure,"Snow, ice",Snowflakes,White,"Purity, beauty",,,,,Various ice-related beings
Greek,Poseidon,God,God of the sea,Olympus,Male,Powerful and unpredictable,Sea and earthquakes,"Trident, horse","Blue, green","Power, unpredictability",Married,Rhea,Cronus,"Amphitrite, many others,","Many, including Triton"
Cambodian,Preah Thaong and Neang Neak,God,Legendary Lovers,Earth,Other,Romantic and Courageous,"Love, Adventure","Heart, Sword",Red,"Love, Courage",Married,,,Each Other,Children Together
Communist,Proletariat,Human,Champions of the Working Class,Global,Other,Working Class Heroes,"Equality, Social Justice",Hammer and Sickle,Red,"Equality, Workers' Rights, Solidarity",Married,Collective,Collective,Collective,Collective
Capitalist,Prosperity,God,Goddess of Wealth and Prosperity,Global,Female,Wealth Accumulator,"Prosperity, Commerce, Success","Coins, Abundance",Gold,"Prosperity, Wealth, Success",,,,,"Fortune, Fortune"
Greek,Proteus,God,"Sea god, shape-shifter",Greece,Male,Shapeshifter,"Sea, Change, Wisdom",Shape-shifting abilities,Blue,"Adaptability, Wisdom, Change",,Poseidon,Nereus,,
Egyptian,Ptah,God,Creator God and Craftsman,Memphis,Male,Creative and Skilled,"Creation, craftsmanship","Bull, Djed pillar",Navy Blue,"Creation, craftsmanship",,,,,
Gnostic,Ptahil,God,"Demiurge, Creator of the Material World",Gnostic,Male,"Demiurge, Creator",Material Creation,,,"Material Creation, Order",,,,,
Lakota,Ptehe Wakinyan,Spirit,Thunderbird Spirit,Lakota Nation,Other,Spirit,"Thunder, Lightning",Thunderbird,,"Thunder, Lightning",,,,,
Lakota,Ptesan Wi,Spirit,White Buffalo Calf,Lakota Nation,Female,Spirit,Prophecy,White Buffalo Calf,White,Prophecy,,,,,
Norman,Puck,Spirit,Mischievous Spirit,Normandy,Male,Trickster Spirit,"Mischief, Pranks",Mischievous Symbols,Green,"Mischief, Humor",,,,,
Hawaiian,Pukalani,God,Goddess,Hawaii,Female,Goddess,"Beauty, Agriculture",Flowers,,"Beauty, Agriculture",,,,,
Algonquin,Pukawiss,Spirit,Spirit,Algonquin Regions,Male,Spirit,"Wind, Dreams","Wind, Dreamcatcher",,"Wind, Dreams",,,,,
Inuit,Pukimnaq,God,Sea Ice God,Arctic Regions,Male,Solid and Unyielding,Sea Ice,Sea Ice,"Blue, White","Stability, Solidity",,,,,Sea ice spirits
Polynesian,Punga,God,God of sharks and sea creatures,"Ocean, Seas",Male,Mysterious and Predatory,"Sharks, sea creatures","Sharks, sea creatures",Various,Balance in nature,,,,,Various sea creatures
Sumerian,Puzur-Amurri,God,Purification,Sumer,Male,God,Purification,,,Purification,,,,,
Yazidi,Qadis,Spirit,Angelic Being,Yazidi,Other,Angelic Being,"Holiness, Purity",,White,"Holiness, Purity",,,,,
Yazidi,Qawalish,Anthropomorphism,Sacred Being,Yazidi,Other,Sacred Being,"Holiness, Purity",,White,"Holiness, Purity",,,,,
Arab,Qaynan,God,God of Carpentry and Metalwork,Arabian Peninsula,Male,Skilled Artisan and Builder,"Carpentry, Metalwork, Craftsmanship",Hammer and Anvil,Brown,"Craftsmanship, Artistry",,,,,
Sumerian,Qingu,God,Rebellion,Sumer,Male,God,Rebellion,,,Rebellion,,,,,
Chinese,Quan Yin,God,Goddess of compassion,Heaven,Female,Compassionate and merciful,Compassion and mercy,"Willow branch, lotus","Gold, white","Compassion, mercy",Married,Emperor,Jade Emperor,"Many, including Golden Cicada","Many, including Amatsu Mikaboshi"
Canaanite,Qudshu (Qadesh),God,Goddess of love,-,Female,Deity,"Love, sacred sexuality",-,-,Love and sacred sexuality,-,-,-,-,-
Toltec,Quetzalcoatl,God,Feathered Serpent God,Mesoamerica,Male,Creator and Wind God,"Creation, Wind, Learning","Feathered Serpent, Wind",White,"Wisdom, Creation",,,,,
Aztec ,Quetzalcoatl,God,Feathered Serpent God,Mesoamerica,Male,Creator and Wind God,"Creation, Wind",Feathered Serpent,Blue,"Creation, Wind, Wisdom",-,Coatlicue,Mixcoatl,-,Various deities
Roman,Quirinus,God,God of War and Protection,Italy,Male,Protective and Warlike,"War, protection",Spear,Red,"Protection, war",,,,,
Egyptian,Ra,God,Sun god,Heliopolis,Male,Radiant and powerful,"Sun and light,","Sun disk, falcon","Red, orange","Sun, light",Married,Nut,Ra,"Isis, Nephthys","Horus, Anubis"
Hindu,Radha,God,Goddess of Love and Devotion,Vrindavan,Female,Devoted and Compassionate,"Love, Devotion","Lotus, Veena",Rose Pink,Unconditional Love,Married,"Kirti, Vrishabhan",,Krishna,Various Consorts
Sami,Radien,God,Supreme God and Creator,Sami Lands,Male,Wise and Benevolent,"Creation, Wisdom","Sun, Sky",Yellow,"Creation, Wisdom",,,,,"Many, including nature spirits"
Sami,Radien-Attje,God,"Son of Radien, Guardian of Nature and Wilderness",Sami Lands,Male,Protector of Nature,"Nature, Wilderness","Trees, Animals","Green, Brown","Nature, Wilderness",,Radien,Maderakka,,"Many, including nature spirits"
Egyptian,Ra-Horakhty,God,Sun God,Egypt,Male,God,"Sun, Kingship","Sun Disk, Falcon",Gold,Kingship,,Nut,Geb,,"Shu, Tefnut"
Shinto,Raijin,God,God of thunder and lightning,Sky,Male,Powerful and Destructive,"Thunder, lightning","Drum, drumsticks","Red, black","Power, destruction",,,,,"Many, including Fujin"
Aboriginal,Rainbow Serpent,Anthropomorphism,"Creator of landscapes, waterways, and life","Land, Waterways",Other,Creative and Transformative,"Creation, shaping the land","Rainbow, serpent",Various,"Creation, transformation",Married,,,"Various, including Daramulum",Various land and water creatures
Fijian,Raiqeu,God,God of thunder and lightning,Sky,Male,Powerful and Destructive,"Thunder, lightning",Lightning bolt,Various,"Power, awe",,,,,Various storm-related beings
Norse,Ran,God,"Sea goddess, associated with the drowned",Scandinavia,Female,Sea Goddess,"Sea, Drowned Souls",Sea Waves,Blue,"Sea, Grief, Compassion",Married,,,Aegir,Various Offspring
Sami,Rana-Niejta,God,Goddess of the Sea and Ocean,Sami Lands,Female,Vast and Mysterious,"Sea, Ocean","Waves, Sea Creatures","Blue, Green","Vastness, Mystery",,,,,"Many, including sea spirits"
Indonesian,Rangda,God,"Demon Queen, Symbol of Chaos",Bali,Female,Chaotic and Malevolent,"Chaos, Destruction","Fangs, Skull",Black,"Chaos, Destruction",,,,,
Polynesian,Rangi,God,"Sky god, father of all",Sky,Male,Protective and Overarching,"Sky, cosmic balance",Sky,Blue,Cosmic balance,,,,,Various celestial beings
Jewish,Raphael,Spirit,Archangel of Healing,Heaven,Male,Healer and Protector,"Healing, Guidance, Travel",Healing Staff,Green,"Compassion, Healing",,,,,
Persian,Rashnu,God,God of Truth and Justice,Persia,Male,Fair and Impartial,"Truth, Justice",Scales,Blue,"Truth, Justice",,,,,
Zoroastrian,Rashnu,God,Judge of souls in the afterlife,-,Male,Deity,Judgment in the afterlife,Scales,-,Judgment in the afterlife,-,-,-,-,Various deities
Norse,Ratatoskr,Spirit,Squirrel Messenger between Yggdrasil and Nidhogg,Yggdrasil and Nidhogg,Other,Talkative and Mischievous,"Messaging, Mischief",Squirrel,Brown,"Communication, Mischief",,,,,
Fijian,Ratu Sunusi,God,God of war and chief of the war gods,War,Male,Fierce and Strategic,"War, leadership",War clubs,Red,"Courage, strategic thinking",,,,,Various war-related beings
Fijian,Ratumaibulu,God,Goddess of fertility and agriculture,Agriculture,Female,Fertile and Nurturing,"Agriculture, fertility",Fertility symbols,Green,Agricultural abundance,,,,,Various agricultural beings
Tlingit,Raven,Human,Trickster Hero and Creator of the World,Tlingit Nation,Male,Trickster Hero,"Creation, Trickery, Transformation","Raven, Trickster Symbols",Black,"Creativity, Humor, Transformation",,Sky Woman,,,Various (Including Humans)
Atheist,Reason,Human,Advocate of Rational Thinking,Global,Other,Rational Thinker,"Science, Logic, Critical Thinking","Open Book, Telescope",Blue,"Reason, Science, Critical Thinking",,,,,Enlightenment
Phoenician,Resheph,God,God of Plague,Phoenician Regions,Male,God,"Plague, War","Plague, Bow",,"Plague, War",,,,,
Canaanite,Resheph,God,God of plague,-,Male,Deity,"Plague, healing",Bow and arrow,-,Plague and healing,-,-,-,-,Various deities
Greek,Rhea,God,"Titaness, Mother of the Gods",Greek,Female,"Titaness, Mother","Motherhood, Fertility","Lion, Crown",Green,"Motherhood, Fertility",Married,Uranus,Gaia,Cronus,"Zeus, Hera, Poseidon, Hades"
Slavic,Rod,God,Primordial deity of ancestry and kinship,Eastern Europe,Other,Ancestral Essence,"Ancestry, Kinship, Life",Ancestral Lineage,Brown,"Ancestry, Kinship, Family Bonds",,,,,Various Ancestral Spirits
Maori,Rongo,God,God of cultivated plants and peace,Gardens,Male,Peaceful and Agricultural,"Cultivated plants, peace","Cultivated plants, peace","Green, brown","Agriculture, peace",,Papatuanuku,Ranginui,,"Many, including plants and peace spirits"
Polynesian,Rongo,God,God of agriculture and peace,Land,Male,"Peaceful, Fertile  Nurturing","Agriculture, prosperity, plants","Agricultural tools, Cultivated crops",Green,"Peace, prosperity, Agricultural abundance",,Papatūānuku,Rangi,,Various plant-related beings
Tahitian,Rongo,God,God of peace and cultivated plants,Agriculture,Male,Harmonious and Nurturing,"Agriculture, plants",Cultivated crops,Various,"Peace, agricultural abundance",,,,,Various agricultural beings
Tahitian,Ro'o,God,God of agriculture and fertility,Agriculture,Male,Nurturing and Fertile,"Agriculture, fertility",Fertile soil,Green,Agricultural abundance,,,,,Various agricultural beings
Polynesian,Rūaumoko,God,God of earthquakes and volcanoes,Underground,Male,Powerful and Unpredictable,"Earthquakes, volcanic activity","Earth, fire",Red,Respect for natural forces,,Papatūānuku,Rangi,,Various volcanic beings
Arab,Ruda,God,Goddess of Love and Beauty,Pre-Islamic Arabia,Female,Radiant and Loving,"Love, Beauty, Joy",Flower,Pink,"Love, Joy",,,,,
Hindu,Rudra,God,"Praised as the ""mightiest of the mighty"", deity associated with storms and destructive forces, Rudra is sometimes considered a fearsome and powerful aspect of Lord Shiva",Natural elements and cosmic forces,Male,"Fierce, benevolent","While associated with destruction, Rudra is also a healer and a purifier. Destroyer and Transformer: Rudra is often recognized as the destructive and transformative aspect of the divine trinity in Hinduism, alongside Brahma (the Creator) and Vishnu (the Preserver). As the destroyer, Rudra facilitates the process of dissolution, making way for regeneration and new creation."," storms, such as lightning and the drum (damaru)","red, shades of blue",Rudra is considered a form of Lord Shiva,Married,-,Brahma,"Rudrani, Parvati",birth of eleven Rudras from Rudra's face
Hindu,Rudrani,God,"Parvati is the daughter of the mountain king Himalaya and is considered the reincarnation of Sati, the first wife of Shiva. ",Natural elements and cosmic forces,Female,Devotion and Love,"Rudrani, she represents the gentle and nurturing aspect of Shiva.","Lotus, Trishula (Trident), Vahana (Mount), Third Eye, Moon Crescent, Nandi (Bull), Veena (Musical Instrument)","red, shades of blue",Shakti and Shiva Unity: The union of Rudra (Shiva) and Rudrani (Parvati) symbolizes the unity of Shakti (divine feminine energy) and Shiva (divine masculine energy),Married,Parvati,Shiva,"Rudra, Shiva","Kartikeya, Ganesha"
Gnostic,Ruha,Spirit,"Holy Spirit, Divine Feminine",Gnostic,Female,Divine Feminine,Spiritual Guidance,"Dove, Holy Fire",White,"Spiritual Guidance, Wisdom",,,,,
Sami,Ruto,Spirit,Male Water Spirit,Sami Lands,Male,Powerful and Commanding,"Water, Lakes","Waves, Water",Blue,"Power, Command",,,,,Spirits of water
Arab,Safa,God,Goddess of Purity and Serenity,Mecca,Female,Pure and Serene,"Purity, Serenity",Lotus Flower,White,"Purity, Serenity",,,,,
Iroquois,Sagakwetah,Spirit,Spirit,Iroquois Nations,Other,Spirit,"Thunder, Lightning",Thunderbolt,,Thunder,,,,,
Christian,Saint Anthony of Padua,Human,Patron of Lost Things,Italy,Male,Franciscan Friar,"Finding Lost Items, Miracles","Lily, Infant Jesus",Brown,"Compassion, Helpfulness",,Martin de Alho,Teresa Tavejra,,
Christian,Saint Augustine of Hippo,Human,Theologian and Bishop,Algeria,Male,Theologian,"Theology, Confessions","Heart, Bishop's Mitre","Red, White","Theology, Repentance",,Saint Monica,Patricius,,Adeodatus
Christian,Saint Francis of Assisi,Human,Patron of Animals,Italy,Male,Humble Monk,"Nature, Animals","Animals, Tau Cross","Brown, Grey","Humility, Love for Nature",,Pica Bernardone,Pietro Bernardone,,
Christian,Saint Gabriel,Spirit,"Archangel, Messenger",Heaven,Male,Divine Messenger,"Annunciation, Guidance","Trumpet, Lily",White,"Communication, Purity",,,,,
Christian,Saint Ignatius of Loyola,Human,Founder of Jesuits,Spain,Male,Jesuit Priest,"Education, Spiritual Exercises","Sun, Book Symbols","Red, Blue","Education, Spirituality",,María de Loyola,Beltrán de Onaz,,
Christian,Saint Joseph,Human,Guardian and Protector,Nazareth,Male,Just Man,"Protection, Fatherhood","Lily, Carpentry Tools",Brown,"Humility, Protection",,,,,Jesus Christ (Stepfather)
Christian,Saint Mary,Human,Mother of Jesus,Jerusalem,Female,Virgin Mother,"Motherhood, Compassion","Rose, Lilies","Blue, White","Motherhood, Purity",,Anne,Joachim,,Jesus Christ
Christian,Saint Michael,Spirit,"Archangel, Protector",Heaven,Male,Angelic Warrior,"Protection, Defending","Sword, Shield",Blue,"Courage, Strength",,,,,
Alsatian,Saint Odile,Human,Patron Saint,Alsace,Female,Saintly Figure,"Patronage, Miracles",Christian Symbols,White,"Devotion, Compassion",,,,,
Christian,Saint Paul,Human,Apostle and Missionary,Various,Male,Missionary,"Evangelism, Letters","Sword, Book Symbols","Red, White","Evangelism, Courage",,,,,
Christian,Saint Peter,Human,Apostle and First Pope,"Rome, Vatican",Male,Faithful Apostle,"Leadership, Keys","Keys, Papal Symbols","Gold, White","Faith, Leadership",,,,,
Christian,Saint Raphael,Spirit,"Archangel, Healer",Heaven,Male,Divine Healer,"Healing, Guidance","Staff, Fish",Green,"Health, Guidance",,,,,Tobias
Christian,Saint Teresa of Avila,Human,Mystic and Writer,Spain,Female,Mystic Nun,"Prayer, Contemplation","Heart, Quill Pen",White,"Prayer, Spirituality",,Beatriz de Ahumada,Alonso Sánchez de,,
Spanish,Salacia,God,Goddess of Saltwater and the Sea,Iberian Peninsula,Female,Salty and Oceanic,"Saltwater, Sea","Salt, Dolphins","Blue, Silver","Saltwater, Sea",Married,,,Neptune,
Jewish,Samael,Spirit,Angel of Severity or Venom,Heaven,Male,Angel of Death or Poison,"Judgment, Severity, Accuser","Sword, Serpent",Red,"Justice, Consequence",,,,,
Korean,Samshin Halmoni,God,Goddess of Birth and Life,Earth,Female,Protective and Compassionate,"Protection, Childbirth",Protective Aura,White,"Protection, Motherhood",,,,,
Jewish,Sandalphon,Spirit,Archangel of Prayer,Heaven,Male,Deliverer of Prayers to God,"Prayer, Connection, Spiritual Communication","Harp, Wings",White,"Devotion, Communication",,,,,
Indonesian,Sang Hyang Widhi,God,Supreme God in Balinese Hinduism,"Bali, Indonesia",Male,Transcendent and Benevolent,"Creation, Spiritual Harmony","Lotus, Sacred Symbols",White,"Transcendence, Harmony",,,,,
Sami,Sarakka,God,Goddess of the Hearth and Home,Sami Lands,Female,Warm and Nurturing,"Hearth, Home","Hearth, Fire","Red, Yellow","Home, Hearth",,,,,"Many, including hearth spirits"
Hindu,Saraswati,God,"Goddess of knowledge, music, and arts",,Female,Wise and Artistic,"Knowledge, music, arts","Veena, book, swan",White,"Knowledge, artistic expression",Married,,,Brahma,
Assyrian,Sarpanitu,God,Queen of the Gods,Assyria,Female,Queen of the Gods,"Motherhood, Fertility, Queenship","Tiara, Lion","Red, Gold","Motherhood, Queenship",,Lahmu,Lahamu,,"Marduk, Nabu"
Shinto,Sarutahiko,God,Deity,Japan,Male,Deity,"Guidance, Crossroads","Sword, Dog",,"Guidance, Crossroads",,,,,
Roman,Saturn,God,God of Time and Agriculture,Italy,Male,Wise and Agricultural,"Time, agriculture",Sickle,Brown,"Agriculture, patience",,,,,
Baltic,Saule,God,Goddess of the Sun,Sky,Female,Radiant and Warm,"Sun, light","Sun disk, radiant symbols","Gold, yellow","Radiance, warmth",,Baltic,Baltic,,"Many, including Meness"
Siberian,Sayan,God,God of Mountains and Nature,Siberia,Male,Stoic and Powerful,"Mountains, Nature","Mountain Peaks, Trees","Brown, Green","Nature, Strength",,,,,"Many, including spirits of nature"
Inuit,Sedna,God,"Goddess of the Sea, Marine Animals, and Underworld",Arctic Regions,Female,Protective and Enigmatic,"Sea, Marine Life, Underworld","Fish, Sea Creatures","Blue, White","Protection, Abundance, Transformation",,,,,Various sea creatures
Egyptian,Sekhmet,God,Goddess of War and Healing,Egypt,Female,Lioness Warrior,"War, Healing, Protection","Lioness, Sun Disc",Red,"Courage, Healing, Protection",,Nut,Ra,,
Egyptian,Selqet,God,Scorpion Goddess,Egypt,Female,Goddess,"Protection, Healing",Scorpion,Red,Protection,,,,,
Cherokee,Selu,God,Corn Mother and Provider of Nourishment,Cherokee Nation,Female,Agricultural Deity,"Corn, Agriculture, Nourishment","Corn, Harvest Symbols","Yellow, Green","Agriculture, Nourishment",,,,,Children of the Corn
Indonesian,Semar,God,God of Guidance and Protection,Java,Male,Kind and Wise,"Guidance, Protection","Wayang Puppet, Beard",Multicolored,"Guidance, Protection",,,,,
Korean,Seonnyeo,Spirit,"Celestial Maiden, Attendants to the Jade Emperor",Heaven,Female,Graceful and Divine,Serving the Jade Emperor,Heavenly Robes,Multicolored,"Devotion, Service",,,,,
Egyptian,Serqet,God,Scorpion Goddess,Egypt,Female,Goddess,Protection,Scorpion,,Protection,,,,,
Egyptian,Set,God,Chaos God,Egypt,Male,God,"Chaos, Desert",Set Animal (Typhon),Red,Ambition,,Nut,Geb,,"Anubis, Astarte"
Canaanite,Shalim,God,God of dusk,-,Male,Deity,"Dusk, peace",-,-,Dusk and peace,-,-,-,-,Various deities
Assyrian,Shamash,God,God of the Sun and Justice,Assyria,Male,Sun God and Judge,"Sun, Justice, Law","Solar Disk, Shamash Wheel",Gold,"Justice, Truth",,Sin,Enlil,,"Many, including Ishkur"
Sao,Shango,God,"God of thunder, lightning, and fire",Sky,Male,Bold and Energetic,"Thunder, lightning, fire",Double-headed axe,Red,"Power, vitality, passion",,Olodumare,,,Various thunder and fire deities
Yoruba,Shango,God,God of Thunder and Lightning,Yoruba lands,Male,"Powerful, Passionate","Thunder, Dance",Double-headed Axe,Red,"Power, Passion",Married,Yemoja,Olorun,Oshun,"Oya, Ogun"
Canaanite,Shapash,God,Sun goddess,-,Female,Deity,Sun,Sun disk,-,Sun goddess,-,-,-,-,-
Yazidi,Sheikh Adi,Spirit,Spiritual Leader and Saint,Yazidi,Male,Spiritual Leadership,"Guidance, Holiness",,White,Spiritual Leadership,,,,,
Jewish,Shekhinah,God,Divine Presence,Heaven,Female,Nurturing and Protective,"Presence, Divine Revelation, Comfort",Divine Light,White,"Comfort, Guidance",,,,,
Mesopotamian,Shezmu,God,God of Wine,Egypt,Male,God,"Wine, Blood","Wine Grapes, Blood",Red,"Wine, Blood",,,,,
Creek,Shilombish,Spirit,Spirit,Creek Nation,Other,Spirit,Nature,,,Spirit,,,,,
Ainu,Shitakara Kamuy,God,Sea God,Ainu Regions,Male,God,"Sea, Marine Life","Sea, Fish",,"Sea, Marine Life",,,,,
Hindu,Shiva,God,Destroyer god,Cosmic realm,Male,Destructive and benevolent,Destruction and rebirth,"Third eye, trident","Blue, pink","Destruction, rebirth",Married,Parvati,Shiva,"Parvati, Sati","Many, including Ganesha, Kartikeya,"
Albanian,Shtriga,God,Witch-like creatures,Albania,Female,Malevolent and Deceptive,"Darkness, Curses, Transformation","Night, Shadows",Black,"Caution, Avoidance",,,,,
Egyptian,Shu,God,God of Air and Sunlight,Egypt,Male,Protective and Illuminating,"Air, sunlight","Ostrich feather, lion",Gold,"Air, sunlight, protection",Married,,Ra,Tefnut,Nut
Sardinian,Sid Addir,God,God of Healing and Medicine,Sardinia,Male,Healing and Compassionate,"Medicine, well-being",Serpent,Green,"Healing, compassion",,,,,
Buddhist,Siddhartha Gautama,Spirit,Spiritual Teacher,India,Male,Enlightened One,Four Noble Truths,Dharma Wheel,,"Compassion, Nirvana",Married,Maya,Suddhodana,Yasodhara,Rahula
Norse,Sif,God,Goddess of Harvest and Agriculture,Asgard,Female,Nurturing and Abundant,"Harvest, Agriculture","Wheat, Golden Hair",Gold,"Harvest, Abundance",,,Thor,,Ullr
Inuit,Silap Inua,Spirit,Spiritual force within all things,Arctic Regions,Other,Spiritual Essence,"Nature, Spirits, Balance",Spirit within Everything,Varied,"Harmony with Nature, Balance, Connection",,,,,Various Spirits
Slavic,Simargl,God,Deity,Slavic Regions,Male,Deity,"Sun, Fire, Fertility","Fire, Sun",,Fertility,,,,,
Assyrian,Sin,God,God of the Moon,Assyria,Male,Moon God,"Moon, Night",Crescent Moon,Silver,"Mystery, Cycles of Nature",Married,Enlil,Ninlil,Ningal,"Shamash, Ishkur"
Sumerian,Siris,God,Beer,Sumer,Female,Goddess,Beer,,,Beer,,,,,
Norse,Skadi,God,Goddess of Winter and the Hunt,Jotunheim,Female,Independent and Skilled,"Winter, Hunting","Mountains, Skis","White, Blue","Winter, Independence",Married,Thjazi,Not mentioned,Njord,
Iroquois,Skennenrahawi,Human,Culture Hero,Iroquois Nations,Male,Hero,"Peace, Unity","Great Law, Peace Pipe",,"Peace, Unity",,,,,
Iroquois,Sky Woman,God,Primordial Being and Mother of Humanity,Iroquois Confederacy,Female,Primordial Being,"Creation, Motherhood, Humanity",Celestial Symbols,Blue,"Creation, Connection with Humanity",,,,,
Egyptian,Sobek,God,God of Crocodiles and Fertility,Egypt,Male,Fierce and Fertile,"Crocodiles, fertility",Crocodile,Green,"Fertility, protection",,Neith,Set,,
Caribbean,Soucouyant,Spirit,Shapeshifting Vampire Hag,Trinidad and Tobago,Female,Malevolent Spirit,"Bloodsucking, Shapeshifting, Nightmares","Fire, Bats",Red,"Fear, Nightmares",,,,,
Armenian,Spandaramet,God,Goddess of Birth,Armenian Regions,Female,Goddess,"Childbirth, Protection",Protective Symbols,,"Childbirth, Protection",,,,,
Zoroastrian,Spenta,Spirit,Divine Holy Spirits,Zoroastrian,Other,Divine Spirits,Various Aspects,,,Divine Aspects,,,Ahura Mazda,,
Zoroastrian,Spenta Armaiti,Spirit,"Holy devotion, divine wisdom",-,Female,Deity,"Holy devotion, divine wisdom",-,-,"Devotion, Wisdom",-,-,-,-,Various deities
Hopi,Spider Grandmother,God,Creatrix and Weaver of the Web of Life,Hopi Reservation,Female,"Creatrix, Weaver","Creation, Weaving, Life","Spider, Web Symbols",Various,"Creation, Connection with Nature",,,,,
Hopi,Spider Woman,God,Creator,Hopi Mesas,Female,Deity,"Creation, Weaving",Spider,,Wisdom,,,,,
Zoroastrian,Sraosha,God,Yazata of Obedience,Zoroastrian,Male,Divine Obedience,"Obedience, Protector","Wings, Sword",White,"Obedience, Protection",,Anahita,Ahura Mazda,,
Sami,Stallo,Spirit,Malevolent Giants,Sami Lands,Male,Malevolent and Deceptive,"Mischief, Deception",Giant Figurines,Grey,"Mischief, Trickery",,,,,
Croatian,Stribog,God,God of Wind and Air,Croatia,Male,Gentle and Unseen,"Wind, air",Wind Symbols,Sky Blue,"Freedom, change",,,,,
Ligurian,Sua,God,Goddess of the Sun,Liguria,Female,Radiant and Nurturing,"Sun, light",Sun disc,Yellow,"Sun, light, warmth",,,,,
Muisca,Sua,God,Goddess,Muisca Confederation,Female,Goddess,"Water, Fertility","Water, Fertility Symbols",,"Water, Fertility",,,,,
Sumerian,Sud,God,Purification,Sumer,Male,God,Purification,,,Purification,,,,,
Slavic,Sudenitsa,God,Goddess,Slavic Regions,Female,Goddess,"Spring, Fertility",Flowers,,Fertility,,,,,
Tupinambá,Sumé,God,God of Health and Healing,Tupinambá Region,Male,Healing Deity,"Health, Well-being, Medicinal Plants","Medicinal Plants, Healing Icons",Green,"Health, Healing",,,,,
Chinese,Sun Wukong,Human,Monkey King,"Earth, Heaven",Male,Mischievous and wise,"Trickery and magic,","Golden cudgel, cloud","Gold, white","Trickery, magic,",Married,Wangmu,Jade Emperor,"Many, including Jade Rabbit","Many, including Susanoo"
Shinto,Susanoo,God,God of storms and seas,Takamagahara (High Plain of Heaven),Male,Stormy and watery,Storms and water,"Mirror, jade rabbit","Red, blue","Storms, water",Married,"Izanami,",Izanagi,"Many, including Pangu","Many, including Amaterasu, Tsukuyomi,"
Shinto,Susano-o,God,God of storms and sea,Sea,Male,Powerful and Chaotic,"Storms, sea","Dragon, sea waves",Blue,"Power, chaos",,Izanagi,Izanagi,,"Many, including Oyuki"
Arab,Suwa,God,God of the Evening Star,Southern Arabia,Male,Evening Star and Lightbringer,"Evening Star, Light",Star Symbol,Yellow,"Illumination, Guidance",,,,,
Slavic,Svarog,God,God of celestial fire and blacksmithing,Sky,Male,Fiery and Skilled,"Celestial fire, blacksmithing","Anvil, fire","Gold, red","Craftsmanship, fire",,Slavic,Slavic,,"Many, including Dazhbog"
Cheyenne,Sweet Medicine,Spirit,Medicine Spirit,Cheyenne Nation,Other,Spirit,Healing,Medicine Wheel,,Healing,,,,,
Tahitian,Ta'aroa,God,Supreme creator god,Sky,Male,Wise and All-Powerful,"Creation, wisdom",Spiral shell,White,"Wisdom, divine creation",,,,,Various cosmic beings
Fijian,Tagaloa,God,God of creation and ruler of the heavens,Sky,Male,Wise and Benevolent,"Creation, rulership",Sky symbols,Blue,"Wisdom, divine creation",,,,,Various celestial beings
Tuareg,Tagelmust,Spirit,Spirit associated with protection and guidance,Desert,Other,Protective and Guiding,"Protection, guidance",Veil,Varied,"Protection, guidance",,,,,
Berber,Tahart,God,God of mountains and endurance,Mountains,Male,Enduring and Majestic,"Mountains, endurance",Mountain range,Gray,"Strength, endurance, perseverance",,,,,Various mountain and endurance deities
Chinese,Taiyi,God,Primordial deity representing the void,China,Other,Cosmic Balance,"Unity, Balance, Cosmic Order","Circle, Yin-Yang","Black, White","Harmony, Balance, Cosmic Order",,,,,Various Primordial Beings
Totonac,Tajín,God,Deification of the City of Tajín,Mesoamerica,Male,Deified City,"Urban Life, Rituals, Community",City Symbols,,"Urban Life, Community",,,,,
Tuareg,Takamet,God,Goddess of the moon and night,Desert,Female,Illuminating and Mysterious,"Moon, night",Crescent moon,Silver and Black,"Moonlight, mystery, nighttime",,,,,
Arab,Ta'lab,God,God of Hunt,Arabian Peninsula,Male,Hunter and Protector,"Hunting, Wilderness, Protection",Bow and Arrow,Green,"Hunting, Nature",,,,,
Nez Perce,Talako,Spirit,Thunder Spirit,Nez Perce Region,Other,Spirit,Thunder,Thunderbird,,Thunder Spirit,,,,,
Tuareg,Tamazgha,Spirit,Cultural and historical homeland,Desert,Other,Nurturing and Preserving,"Cultural heritage, identity",Tuareg flag,Blue and Yellow,Cultural preservation,,,,,
Assyrian,Tammuz,God,God of Vegetation and Sacrifice,Assyria,Male,God of Vegetation,"Vegetation, Sacrifice, Resurrection","Shepherd's Crook, Grain",Green,"Vegetation, Renewal",,Ishtar,,,
Vietnamese,Tản Viên Sơn Thánh,God,Mountain Deity and Sage,Mountains,Male,Wise and Reclusive,"Mountains, Wisdom","Mountain Peaks, Staff",Brown,"Wisdom, Solitude",,,,,
Tahitian,Tāne Mahuta,God,God of forests and birds,Forests,Male,Caring and Protective,"Forests, birds","Trees, birds",Green,"Conservation, protection",,,,,Various forest beings
Maori,Tāne Mahuta,God,God of forests and birds,Forests,Male,Noble and Protector,"Forests, birds, life","Birds, trees","Green, brown","Nature, life",,Papatuanuku,Ranginui,,"Many, including birds and forest creatures"
Polynesian,Tāne Mahuta,God,God of forests and birds,Forests,Male,Caring and Protective,"Forests, birds","Trees, birds",Green,"Conservation, protection, wisdom",,Papatūānuku,Rangi,,Various forest and bird beings
Polynesian,Tāne-i-te-hokahoka,God,God of forests and birds (alternate form),Forests,Male,Caring and Protective,"Forests, birds","Trees, birds",Green,"Conservation, protection",,Papatūānuku,Rangi,,Various forest beings
Polynesian,Tāne-rore,God,Goddess of the arts and dance,Land,Female,Creative and Graceful,"Arts, dance",Dance implements,Various,Artistic expression,,,,,Various artistic beings
Maori,Tangaroa,God,God of the sea and fertility,Oceans,Male,Powerful and Fertile,"Sea, fertility","Fish, fertility symbols",Blue,"Fertility, marine life",,Papatuanuku,Ranginui,,Sea creatures
Polynesian,Tangaroa,God,God of the sea and marine creatures,"Ocean, Seas",Male,Protective and Nurturing,"Sea life, ocean navigation","Sea, marine life",Blue,Sea-related activities,,,,,Various sea creatures
Polynesian,Tangaroa,God,God of the sea and fish,"Oceans, Seas",Male,Benevolent and Protective,"Sea, fish",Fish,Blue,Harmony with nature,,Papatūānuku,Rangi,,Various sea beings
Berber,Tanit,God,"Goddess of the moon, fertility, and war",Moon,Female,Protective and Fertile,"Moon, fertility, war",Crescent moon,Silver,"Fertility, protection, lunar cycles",,,,,Various lunar and fertility deities
Sardinian,Tanit,God,Mother Goddess,Sardinia,Female,Nurturing and Protective,"Motherhood, protection","Moon, dove",White,"Motherhood, protection",,,,,
Finnish,Tapio,God,Forest,Finland,Male,God,Nature,Forest,Green,Forest,,,,,
Buddhist,Tara,God,Bodhisattva of Liberation,Cosmic,Female,Compassionate Being,"Compassion, Liberation","Lotus, Moon",Green,"Liberation, Compassion",,,,,
Lakota,Tate,Spirit,Wind Spirit,Lakota Nation,Other,Spirit,"Wind, Messenger",Wind Symbols,,"Wind, Messenger",,,,,
Lakota Sioux,Taté,Spirit,Wind Spirit and Messenger between Worlds,Lakota Territory,Male,Wind Deity,"Wind, Communication, Spirituality",Wind Symbols,White,Spiritual Connection,,,,,
Guaraní,Tau,God,God of the Forest and Animal Spirits,Guaraní Region,Male,Forest Deity,"Forests, Animals, Nature","Trees, Animal Symbols","Green, Brown","Harmony with Nature, Animal Spirits",,,,,Animals
Hopi,Tawa,God,Sun god ,Hopi Mesas,Male,Supreme being,creator of the First World,Sun,,Sun god ,,,,,Masauwu
Egyptian,Tawaret,God,Hippo Goddess,Egypt,Female,Goddess,"Fertility, Protection",Hippopotamus,Blue,"Fertility, Protection",,,,,
Polynesian,Tāwhaki,Human,Heroic figure and culture hero,"Land, Sky",Male,Adventurous and Skilled,Cultural achievements,Spear,Various,Pursuit of knowledge,,,Rangi,,Various cultural beings
Maori,Tawhirimatea,God,God of weather and storms,Sky,Male,Unpredictable and Powerful,"Weather, storms","Wind, storm symbols","Blue, white","Weather patterns, strength",,Papatuanuku,Ranginui,,Storm spirits
Polynesian,Tāwhirimātea,God,God of storms and winds,Sky,Male,Powerful and Unpredictable,"Storms, winds",Storm clouds,Gray,Respect for natural forces,,Papatūānuku,Rangi,,Various storm beings
Yazidi,Tawûsê Melek,Spirit,Peacock Angel,Yazidi,Male,Divine Beauty,"Beauty, Cosmic Harmony",Peacock,Blue,"Beauty, Harmony",,,,,
Berber,Tefnut,God,Goddess of moisture and dew,Nature,Female,Nurturing and Refreshing,"Moisture, dew",Dewdrop,Blue,"Refreshment, vitality, growth",,,,,Various nature and water deities
Tuareg,Tefnut,God,Goddess of rain and fertility,Desert,Female,Nurturing and Life-Giving,"Rain, fertility",Rain cloud,Blue and Silver,"Fertility, life-giving rain",,,,,
Egyptian,Tefnut,God,Goddess of Moisture and Dew,Egypt,Female,Gentle and Nurturing,"Moisture, dew",Lioness,Light Blue,"Moisture, fertility, renewal",Married,,,Shu,Nut
Inuit,Tekkeitsertok,Spirit,Spirit of the Wind,Arctic Regions,Male,Swift and Gentle,"Wind, Air",Wind Symbols,"White, Grey","Swiftness, Freedom",,,,,
Hittite,Telipinu,God,God of Vegetation,Hittite Regions,Male,God,Agriculture,"Grain, Plough",Green,Agriculture,,,,,
Roman,Tellus,God,Goddess of the Earth,Italy,Female,Earthy and Fertile,"Earth, fertility",Earth Globe,Brown,"Fertility, grounding",,,,,
Mongolian,Tengri,God,"Supreme Sky God, Eternal Blue Heaven",Celestial Realm,Male,"Eternal, Benevolent","Sky, Creation","Blue Sky, Falcon",Blue,"Eternal, Sky Worship",,,,,
Roman,Terminus,God,God of Boundaries,Italy,Male,Stern and Unyielding,"Boundaries, limits",Boundary Stone,Grey,"Boundaries, limits",,,,,
Nahuatl,Tezcatlipoca,God,Earth goddess,Aztlán,Female,Moon and night,"Moon and night,","Sun disk, corn cob","Gold, green","Moon, night",Married,Viracocha,Tezcatlipoca,"Many, including Tecciztecatl","Many, including Tezcatlipoca, Xochiquetzal"
Toltec,Tezcatlipoca,God,God of Night and Sorcery,Mesoamerica,Male,God of Fate and Discord,"Night, Sorcery, Fate","Smoking Mirror, Jaguar",Black,"Fate, Discord",,,,,
Vietnamese,Thánh Gióng,Human,"Heroic Figure, Divine Child",Earth,Male,Courageous and Heroic,"Protection, Heroism","Horse, Bow",Red,"Heroism, Protection",,,,,
Greek,The Muses,God,Goddesses of the Arts and Sciences,Mount Helicon,Female,Inspiring and Creative,"Arts, sciences","Lyre, scrolls",Various,"Inspiration, creativity, knowledge",,Mnemosyne,Zeus,,Various
Etruscan,Thesan,God,Goddess of Dawn and New Beginnings,Etruria,Female,Radiant and Renewing,"Dawn, new beginnings",Sun disc,Gold,"New beginnings, light",,Uni,Tinia,,
Norse,Thor,God,God of thunder,Asgard,Male,Thunderous and strong,Thunder and storms,"Mjolnir (hammer), lightning","Red, silver, black","Strength, protection",Married,Frigg,Odin,"Sif, Jarnsaxa,","Many, including Magni, Modi"
Norse ,Thor,God,"God of thunder, associated with protection",Northern Europe,Male,Deity,"Thunder, Protection, Strength",Hammer (Mjölnir),Red,"Strength, Protection, Courage",-,Jord,Odin,Sif,Various deities
Egyptian,Thoth,God,God of Wisdom and Writing,Egypt,Male,Wise and Intellectual,"Wisdom, writing","Ibis, writing tools",Dark Blue,"Wisdom, knowledge, communication",,,,,
Caribbean,Ti Jean Petro,Spirit,Trickster Spirit,Haiti,Male,Mischievous Trickster,"Mischief, Deception, Chaos","Horns, Impish Appearance","Red, Black","Chaos, Mischief",,,,,
Caribbean,Ti Malice,Spirit,Trickster and Folkloric Character,"Haiti, Trinidad",Male,"Trickster, Mischief","Trickery, Folklore, Humor",Clever Disguises,Various,"Humor, Trickery",,,,,
Sumerian,Tiamat,God,Chaos,Sumer,Female,Goddess,Chaos,,,Chaos,,,,,
Aboriginal,Tiddalik,Anthropomorphism,Frog who drank all the water,Waterways,Male,Greedy and Disruptive,"Chaos, water scarcity",Frog,Green,"Moderation, sharing",,,,,Various water creatures
Tuareg,Tifinagh,Spirit,Ancient script and symbolic language,Desert,Other,Symbolic and Timeless,"Cultural identity, communication",Script,Varied,"Language, cultural identity",,,,,
Tuareg,Tihouadaghen,Anthropomorphism,Sacred mountain with spiritual significance,Desert,Other,Sacred and Mystical,"Spiritual retreat, meditation",Mountain,Varied,"Spiritual connection, meditation",,,,,
Berber,Tikari,God,God of justice and moral order,Courts,Male,Just and Fair,"Justice, moral order",Scales,White,"Justice, fairness, moral integrity",,,,,Various justice and moral deities
Tuareg,Tin Hinan,Human,Legendary ancestral queen and matriarch,Desert,Female,Wise and Maternal,"Ancestral legacy, leadership",Tamajaq symbol,Blue and White,"Ancestral legacy, leadership",,,,,
Etruscan,Tinia,God,"Supreme Deity,  god of the sky and the highest god",Sky,Male,Supreme Deity,"Creation, life","Sun, moon","Gold, silver","Creation, life",,,,,
Berber,Tinjis,God,Goddess of love and beauty,Love,Female,Loving and Beautiful,"Love, beauty",Flowers,Pink,"Love, beauty, romantic relationships",,,,,Various love and beauty deities
Armenian,Tir,God,God of Literature,Armenian Regions,Male,God,"Wisdom, Literature","Scroll, Book",,"Wisdom, Literature",,,,,
Greek,Tiresias,Human,"Prophet and seer, experienced both genders",Greece,Other,"Prophet, Seer","Prophecy, Wisdom, Transformation","Staff, Blindfold",Varied,"Wisdom, Prophecy, Understanding",,Everes,Chariclo,,Manto (Daughter)
Zoroastrian,Tishtrya (Tishtar),God,God of the star Sirius,-,Male,Deity,"Star Sirius, rainfall",-,-,Associated with rainfall,-,-,-,-,Various deities
Berber,Tiziri,God,Goddess of light and illumination,Light,Female,Radiant and Illuminating,"Light, enlightenment",Torch,Yellow,"Knowledge, wisdom, spiritual light",,,,,Various light and knowledge deities
Aztec,Tlaloc,God,Goddess of war and sacrificial bloodletting,Templo Mayor (Great Temple),Female,Warrior and sacrificial,War and sacrificial bloodletting,"Jaguar, flayed skin","Gold, black","War, sacrificial bloodletting",Married,Chimalma,"Coatlicue,","Many, including Coatlicue","Many, including Manco Capac, Mama Ocllo,"
Nahuatl,Tlaloc,God,Moon goddess,Aztlán,Female,Mirror and sorcery,Sorcery and magic,"Moon disk, rabbit","Silver, black","Sorcery, magic",Married,Xochiquetzal,Tezcatlipoca,"Many, including Xochiquetzal","Many, including Xochiquetzal"
Indonesian,Tlaloc,God,God of Rain and Water,"Heaven, Underworld",Male,Powerful and Fertile,"Rain, Water","Goggles, Serpent",Blue,"Fertility, Water",,,,,
Toltec,Tlaloc,God,God of Rain and Fertility,Mesoamerica,Male,Rain-bringer and Fertility,"Rain, Agriculture, Fertility","Goggle Eyes, Serpent",Blue,"Rain, Fertility",,,,,
Aztec,Tlazolteotl,God,Goddess of Filth and Purification,Mesoamerica,Female,Purifying Goddess,"Filth, Purification, Fertility","Jade Mask, Broom",Red,"Purification, Rebirth, Fertility",,Coatlicue,,,Various Deities
Sioux,Tore,Spirit,Spirit,Sioux Nation,Other,Spirit,"Nature, Protector",Protector Symbols,,"Nature, Protector",,,,,
Occitan,Toreilles,Spirit,Water Nymph,Occitania,Female,Water Nymph,"Rivers, Springs",Water Symbols,Blue,Connection with Water,,,,,
Spanish,Trebaruna,God,Goddess of War and Fortresses,Gallaecia,Female,Warrior and Protective,"War, Fortresses","Sword, Shield","Red, Gold","War, Fortresses",,,,,
San,Trickster Figures,God,Trickery and Mischief,,Other,Trickster,"Trickery, mischief","Various, mischievous symbols",Various,"Trickery, mischief",,,,,
Croatian,Triglav,God,"Three-Headed God of Sky, Earth, and Underworld",Croatia,Male,Unity and Cosmic Balance,"Sky, earth, underworld",Three Heads,White,"Cosmic balance, unity",,,,,
Spanish,Triton,God,Messenger of the Sea,Iberian Peninsula,Male,Swift and Playful,"Sea, Messenger","Conch Shell, Fish Tail","Blue, Silver","Sea, Messenger",,Poseidon,Amphitrite,,
Navajo,Tsohanoai,God,"Sun Spirit, Sun god",Navajo Nation,Male,Spirit,"Everyday, he crosses the sky, carrying the Sun on his back",Sun,,"Sun Spirit, Sun god",,,,, Nayenezgani (Killer of Enemies) and Tobadzistsini (Child of Water)
Shinto,Tsukuyomi,God,"God of the moon, sibling of Amaterasu",Sky,Male,Serene and Mysterious,"Moon, night","Moon, arrow",Silver,"Serenity, mystery",,Izanagi,Izanagi,,"Many, including Uke Mochi"
Cherokee,Tsul 'Kalu,Anthropomorphism,Giant,Cherokee Nation,Male,Giant,Nature,Giant,,Giant,,,,,
Achuar,Tsunki,Spirit,Water Spirit and Guardian of Rivers,Amazon Rainforest,Male,Aquatic Guardian,"Rivers, Waters, Protection",Water Symbols,Blue,"River Protection, Aquatic Life",,,,,
Tahitian,Tu,God,God of war and human activities,Land,Male,Fierce and Warrior-like,"War, human activities",Weapons,Red,"Courage, discipline",,,,,Various war-related beings
Chinese,Tu Di Gong,God,"Earth Deity, Protector of Land",Earth,Male,Benevolent and Protector,"Land, Agriculture",Land Symbol,Brown,Protection of Land,,,,,
Inuit,Tulugaarjuk,Spirit,Spirit of the Ice and Winter,Arctic Regions,Male,Cold and Serene,"Ice, Winter",Icicles,"Blue, White","Resilience, Adaptation",,,,,Spirits of winter and ice
Polynesian,Tūmatauenga,God,God of war and human activity,Earth,Male,Warrior and Protector,"War, human endeavors",Weapons,Red,"Valor, discipline",,Papatūānuku,Rangi,,Various war-related beings
Polynesian,Tūmatauenga,God,God of war and human activities,Land,Male,Fierce and Warrior-like,"War, human activities",Weapons,Red,"Courage, self-discipline",,Papatūānuku,Rangi,,Various war-related beings
Tupinambá,Tupá,God,Creator God and Giver of Life,Tupinambá Region,Male,Life-Giving Creator,"Creation, Life, Natural Order",Celestial Symbols,Various,"Harmony with Nature, Creation",,,,,
Guaraní,Tupã,God,Supreme God and Thunder Deity,Guaraní Region,Male,Thunderous Creator,"Thunder, Lightning, Storms, Rain","Thunderbolt, Storm Clouds","Blue, White","Power of Nature, Authority",,Angatupyry,Karai,,Kerana (possible)
Tupinambá,Tupã,God,Supreme God and Thunder Deity,Tupinambá Region,Male,Thunderous Creator,"Thunder, Lightning, Storms, Rain","Thunderbolt, Storm Clouds","Blue, White","Power of Nature, Authority",,,,,
Etruscan,Turan,God,Goddess of love and vitality,,Female,Loving and Vital,"Love, vitality","Dove, lyre","Red, white","Love, vitality",,Uni,Tinia,,"Many, including Hercle"
Etruscan,Turms,God,Messenger God,Etruria,Male,Swift and Messenger-like,"Communication, messages",Caduceus,White,"Communication, swiftness",,Uni,Tinia,,
Greek,Tyche,God,Goddess of Luck and Fortune,Mount Olympus,Female,Whimsical and Capricious,"Luck, fortune",Wheel of fortune,Gold,"Luck, fortune, chance",,,,,
Norse,Tyr,God,God of Law and Heroic Glory,Asgard,Male,Just and Courageous,"Law, Heroism","Sword, Scales",Red,"Justice, Heroism",,,Odin,,
Hittite,Ubelluris,God,God of grain and agriculture,Earth,Male,Fertile and Abundant,"Grain, agriculture","Sheaf of wheat, plough","Green, brown","Fertility, abundance",,,,,"Many, including Kumarbi"
Mongolian,Udgan Eej,God,Goddess of Destiny and Fertility,Earth,Female,Protective and Nurturing,"Destiny, Fertility","Spindle, Loom",Green,"Fertility, Destiny",,Earth,Gazar Eej,,
Sami,Uksáhkká,God,Goddess of Plants and Vegetation,Sami Lands,Female,Blooming and Abundant,"Plants, Vegetation","Flowers, Plants",Green,"Growth, Abundance",,,,,"Many, including plant spirits"
Siberian,Ulgan,God,"Sky God, Ruler of the Upper World",Siberia,Male,Majestic and Far-sighted,"Sky, Upper World","Celestial Dome, Eagle","Blue, White","Majesty, Foresight",,,,,"Many, including Num-Torum"
Siberian,Ulgen,God,Supreme Deity,Siberian Regions,Male,Deity,"Creation, Protection","Sky, Heaven",Blue,"Creation, Wisdom",,,,,
Turkish,Ülgen,God,Supreme God,Turkish regions,Male,Wise and Beneficent,"Wisdom, Justice","Sun, Sky, Wisdom",Gold,"Wisdom, Justice",,,,,
Norse,Ullr,God,God of Archery and Skiing,Asgard,Male,Skilled in Archery and Skiing,"Archery, Skiing","Bow, Ski","White, Gold","Archery, Skiing",,Sif,,,
Siberian,Umai,God,Goddess of Home and Hearth,Siberia,Female,Homely and Protective,"Home, Hearth","Hearth, Cornucopia",Red,"Home, Hearth",,Num-Torum,Num-Torum,,"Many, including Yar Umai"
Turkish,Umai,God,Mother Goddess,Turkic Regions,Female,Goddess,"Motherhood, Fertility","Grain, Flowers",Green,"Motherhood, Fertility",,,,,
Zulu,Umkhulu,Spirit,Ancestor Spirit,Zulu Regions,Other,Spirit,Ancestry,Ancestor Symbols,,Ancestry,,,,,
Cherokee,Unetlanvhi,God,"Creator, Great Spirit",Cherokee Nation,Other, divine spirit with no human form,Creation,"Sun, Moon",,"Creator, Great Spirit",,,,,
Etruscan,Uni,God,Goddess of Fertility,Earth,Female,Fertile and Nurturing,"Fertility, abundance","Grain, pregnant woman","Green, brown","Fertility, abundance",,,,,"Many, including Hercle"
Lakota,Unk,Spirit,Earth Spirit,Lakota Nation,Female,Spirit,"Earth, progenitor of all evil things",Earth,,Earth Spirit,Married,,,Iya ,Gnaski 
Zulu,Unkulunkulu,God,Creator of humanity,,Male,Supreme Deity,"Creation, life","Sun, moon",Gold,"Creation, life",,,,,
Egyptian,Unut,God,Lioness Goddess,Egypt,Female,Goddess,Hunting,Lioness,,Hunting,,,,,
Zulu,Unyalome,Spirit,Nature Spirit,Zulu Regions,Other,Spirit,"Nature, Wilderness","Forest, Animals",,"Nature, Wilderness",,,,,
Ainu,Urespa Kamuy,God,Mountain,Ainu,Female,Deity,Mountain," inau, sacred carved wands",,Mountain,,,,,
Jewish,Uriel,Spirit,Archangel of Wisdom,Heaven,Male,Bringer of Divine Wisdom,"Wisdom, Illumination, Guidance","Book, Flame",Gold,"Knowledge, Insight",,,,,
Apache,Usen,God,Creator,Apache Territories,Other,Deity,Creation,Sun,,Creator,,,,,
Etruscan,Usil,God,God of the Sun,Etruria,Male,Radiant and Life-Giving,Sun,Sun disc,Gold,"Light, life",,Uni,Tinia,,
Sumerian,Utu,God,God of the Sun,Sumer,Male,"Sun God, Justice","Sun, Justice",Sun Disk,Gold,"Justice, Light, Leadership",,Ningal,Enlil,,
Sumerian,Utu (Shamash),God,God of the sun and justice,-,Male,Deity,"Sun, justice","Sun, Scales",-,"Justice, Order",-,Nanna (Sin),Enlil,-,Various deities
Armenian,Vahagn,God,God of Thunder and War,Armenian Regions,Male,God,"Thunder, War","Dragon, Spear",Red,"Thunder, War",,,,,
Finnish,Väinämöinen,Human,"Shaman, Hero",Finland,Male,Hero,"Music, Magic, Wisdom",Kantele (Harp),Blue,Wisdom,,Ilmatar,Ilmarinen,,
Buddhist,Vajrapani,God,Bodhisattva of Power,Cosmic,Male,Powerful Protector,"Power, Courage","Thunderbolt, Vajra",Blue,"Power, Courage",,,,,
Buddhist,Vajrasattva,God,"Purification Deity, Bodhisattva",Cosmic,Male,Purification Being,"Purification, Cleansing","Vajra, Bell",White,"Purification, Purity",,,,,
Norse,Valkyries,Spirit,Choosers of the Slain,Norse Regions,Female,Spirits,"Battle, Death, Psychopomp",Winged Helmets,,"Battle, Death",,,,,
Zoroastrian,Vanant (Vanand),God,God associated with the hunt,-,Male,Deity,Hunt,-,-,Hunt,-,-,-,-,Various deities
Etruscan,Vanth,God,"Winged Goddess of Death, Chthonic Deity",Etruria,Female,Mysterious and Merciful,"Death, fate",Wings,Black,"Transition, mercy, fate",,,,,
Zoroastrian,Vayu (Vata),God,God of the wind,-,Male,Deity,"Wind, atmosphere",-,-,"Wind, atmosphere",-,-,-,-,Various deities
Croatian,Velebit,God,God of Mountains and Wilderness,Croatia,Male,Wilderness and Solitude,"Mountains, wilderness",Mountain Peaks,Brown,"Wilderness, strength",,,,,
Slavic,Veles,God,"God of Cattle, Commerce, and Trickery",,Male,Cunning and Resourceful,"Cattle, commerce, trickery","Cattle, commerce symbols","Black, green","Cunning, resourcefulness",,Slavic,Slavic,,
Roman,Venus,God,Goddess of love,Mount Olympus,Female,"Goddess of love and beauty,",Love and beauty,"Rose, mirror","Rose, white","Love, beauty, passion,",Married,Dione,Jupiter,"Mars, Adonis","Cupid, Aeneas,"
Zoroastrian,Verethragna (Bahram),God,God of victory,-,Male,Deity,"Victory, justice, triumph of good over evil",-,-,"Victory, justice, triumph of good/evil",-,-,-,-,Various deities
Croatian,Vesna,God,Goddess of Spring and Youth,Croatia,Female,Playful and Youthful,"Spring, youth",Flowers,Pastel Colors,"Youth, vitality",,,,,
Roman,Vesta,God,Goddess of the Hearth,Rome,Female,Stable and Home-oriented,"Hearth, home",Hearth Flame,Red,"Home, stability",,Saturn,Ops,,
Norse,Vidar,God,God of Vengeance and Silence,Asgard,Male,Silent and Vengeful,"Vengeance, Silence","Shoe, Silence",Brown,"Vengeance, Silence",,Grid,Odin,,
Ligurian,Vinotonus,God,God of Vineyards and Wine,Liguria,Male,Festive and Abundant,"Vineyards, wine",Grapes,Purple,"Vineyards, wine, celebration",,,,,
Mixtec,Viqui,God,Rain God,Mixtec Regions,Male,God,"Rain, Thunderstorms","Lightning, Rain",Blue,"Rain, Thunderstorms",,,,,
Inca,Viracocha,God,God of agriculture,Koricancha (Golden Temple),Male,Sun and creation,Sun and creation,"Sun disk, staff,","Red, gold","Sun, creation,",Married,Viracocha,Viracocha,"Many, including Xipe Totec","Many, including Xochiquetzal"
Christian,Virgin Mary,Human,Mother of Jesus,Earth,Female,Divine Mother,"Motherhood, Humility","Roses, Lilies",Blue,"Love, Compassion",,Anne,Joachim,,Jesus Christ
Spanish,Viriato,Human,Warrior Chief of the Lusitanians,Iberian Peninsula,Male,Brave and Defiant,"Independence, Resistance","Sword, Shield","Red, Gold","Independence, Leadership",,,,,
Hindu,Vishnu,God,Preserver god,Cosmic realm,Male,Preserving and protective,Preserving life,"Conch shell, lotus","Gold, red, white,","Preservation, protection",Married,"Lakshmi,",Brahma,"Many, including Radha","Many, including Apsaras"
Hindu,Vishnu,God,"Preserver of the universe, associated with harmony",India,Male,Deity,"Preserving the universe, Harmony","Conch shell, Lotus flower",Blue,"Preservation, Harmony",-,Aditi,Kashyapa,Lakshmi,Various avatars
Persian,Vohu,Spirit,Divine Good Mind,Persian,Male,Divine Mind,"Good Thoughts, Harmony",,,"Good Thoughts, Harmony",,,Ahura Mazda,,
Etruscan,Voltumna,God,God of Boundaries,Sky,Male,Guardian and Protective,"Boundaries, protection","Key, boundaries symbols","Gold, blue","Protection, order",,,,,
Spanish,Volturnus,God,God of the River Ebro,Celtiberia,Male,Mighty and Abundant,"River, Abundance","River, Cornucopia","Blue, Green","River, Abundance",,,,,
Roman,Vulcan,God,God of Fire and Smithing,Rome,Male,Skilled and Crafty,"Fire, blacksmithing",Hammer and Anvil,Red,"Craftsmanship, fire",Married,Jupiter,Juno,Venus,"Cupid, Mars, Harmonia"
Arab,Wadd,God,God of Love,South Arabia,Male,Loving and Affectionate,"Love, Compassion",Heart Symbol,Pink,"Love, Compassion",,,,,
Egyptian,Wadjet,God,Cobra Goddess,Egypt,Female,Goddess,"Protection, Royalty",Cobra,Green,Protection,,Nut,Geb,,
Egyptian,Wadjet (Uraeus),God,Cobra Goddess of Protection,Egypt,Female,Protective and Swift,"Protection, royalty",Cobra,Red and Gold,"Protection, royalty",,,,,
Lakota,Wakan Tanka,Spirit,"Great Spirit, Great Mystery",Lakota Nation,Male,Spirit,"Creation, Spirituality",All-encompassing,,"Harmony, Unity",,,,,
Ainu,Wakka-us Kamuy,God,Goddess of fresh water,Ainu,Female,"sympathetic to humanity, petitioned to intercede with other kamuy ","Skilled dancer and singer, fresh water",,,Goddess of fresh water,,,,,
Xavante,Wapté,God,God of the Waters and Aquatic Life,Xavante Territory,Male,Aquatic Deity,"Rivers, Waters, Aquatic Life",Water Symbols,Blue,"River Protection, Aquatic Harmony",,,,,
Aboriginal,Waugal,Anthropomorphism,"Serpent creator being, associated with water",Waterways,Other,Creative and Protective,"Creation, guardianship",Serpent,Various,"Creation, guardianship",,,,,Various water creatures
Lakota,Waziya,Spirit,Winter Spirit,Lakota Nation,Other,Spirit,"Winter, Cold",Snowflake,,"Winter, Cold",,,,,
Ojibwe,Wenabozho,Human,Culture Hero and Guardian of Animals,Ojibwe Nation,Male,Culture Hero,"Animals, Wilderness, Protection","Animal Symbols, Natural Icons",Various,"Harmony with Nature, Animal Protection",,Sky Woman,,,Various (Animal Companions)
Polynesian,Whaitiri,God,Goddess of thunder and storms,Sky,Female,Thunderous and Commanding,"Thunder, storms",Thunder clouds,Gray,"Power, respect for nature",,,,,Various storm-related beings
Polynesian,Whakarongo,God,God of echoes and reverberations,"Mountains, Caves",Male,Echoing and Resonant,"Echoes, reverberations",Sound waves,Various,Appreciation of sound,,,,,Various sound-related beings
Maori,Whiro,God,God of darkness and evil,Underworld,Male,Malevolent and Cunning,"Darkness, mischief",Dark symbols,Black,"Chaos, darkness, mischief",,Papatuanuku,Ranginui,,Monsters and evil spirits
Polynesian,Whiro,God,"God of darkness, death, and the underworld",Underworld,Male,Mysterious and Enigmatic,"Darkness, death",Shadows,Black,Understanding mortality,,Papatūānuku,Rangi,,Various underworld beings
Mongolian,White Old Man,God,God of Wisdom and Prophecy,Celestial Realm,Male,Wise and Enlightened,"Wisdom, Prophecy","White Beard, Staff",White,"Wisdom, Prophecy",,Eternal Blue,,,
Lakota Sioux,Wi,Spirit,Moon Spirit and Protector of the Night,Lakota Territory,Female,Lunar Deity,"Moon, Night, Fertility","Crescent Moon, Night Symbols",Silver,"Fertility, Femininity",,,,,
Lakota Sioux,Wíyute,Spirit,Sun Spirit and Giver of Life,Lakota Territory,Male,Solar Deity,"Sun, Light, Life","Sun Disk, Radiant Symbols","Yellow, Red","Life, Light",,,,,
Hittite,Wurusemu,God,Goddess of Healing,Hittite Regions,Female,Goddess,Healing,"Serpent, Healing Rod",,Healing,,,,,
Aztec,Xalmatquetzalli,God,Harvest,Mexico,Female,Deity,Harvest,,,Harvest,,,,,
Nez Perce,Xexes,Spirit,Spirit,Nez Perce Region,Other,Spirit,Nature,,,Spirit,,,,,
Aztec,Xicotencatl,God,War,Mexico,Male,Deity,War,,,War,,,,,
Laotian,Xieng Mieng,God,"Creator God, Shaped the Earth and Life",Universe,Male,Creative and Wise,"Creation, Life","Earth, Life",Green,"Creation, Wisdom",,,,,
Mixtec,Xi'ipe Totec,God,Fire God,Mixtec Regions,Male,God,"Fire, Volcanoes","Volcano, Fire",Red,"Fire, Volcanoes",,,,,
Aztec,Xilonen,God,Young Corn,Mexico,Female,Deity,Corn,,,Young Corn,,,,,
Aztec,Xipe Totec,God,Feathered serpent god,Templo Mayor (Great Temple),Male,Feathered serpent,"Creation and destruction,","Sun disk, staff","Gold, green","Creation, destruction",Married,Chimalma,Coatlicue,Tezcatlipoca,"Many, including Manco Capac, Mama Ocllo"
Aztec,Xiuhcoatl,Anthropomorphism,"spirit form of Xiuhtecuhtli, the Aztec fire deity",Mexico,Male,mythological serpent,"Fire, weapon of the sun",Atlatl ,Turquoise,"spirit form of Xiuhtecuhtli, the Aztec fire deity",,,,,
Aztec,Xiuhtecuhtli,God,"God of fire, day and heat",Mexico,Male,Deity,"Fire, volcanoes, life after death, warmth in cold, , light in darkness and food during famine",Fire,Turquoise ,"God of fire, day and heat",Married,,,"Chalchiuhtlicue, Chāntico","Xiuhxoxoauhqui (blue fire), Xiuhcozauhqui (yellow fire), Xiuhiztac (white fire) and Xiuhtlatlauhqui (red fire)"
Chinese,Xiwangmu,God,Queen Mother of the West,Kunlun Mountain,Female,Compassionate and Wise,"Immortality, Nourishment","Peaches, Phoenix",Multicolored,"Wisdom, Longevity, Nourishment",,,,,
Aztec,Xochipilli,God,Love,Mexico,Male,Deity,Love,,,Love,,,,,
Nahuatl,Xochiquetzal,Human,Smoking Mirror,Aztlán,Female,Rain and fertility,Rain and fertility,"Smoking mirror, obsidian knife,","Gold, green","Rain, fertility",Married,"Xochiquetzal,","Tezcatlipoca,","Many, including Xochiquetzal,","Many, including Xochiquetzal,"
Toltec,Xochiquetzal,God,"Goddess of Love, Beauty, and Fertility",Mesoamerica,Female,Goddess of Beauty,"Love, Beauty, Fertility","Flower Garland, Quetzal",Various,"Love, Beauty, Fertility",,,,,
Aztec,Xochitl,God,Flower,Mexico,Female,Deity,Flower,,,Flower,,,,,
Aztec,Xochiyotl,God,Flower,Mexico,Female,Deity,Flower,,,Flower,,,,,
Aztec,Xocotl,God,God of the planet Venus and of fire,Mexico,Male,Deity,Fruit,,,God of the planet Venus and of fire,,,,,
Totonac,Xolotl,God,God of Lightning and Death,Mesoamerica,Male,Twin of Quetzalcoatl,"Lightning, Death, Twinhood","Dog Head, Lightning Bolt",Red,"Lightning, Death",,,,,
Toltec,Xolotl,God,"God of Twins, Misfortune, and Lightning",Mesoamerica,Male,Twin of Quetzalcoatl,"Twins, Misfortune, Lightning","Dog Head, Lightning Bolt",Red,"Twins, Misfortune",,,,,
Mixtec,Xonaxi Quecuya,God,Moon Goddess,Mixtec Regions,Female,Goddess,"Moon, Fertility","Rabbit, Corn",White,"Moon, Fertility",,,,,
Aztec,Xoxouhqui,God,Sun,Mexico,Male,Deity,Sun,,Green,Sun,,,,,
Maya,Xquic,Human,Maiden and Mother of Hero Twins,Mesoamerica,Female,Fertile and Resilient,"Motherhood, Heroic Birth",Twin Babies,,"Motherhood, Heroism",Married,Xmucane (Mother),Xpiyacoc (Father),Hunahpu (Lover),Hero Twins
Chinese,Xuan Wu,God,God of the North and Water,North,Male,Tranquil and Wise,"Water, Martial Arts","Black Tortoise, Sword",Black,"Wisdom, Protection",,Xuan Wu's Father,Xuan Wu's Mother,,
Nenets,Yadyu,God,God of Wisdom and Knowledge,Nenets Region,Male,Wise and Enlightened,"Wisdom, Knowledge","Scroll, Owl","Brown, Grey","Wisdom, Learning",,,,,"Many, including knowledge spirits"
Nenets,Yag-Syrdal,God,Goddess of Poetry and Language,Nenets Region,Female,Expressive and Artistic,"Poetry, Language","Quill, Book","Blue, Gold","Artistic Expression, Communication",,,,,"Many, including muse spirits"
Jewish,Yahu (Yahweh),God,Later identified as God of Israel,-,Male,Deity,-,-,-,Later identified as God of Israel,-,-,-,-,-
Jewish,Yahweh,God,Supreme Deity,Heaven,Male,Omnipotent and Just,"Creation, Justice, Covenant",Divine Light,White,"Justice, Morality",,,,,
Nenets,Yalga,God,Goddess of the Sea and Water,Nenets Region,Female,Fluid and Adaptive,"Sea, Water","Waves, Fish",Blue,"Adaptability, Flow",,,,,"Many, including water spirits"
Nenets,Yalot,God,Goddess of the Forest and Wilderness,Nenets Region,Female,Wild and Protective,"Forest, Wilderness","Trees, Animals","Green, Brown","Wilderness, Protection",,,,,"Many, including forest spirits"
Ugaritic,Yam,God,God of the Sea,Ugaritic Regions,Male,God,"Sea, Chaos","Sea, Serpent",Blue,"Sea, Chaos",,,,,
Canaanite,Yam (Lotan),God,God of the sea,Sea,Male,Deity,Sea,Sea waves,Blue,God of the sea,-,"El, Asherah",-,-,Various deities
Buddhist,Yama,God,Lord of Death,Underworld,Male,Judge of the Dead,"Death, Karma","Buffalo, Staff",Blue/Black,"Justice, Death",,,,,
Hindu,Yama,God,God of Death,Hindu Regions,Male,God,"Death, Justice, Psychopomp","Buffalo, Staff",Black,"Death, Justice",,,,,
Chinese,Yanluo Wang,God,"King of Hell, Judge of the Dead",Underworld,Male,Stern and Judicious,"Judgment, Afterlife",Judgment Staff,Black,"Justice, Afterlife",,,,,
Siberian,Yar Umai,God,Goddess of Fertility and Childbirth,Siberia,Female,Nurturing and Protective,"Fertility, Childbirth","Birch Tree, Flower","Green, White","Fertility, Protection",,Num-Torum,Num-Torum,,"Many, including Umai's children"
Nenets,Yarak,God,Goddess of Love and Fertility,Nenets Region,Female,Loving and Fertile,"Love, Fertility","Heart, Grain","Red, Green","Love, Fertility",,,,,"Many, including fertility spirits"
Nenets,Yargyn,God,Goddess of Harvest and Abundance,Nenets Region,Female,Abundant and Nurturing,"Harvest, Abundance","Wheat, Cornucopia","Yellow, Green","Prosperity, Bounty",,,,,"Many, including harvest spirits"
Canaanite,Yarikh,God,Moon god,-,Male,Deity,Moon,Crescent moon,-,Moon god,-,-,-,-,-
Nenets,Yar-Pyak,God,God of Wind and Air,Nenets Region,Male,Gentle and Free-spirited,"Wind, Air","Wind, Feathers","White, Blue","Freedom, Movement",,,,,"Many, including air spirits"
Nez Perce,Yayilatpu,Spirit,Spirit,Nez Perce Region,Other,Spirit,Nature,,,Spirit,,,,,
Cambodian,Yeay Mao,God,"Mother Earth, Protector of Children",Earth,Female,Protective and Nurturing,"Children, Nature","Earth, Children",Brown,"Children, Nature",,,,,
Navajo,Yei Nopal Toh,Spirit,Spirit,Navajo Nation,Other,Spirit,"Nature, Healing",Sand Painting,,"Nature, Healing",,,,,
Caribbean,Yemaya,God,Goddess of the Sea and Motherhood,"Cuba, Brazil, Nigeria",Female,Motherly Protector,"Sea, Motherhood, Fertility","Ocean, Moon, Fish","Blue, White","Motherhood, Fertility",Married,,,Olokun (possible),Orishas (various)
Yoruba,Yemaya,God,Goddess of the Ogun River,Yoruba lands,Female,Motherly,"Motherhood, Fertility","Moon, Water",Blue,"Motherhood, Fertility",Married,,Olorun,Ogun,Orunmila
Sao,Yemoja,God,"Goddess of motherhood, fertility, and rivers",Rivers,Female,Nurturing and Fertile,"Motherhood, fertility, rivers",Crescent moon,Blue,"Motherhood, fertility, protection",,Olodumare,,,Various motherhood and river deities
Yoruba,Yewa,Spirit,Orisha,Yoruba Region,Female,Orisha,"Beauty, Dance","Fan, Mirror",Pink,"Beauty, Dance",,,,,
Aboriginal,Yhi,God,"Sun goddess, associated with creation",Sky,Female,Creative and Life-Giving,"Creation, life",Sun,Yellow,"Creation, life",,,,,Various life-related beings
Nenets,Yir-Chas,God,God of the Northern Lights,Nenets Region,Male,Dazzling and Enchanting,Northern Lights,Aurora Borealis,"Green, Purple","Magic, Enchantment",,,,,"Many, including light spirits"
Norse,Ymir,Anthropomorphism,Primordial being and progenitor of giants,Ginnungagap,Other,Cosmic Ancestor,"Creation, Chaos, Origin",Primordial Frost Giant,,"Primordial Chaos, Creation, Existence",,,,,Various Giants
Nenets,Yolgei,God,Goddess of Healing and Well-being,Nenets Region,Female,Compassionate and Nurturing,"Healing, Well-being","Healing Herbs, Hands","Green, White","Compassion, Health",,,,,"Many, including healing spirits"
Nenets,Yolust,God,Goddess of the Sun and Warmth,Nenets Region,Female,Radiant and Comforting,"Sun, Warmth","Sun, Blanket","Gold, Yellow","Comfort, Nurturing",,,,,"Many, including warmth spirits"
Sara,Yondo,Spirit,Ancestor spirit and protector,Sara homeland,Other,Protective and Guiding,Ancestral guidance,Ancestral,Varied,Ancestral connection,,,,,
Chinese,Yu Huang Shang Di,God,"Supreme Deity, Ruler of Heaven",Heaven,Male,Wise and Benevolent,"Creation, Rulership","Dragon, Imperial Throne",Gold,"Wisdom, Justice, Rulership",,,,,
Chinese,Yu Shi,God,"Jade Maiden, Guardian of the Jade Emperor",Heaven,Female,Loyal and Faithful,"Guardian, Loyal Service",Jade Rabbit,White,"Loyalty, Guardianship",,,,,
Nenets,Yugryla,God,God of the Mountains and Rocks,Nenets Region,Male,Solid and Majestic,"Mountains, Rocks","Mountain Peaks, Stones","Grey, Brown","Strength, Stability",,,,,"Many, including rock spirits"
Nenets,Yylgyt-Yn' Nyan',God,Goddess of the Moon and Night,Nenets Region,Female,Mysterious and Protective,"Moon, Night","Moon, Owl",Silver,"Mystery, Protection",,,Num,,"Many, including stars and spirits"
Persian,Zam,God,God of the Earth and Harvest,Persia,Male,Fertile and Abundant,"Earth, Harvest",Plowed Field,Brown,"Fertility, Harvest",,,,,
Zoroastrian,Zam,God,Goddess of the earth,-,Female,Deity,Earth,-,-,Earth,-,-,-,-,Various deities
Sara,Zambiri,Spirit,"Leopard spirit, embodiment of stealth",Sara homeland,Female,Stealthy and Cunning,"Stealth, agility",Leopard,Spotted,"Cunning, agility",,,,,
Albanian,Zana,Anthropomorphism,Fairy-like beings,Albania,Female,Benevolent and Enchanting,"Nature, Forest, Protection","Flowers, Forest",Green,"Nature, Harmony",,,,,
Mongolian,Zanabazar,God,"God of Wisdom, Art, and Culture",Earth,Male,Wise and Creative,"Wisdom, Arts, Culture","Buddhist Symbols, Brush",Yellow,"Wisdom, Cultural Enrichment",,Gazar Eej,White Old Man,,
Chinese,Zao Jun,God,"Kitchen God, Guardian of the Household",Household,Male,Guardian of the Kitchen,"Household, Hearth","Stove, Kitchen Tools",Red,"Household Harmony, Blessings",,,,,
Zoroastrian,Zarathustra,Human,Founder of Zoroastrianism,Persia,Male,"Visionary, Lawgiver, Historical/Prophet","Zoroastrianism, philosophy",Faravahar,,"Truth, Good vs Evil, Wisdom, Philosophy",,Dughdova,Pourushaspa,,
Greek,Zeus,God,Sky god,Olympus,Male,Mighty ruler,Ruling,Thunderbolt,"Sky blue, white, gold","Leadership, justice",Married,Rhea,Cronus,"Many, including Hera","Ares, Hephaestus, Athena, Ap ollo, Artemis, Hermes, Dionysus, Persephone, Heracles, Helen of Troy"
Chinese,Zhong Kui,God,God of exorcism and protection,,Male,Fearless and Protective,"Exorcism, protection","Sword, scroll","Red, black","Protection, bravery",,,,,
Chinese,Zhu Rong,God,God of Fire and South,"Heaven, Fire",Male,Passionate and Fiery,"Fire, South","Fire, Spear",Red,"Passion, Fire",,,,,
Chinese,Zhurong,God,God of Fire and South,Fire,Male,Heroic and Fire-Wielding,"Fire, Heroism","Fire, Spear",Red,"Heroism, Fire",,,,,
Luba,Zinjamba,God,Rain God,Luba Kingdom,Male,God,"Rain, Agriculture","Rain, Corn",Blue,"Rain, Agriculture",,,,,
Lakota,Zintkala Nuni,Spirit,Bird Spirit,Lakota Nation,Other,Spirit,"Nature, Protector",Bird Symbols,,"Nature, Protector",,,,,
Slavic,Zirnitra,God,Dragon Deity,Slavic Regions,Other,Deity,"Water, Fertility",Dragon,,Fertility,,,,,
Hittite,Zitharwa,God,Goddess of Beer,Hittite Regions,Female,Goddess,"Beer, Fertility",Beer Jug,,"Beer, Fertility",,,,,
Lakota,Zizilia,Spirit,Deer Spirit,Lakota Nation,Other,Spirit,"Nature, Grace",Deer Symbols,,"Nature, Grace",,,,,
Chinese,Zong Kui,God,"Ghost King, Protector Against Evil Spirits",Underworld,Male,Fearless and Guardian,"Protection, Banishing Evil Spirits","Sword, Armor",Black,"Fearlessness, Protection",,Zong's Mother,Zong's Father,,
Slavic,Zorya,God,Triple goddesses of the dawn and night,Sky,Female,Watchful and Protective,"Day, night, protection","Morning star, evening star","Blue, white","Protection, balance",,Dazhbog,Simargl,,
,,,,,,,,,,,,,,,
,,,,,,,,,,,,,,,
,,,,,,,,,,,,,,,
